timestamp,uptime_s,channel,operation,pt_bytes,enc_bytes,overhead_bytes,elapsed_ms,fl_round
17:09:24.026,171.5,RPi->PC,decrypt,3655,4974,1319,16.972,0
17:09:58.849,206.3,RPi->PC,decrypt,3633,4942,1309,21.038,0
17:09:58.865,206.3,PC->RPi,encrypt,3539,4802,1263,13.867,1
17:10:36.799,244.3,RPi->PC,decrypt,3643,4958,1315,27.185,1
17:11:48.720,316.2,RPi->PC,decrypt,3634,4946,1312,19.064,1
17:11:48.743,316.2,PC->RPi,encrypt,3538,4802,1264,20.63,2
17:12:41.754,369.2,RPi->PC,decrypt,3629,4938,1309,10.742,2
17:13:01.377,388.9,RPi->PC,decrypt,3636,4946,1310,20.595,2
17:13:01.399,388.9,PC->RPi,encrypt,3534,4794,1260,20.681,3
17:14:20.901,468.4,RPi->PC,decrypt,3643,4958,1315,34.297,3
17:15:19.380,526.9,RPi->PC,decrypt,3646,4962,1316,33.965,3
17:15:19.407,526.9,PC->RPi,encrypt,3536,4798,1262,24.298,4
17:15:57.598,565.1,RPi->PC,decrypt,3650,4966,1316,18.625,4
17:17:27.924,655.4,RPi->PC,decrypt,3631,4942,1311,31.439,4
17:17:27.946,655.4,PC->RPi,encrypt,3532,4794,1262,19.786,5
17:18:05.941,693.4,RPi->PC,decrypt,3648,4962,1314,22.544,5
17:18:47.606,735.1,RPi->PC,decrypt,3628,4938,1310,27.039,5
17:18:47.620,735.1,PC->RPi,encrypt,3520,4778,1258,12.413,6
17:20:25.315,832.8,RPi->PC,decrypt,3635,4946,1311,88.994,6
17:20:45.651,853.1,RPi->PC,decrypt,3629,4938,1309,13.034,6
17:20:45.664,853.1,PC->RPi,encrypt,3532,4794,1262,11.67,7
17:21:58.562,926.0,RPi->PC,decrypt,3646,4962,1316,15.461,7
17:23:03.558,991.0,RPi->PC,decrypt,3638,4950,1312,23.8,7
17:23:03.591,991.1,PC->RPi,encrypt,3524,4782,1258,31.123,8
17:23:31.612,1019.1,RPi->PC,decrypt,3636,4946,1310,19.768,8
17:24:31.759,1079.2,RPi->PC,decrypt,3641,4954,1313,11.054,8
17:24:31.785,1079.3,PC->RPi,encrypt,3529,4790,1261,24.725,9
17:25:51.219,1158.7,RPi->PC,decrypt,3639,4950,1311,15.45,9
17:26:09.819,1177.3,RPi->PC,decrypt,3637,4950,1313,18.147,9
17:26:09.834,1177.3,PC->RPi,encrypt,3542,4806,1264,14.24,10
17:27:17.967,1245.4,RPi->PC,decrypt,3646,4962,1316,26.761,10
17:28:48.008,1335.5,RPi->PC,decrypt,3635,4946,1311,19.314,10
17:28:48.044,1335.5,PC->RPi,encrypt,3518,4774,1256,33.499,11
17:28:48.308,1335.8,RPi->PC,decrypt,3621,4926,1305,16.013,11
17:30:06.259,1413.7,RPi->PC,decrypt,3633,4942,1309,33.447,11
17:30:06.295,1413.8,PC->RPi,encrypt,3536,4798,1262,32.437,12
17:31:34.289,1501.8,RPi->PC,decrypt,3623,4930,1307,17.079,12
17:31:39.113,1506.6,RPi->PC,decrypt,3641,4954,1313,17.448,12
17:31:39.144,1506.6,PC->RPi,encrypt,3550,4818,1268,29.422,13
17:33:09.291,1596.8,RPi->PC,decrypt,3638,4950,1312,19.4,13
17:34:12.114,1659.6,RPi->PC,decrypt,3647,4962,1315,15.62,13
17:34:12.129,1659.6,PC->RPi,encrypt,3542,4806,1264,13.081,14
17:34:36.346,1683.8,RPi->PC,decrypt,3637,4950,1313,11.922,14
17:36:00.398,1767.9,RPi->PC,decrypt,3645,4958,1313,24.887,14
17:36:00.420,1767.9,PC->RPi,encrypt,3536,4798,1262,19.54,15
17:36:58.425,1825.9,RPi->PC,decrypt,3618,4922,1304,17.373,15
17:37:33.532,1861.0,RPi->PC,decrypt,3653,4970,1317,10.45,15
17:37:33.545,1861.0,PC->RPi,encrypt,3537,4798,1261,12.107,16
17:39:00.332,1947.8,RPi->PC,decrypt,3647,4962,1315,10.026,16
17:39:36.599,1984.1,RPi->PC,decrypt,3636,4946,1310,21.866,16
17:39:36.629,1984.1,PC->RPi,encrypt,3552,4818,1266,28.497,17
17:40:28.860,2036.3,RPi->PC,decrypt,3649,4966,1317,10.174,17
17:41:49.448,2116.9,RPi->PC,decrypt,3646,4962,1316,19.339,17
17:41:49.465,2116.9,PC->RPi,encrypt,3540,4802,1262,15.458,18
17:42:22.553,2150.0,RPi->PC,decrypt,3631,4942,1311,10.463,18
17:43:12.887,2200.4,RPi->PC,decrypt,3646,4962,1316,20.288,18
17:43:12.899,2200.4,PC->RPi,encrypt,3532,4794,1262,10.892,19
17:44:29.486,2277.0,RPi->PC,decrypt,3646,4962,1316,13.876,19
17:45:00.985,2308.5,RPi->PC,decrypt,3629,4938,1309,17.492,19
17:45:01.004,2308.5,PC->RPi,encrypt,3548,4814,1266,16.477,20
17:46:05.109,2372.6,RPi->PC,decrypt,3638,4950,1312,9.788,20
17:47:39.151,2466.6,RPi->PC,decrypt,3630,4938,1308,10.017,20
17:47:39.183,2466.7,PC->RPi,encrypt,3542,4806,1264,14.492,21
17:47:39.379,2466.9,RPi->PC,decrypt,3652,4970,1318,11.45,21
17:49:15.077,2562.6,RPi->PC,decrypt,3665,4986,1321,22.102,21
17:49:15.100,2562.6,PC->RPi,encrypt,3552,4818,1266,20.657,22
17:50:28.435,2635.9,RPi->PC,decrypt,3628,4938,1310,29.3,22
17:50:37.936,2645.4,RPi->PC,decrypt,3655,4974,1319,22.266,22
17:50:37.948,2645.4,PC->RPi,encrypt,3558,4826,1268,10.386,23
17:52:22.327,2749.8,RPi->PC,decrypt,3658,4978,1320,11.038,23
17:53:06.015,2793.5,RPi->PC,decrypt,3636,4946,1310,14.37,23
17:53:06.029,2793.5,PC->RPi,encrypt,3550,4818,1268,10.934,24
17:54:14.181,2861.7,RPi->PC,decrypt,3640,4954,1314,9.785,24
17:55:44.341,2951.8,RPi->PC,decrypt,3636,4946,1310,10.911,24
17:55:44.353,2951.8,PC->RPi,encrypt,3537,4798,1261,10.251,25
17:56:00.224,2967.7,RPi->PC,decrypt,3660,4978,1318,29.233,25
17:57:33.159,3060.6,RPi->PC,decrypt,3651,4966,1315,30.521,25
17:57:33.189,3060.7,PC->RPi,encrypt,3542,4806,1264,27.343,26
17:58:31.591,3119.1,RPi->PC,decrypt,3623,4930,1307,13.512,26
17:59:16.458,3163.9,RPi->PC,decrypt,3655,4974,1319,24.718,26
17:59:16.482,3164.0,PC->RPi,encrypt,3544,4810,1266,21.72,27
18:00:34.265,3241.7,RPi->PC,decrypt,3633,4942,1309,16.15,27
18:00:48.966,3256.4,RPi->PC,decrypt,3657,4974,1317,11.714,27
18:00:48.980,3256.5,PC->RPi,encrypt,3540,4802,1262,12.053,28
18:01:58.625,3326.1,RPi->PC,decrypt,3649,4966,1317,22.676,28
18:02:12.069,3339.5,RPi->PC,decrypt,3657,4974,1317,25.676,28
18:02:12.102,3339.6,PC->RPi,encrypt,3547,4814,1267,30.924,29
18:03:20.290,3407.8,RPi->PC,decrypt,3648,4962,1314,12.543,29
18:03:30.556,3418.0,RPi->PC,decrypt,3643,4958,1315,11.419,29
18:03:30.590,3418.1,PC->RPi,encrypt,3529,4790,1261,16.61,30
18:04:53.251,3500.7,RPi->PC,decrypt,3629,4938,1309,23.949,30
