timestamp,uptime_s,device_name,device_suffix,hostname,run_id,channel,operation,payload_bytes,elapsed_ms,fl_round,client_id,sample_label,sample_label_name
18:55:02.653,0.6,gateway,gateway_A,raspberrypi,CNN-2,ESP32->RPi,deserialize,118,0.067,0,esp32_edge_normal_2,0,normal
18:55:04.412,2.3,gateway,gateway_A,raspberrypi,CNN-2,ESP32->RPi,deserialize,121,0.061,0,esp32_edge_normal_3,0,normal
18:55:04.599,2.5,gateway,gateway_A,raspberrypi,CNN-2,ESP32->RPi,deserialize,117,0.064,0,esp32_edge_normal_1,0,normal
18:55:06.813,4.7,gateway,gateway_A,raspberrypi,CNN-2,ESP32->RPi,deserialize,118,0.058,0,esp32_edge_normal_2,0,normal
18:55:09.415,7.3,gateway,gateway_A,raspberrypi,CNN-2,ESP32->RPi,deserialize,115,0.133,0,esp32_edge_normal_3,0,normal
18:55:09.600,7.5,gateway,gateway_A,raspberrypi,CNN-2,ESP32->RPi,deserialize,114,0.094,0,esp32_edge_normal_1,0,normal
18:55:11.813,9.7,gateway,gateway_A,raspberrypi,CNN-2,ESP32->RPi,deserialize,116,0.221,0,esp32_edge_normal_2,0,normal
18:55:14.414,12.3,gateway,gateway_A,raspberrypi,CNN-2,ESP32->RPi,deserialize,117,0.136,0,esp32_edge_normal_3,0,normal
18:55:14.602,12.5,gateway,gateway_A,raspberrypi,CNN-2,ESP32->RPi,deserialize,107,0.095,0,esp32_edge_normal_1,0,normal
18:55:16.818,14.7,gateway,gateway_A,raspberrypi,CNN-2,ESP32->RPi,deserialize,120,0.135,0,esp32_edge_normal_2,0,normal
18:55:19.508,17.4,gateway,gateway_A,raspberrypi,CNN-2,ESP32->RPi,deserialize,117,0.139,0,esp32_edge_normal_3,0,normal
18:55:19.601,17.5,gateway,gateway_A,raspberrypi,CNN-2,ESP32->RPi,deserialize,117,0.167,0,esp32_edge_normal_1,0,normal
18:55:21.864,19.8,gateway,gateway_A,raspberrypi,CNN-2,ESP32->RPi,deserialize,115,0.136,0,esp32_edge_normal_2,0,normal
18:55:24.415,22.3,gateway,gateway_A,raspberrypi,CNN-2,ESP32->RPi,deserialize,117,0.134,0,esp32_edge_normal_3,0,normal
18:55:24.601,22.5,gateway,gateway_A,raspberrypi,CNN-2,ESP32->RPi,deserialize,115,0.093,0,esp32_edge_normal_1,0,normal
18:55:26.813,24.7,gateway,gateway_A,raspberrypi,CNN-2,ESP32->RPi,deserialize,120,0.062,0,esp32_edge_normal_2,0,normal
18:55:29.420,27.3,gateway,gateway_A,raspberrypi,CNN-2,ESP32->RPi,deserialize,116,0.064,0,esp32_edge_normal_3,0,normal
18:55:29.601,27.5,gateway,gateway_A,raspberrypi,CNN-2,ESP32->RPi,deserialize,120,0.111,0,esp32_edge_normal_1,0,normal
18:55:31.814,29.7,gateway,gateway_A,raspberrypi,CNN-2,ESP32->RPi,deserialize,113,0.131,0,esp32_edge_normal_2,0,normal
18:55:34.461,32.4,gateway,gateway_A,raspberrypi,CNN-2,ESP32->RPi,deserialize,115,0.139,0,esp32_edge_normal_3,0,normal
18:55:34.601,32.5,gateway,gateway_A,raspberrypi,CNN-2,ESP32->RPi,deserialize,121,0.101,0,esp32_edge_normal_1,0,normal
18:55:36.815,34.7,gateway,gateway_A,raspberrypi,CNN-2,ESP32->RPi,deserialize,120,0.135,0,esp32_edge_normal_2,0,normal
18:55:39.417,37.3,gateway,gateway_A,raspberrypi,CNN-2,ESP32->RPi,deserialize,118,0.137,0,esp32_edge_normal_3,0,normal
18:55:39.602,37.5,gateway,gateway_A,raspberrypi,CNN-2,ESP32->RPi,deserialize,113,0.085,0,esp32_edge_normal_1,0,normal
18:55:41.831,39.7,gateway,gateway_A,raspberrypi,CNN-2,ESP32->RPi,deserialize,118,0.13,0,esp32_edge_normal_2,0,normal
18:55:44.496,42.4,gateway,gateway_A,raspberrypi,CNN-2,ESP32->RPi,deserialize,115,0.125,0,esp32_edge_normal_3,0,normal
18:55:44.598,42.5,gateway,gateway_A,raspberrypi,CNN-2,ESP32->RPi,deserialize,116,0.107,0,esp32_edge_normal_1,0,normal
18:55:46.848,44.8,gateway,gateway_A,raspberrypi,CNN-2,ESP32->RPi,deserialize,115,0.131,0,esp32_edge_normal_2,0,normal
18:55:49.413,47.3,gateway,gateway_A,raspberrypi,CNN-2,ESP32->RPi,deserialize,119,0.131,0,esp32_edge_normal_3,0,normal
18:55:49.601,47.5,gateway,gateway_A,raspberrypi,CNN-2,ESP32->RPi,deserialize,117,0.107,0,esp32_edge_normal_1,0,normal
18:55:56.875,54.8,gateway,gateway_A,raspberrypi,CNN-2,RPi->PC,serialize,3686,0.792,0,,,
18:55:56.905,54.8,gateway,gateway_A,raspberrypi,CNN-2,ESP32->RPi,deserialize,112,0.163,0,esp32_edge_normal_2,0,normal
18:55:56.905,54.8,gateway,gateway_A,raspberrypi,CNN-2,ESP32->RPi,deserialize,117,0.051,0,esp32_edge_normal_3,0,normal
18:55:56.906,54.8,gateway,gateway_A,raspberrypi,CNN-2,ESP32->RPi,deserialize,115,0.054,0,esp32_edge_normal_1,0,normal
18:55:56.906,54.8,gateway,gateway_A,raspberrypi,CNN-2,ESP32->RPi,deserialize,120,0.047,0,esp32_edge_normal_2,0,normal
18:55:59.416,57.3,gateway,gateway_A,raspberrypi,CNN-2,ESP32->RPi,deserialize,121,0.064,0,esp32_edge_normal_3,0,normal
18:55:59.602,57.5,gateway,gateway_A,raspberrypi,CNN-2,ESP32->RPi,deserialize,115,0.064,0,esp32_edge_normal_1,0,normal
18:56:01.901,59.8,gateway,gateway_A,raspberrypi,CNN-2,ESP32->RPi,deserialize,118,0.137,0,esp32_edge_normal_2,0,normal
18:56:04.416,62.3,gateway,gateway_A,raspberrypi,CNN-2,ESP32->RPi,deserialize,117,0.138,0,esp32_edge_normal_3,0,normal
18:56:04.598,62.5,gateway,gateway_A,raspberrypi,CNN-2,ESP32->RPi,deserialize,121,0.066,0,esp32_edge_normal_1,0,normal
18:56:06.816,64.7,gateway,gateway_A,raspberrypi,CNN-2,ESP32->RPi,deserialize,115,0.064,0,esp32_edge_normal_2,0,normal
18:56:09.412,67.3,gateway,gateway_A,raspberrypi,CNN-2,ESP32->RPi,deserialize,121,0.065,0,esp32_edge_normal_3,0,normal
18:56:09.599,67.5,gateway,gateway_A,raspberrypi,CNN-2,ESP32->RPi,deserialize,121,0.134,0,esp32_edge_normal_1,0,normal
18:56:11.835,69.7,gateway,gateway_A,raspberrypi,CNN-2,ESP32->RPi,deserialize,117,0.137,0,esp32_edge_normal_2,0,normal
18:56:14.422,72.3,gateway,gateway_A,raspberrypi,CNN-2,ESP32->RPi,deserialize,115,0.14,0,esp32_edge_normal_3,0,normal
18:56:14.600,72.5,gateway,gateway_A,raspberrypi,CNN-2,ESP32->RPi,deserialize,119,0.1,0,esp32_edge_normal_1,0,normal
18:56:16.814,74.7,gateway,gateway_A,raspberrypi,CNN-2,ESP32->RPi,deserialize,117,0.138,0,esp32_edge_normal_2,0,normal
18:56:19.428,77.3,gateway,gateway_A,raspberrypi,CNN-2,ESP32->RPi,deserialize,115,0.133,0,esp32_edge_normal_3,0,normal
18:56:19.600,77.5,gateway,gateway_A,raspberrypi,CNN-2,ESP32->RPi,deserialize,118,0.088,0,esp32_edge_normal_1,0,normal
18:56:21.856,79.8,gateway,gateway_A,raspberrypi,CNN-2,ESP32->RPi,deserialize,116,0.137,0,esp32_edge_normal_2,0,normal
18:56:24.429,82.3,gateway,gateway_A,raspberrypi,CNN-2,ESP32->RPi,deserialize,114,0.129,0,esp32_edge_normal_3,0,normal
18:56:24.605,82.5,gateway,gateway_A,raspberrypi,CNN-2,ESP32->RPi,deserialize,121,0.065,0,esp32_edge_normal_1,0,normal
18:56:26.811,84.7,gateway,gateway_A,raspberrypi,CNN-2,ESP32->RPi,deserialize,116,0.065,0,esp32_edge_normal_2,0,normal
18:56:29.412,87.3,gateway,gateway_A,raspberrypi,CNN-2,ESP32->RPi,deserialize,119,0.062,0,esp32_edge_normal_3,0,normal
18:56:29.599,87.5,gateway,gateway_A,raspberrypi,CNN-2,ESP32->RPi,deserialize,107,0.137,0,esp32_edge_normal_1,0,normal
18:56:31.813,89.7,gateway,gateway_A,raspberrypi,CNN-2,ESP32->RPi,deserialize,116,0.212,0,esp32_edge_normal_2,0,normal
18:56:34.417,92.3,gateway,gateway_A,raspberrypi,CNN-2,ESP32->RPi,deserialize,119,0.338,0,esp32_edge_normal_3,0,normal
18:56:34.601,92.5,gateway,gateway_A,raspberrypi,CNN-2,ESP32->RPi,deserialize,119,0.109,0,esp32_edge_normal_1,0,normal
18:56:36.813,94.7,gateway,gateway_A,raspberrypi,CNN-2,ESP32->RPi,deserialize,118,0.135,0,esp32_edge_normal_2,0,normal
18:56:39.414,97.3,gateway,gateway_A,raspberrypi,CNN-2,ESP32->RPi,deserialize,117,0.133,0,esp32_edge_normal_3,0,normal
18:56:39.597,97.5,gateway,gateway_A,raspberrypi,CNN-2,ESP32->RPi,deserialize,107,0.107,0,esp32_edge_normal_1,0,normal
18:56:40.847,98.8,gateway,gateway_A,raspberrypi,CNN-2,RPi->PC,serialize,3661,0.486,0,,,
18:56:45.867,103.8,gateway,gateway_A,raspberrypi,CNN-2,ESP32->RPi,deserialize,114,0.139,0,esp32_edge_normal_2,0,normal
18:56:45.868,103.8,gateway,gateway_A,raspberrypi,CNN-2,ESP32->RPi,deserialize,118,0.081,0,esp32_edge_normal_3,0,normal
18:56:45.869,103.8,gateway,gateway_A,raspberrypi,CNN-2,ESP32->RPi,deserialize,120,0.075,0,esp32_edge_normal_1,0,normal
18:56:46.811,104.7,gateway,gateway_A,raspberrypi,CNN-2,ESP32->RPi,deserialize,108,0.067,0,esp32_edge_normal_2,0,normal
18:56:49.517,107.4,gateway,gateway_A,raspberrypi,CNN-2,ESP32->RPi,deserialize,115,0.069,0,esp32_edge_normal_3,0,normal
18:56:49.597,107.5,gateway,gateway_A,raspberrypi,CNN-2,ESP32->RPi,deserialize,117,0.107,0,esp32_edge_normal_1,0,normal
18:56:51.814,109.7,gateway,gateway_A,raspberrypi,CNN-2,ESP32->RPi,deserialize,116,0.138,0,esp32_edge_normal_2,0,normal
18:56:54.409,112.3,gateway,gateway_A,raspberrypi,CNN-2,ESP32->RPi,deserialize,107,0.064,0,esp32_edge_normal_3,0,normal
18:56:54.596,112.5,gateway,gateway_A,raspberrypi,CNN-2,ESP32->RPi,deserialize,115,0.064,0,esp32_edge_normal_1,0,normal
18:56:56.890,114.8,gateway,gateway_A,raspberrypi,CNN-2,ESP32->RPi,deserialize,120,0.067,0,esp32_edge_normal_2,0,normal
18:56:59.412,117.3,gateway,gateway_A,raspberrypi,CNN-2,ESP32->RPi,deserialize,118,0.164,0,esp32_edge_normal_3,0,normal
18:56:59.599,117.5,gateway,gateway_A,raspberrypi,CNN-2,ESP32->RPi,deserialize,119,0.064,0,esp32_edge_normal_1,0,normal
18:57:01.810,119.7,gateway,gateway_A,raspberrypi,CNN-2,ESP32->RPi,deserialize,113,0.112,0,esp32_edge_normal_2,0,normal
18:57:04.468,122.4,gateway,gateway_A,raspberrypi,CNN-2,ESP32->RPi,deserialize,115,0.066,0,esp32_edge_normal_3,0,normal
18:57:04.598,122.5,gateway,gateway_A,raspberrypi,CNN-2,ESP32->RPi,deserialize,121,0.184,0,esp32_edge_normal_1,0,normal
18:57:06.812,124.7,gateway,gateway_A,raspberrypi,CNN-2,ESP32->RPi,deserialize,120,0.121,0,esp32_edge_normal_2,0,normal
18:57:09.410,127.3,gateway,gateway_A,raspberrypi,CNN-2,ESP32->RPi,deserialize,114,0.139,0,esp32_edge_normal_3,0,normal
18:57:09.597,127.5,gateway,gateway_A,raspberrypi,CNN-2,ESP32->RPi,deserialize,114,0.123,0,esp32_edge_normal_1,0,normal
18:57:11.811,129.7,gateway,gateway_A,raspberrypi,CNN-2,ESP32->RPi,deserialize,120,0.137,0,esp32_edge_normal_2,0,normal
18:57:14.411,132.3,gateway,gateway_A,raspberrypi,CNN-2,ESP32->RPi,deserialize,117,0.141,0,esp32_edge_normal_3,0,normal
18:57:14.596,132.5,gateway,gateway_A,raspberrypi,CNN-2,ESP32->RPi,deserialize,106,0.087,0,esp32_edge_normal_1,0,normal
18:57:16.812,134.7,gateway,gateway_A,raspberrypi,CNN-2,ESP32->RPi,deserialize,116,0.141,0,esp32_edge_normal_2,0,normal
18:57:19.522,137.4,gateway,gateway_A,raspberrypi,CNN-2,ESP32->RPi,deserialize,114,0.138,0,esp32_edge_normal_3,0,normal
18:57:19.596,137.5,gateway,gateway_A,raspberrypi,CNN-2,ESP32->RPi,deserialize,116,0.114,0,esp32_edge_normal_1,0,normal
18:57:21.874,139.8,gateway,gateway_A,raspberrypi,CNN-2,ESP32->RPi,deserialize,113,0.137,0,esp32_edge_normal_2,0,normal
18:57:24.596,142.5,gateway,gateway_A,raspberrypi,CNN-2,ESP32->RPi,deserialize,120,0.064,0,esp32_edge_normal_1,0,normal
18:57:26.810,144.7,gateway,gateway_A,raspberrypi,CNN-2,ESP32->RPi,deserialize,117,0.068,0,esp32_edge_normal_2,0,normal
18:57:29.660,147.6,gateway,gateway_A,raspberrypi,CNN-2,ESP32->RPi,deserialize,115,0.139,0,esp32_edge_normal_1,0,normal
18:57:31.816,149.7,gateway,gateway_A,raspberrypi,CNN-2,ESP32->RPi,deserialize,113,0.179,0,esp32_edge_normal_2,0,normal
18:57:34.681,152.6,gateway,gateway_A,raspberrypi,CNN-2,ESP32->RPi,deserialize,116,0.19,0,esp32_edge_normal_1,0,normal
18:57:35.937,153.8,gateway,gateway_A,raspberrypi,CNN-2,RPi->PC,serialize,3664,0.464,0,,,
18:57:40.954,158.9,gateway,gateway_A,raspberrypi,CNN-2,ESP32->RPi,deserialize,116,0.136,0,esp32_edge_normal_2,0,normal
18:57:40.955,158.9,gateway,gateway_A,raspberrypi,CNN-2,ESP32->RPi,deserialize,119,0.091,0,esp32_edge_normal_1,0,normal
18:57:41.810,159.7,gateway,gateway_A,raspberrypi,CNN-2,ESP32->RPi,deserialize,112,0.141,0,esp32_edge_normal_2,0,normal
18:57:44.600,162.5,gateway,gateway_A,raspberrypi,CNN-2,ESP32->RPi,deserialize,115,0.137,0,esp32_edge_normal_1,0,normal
18:57:45.815,163.7,gateway,gateway_A,raspberrypi,CNN-2,ESP32->RPi,deserialize,117,0.067,0,esp32_edge_simulator_1,0,normal
18:57:46.811,164.7,gateway,gateway_A,raspberrypi,CNN-2,ESP32->RPi,deserialize,121,0.064,0,esp32_edge_normal_2,0,normal
18:57:49.627,167.5,gateway,gateway_A,raspberrypi,CNN-2,ESP32->RPi,deserialize,115,0.068,0,esp32_edge_normal_1,0,normal
18:57:50.816,168.7,gateway,gateway_A,raspberrypi,CNN-2,ESP32->RPi,deserialize,122,0.194,0,esp32_edge_simulator_1,0,normal
18:57:51.809,169.7,gateway,gateway_A,raspberrypi,CNN-2,ESP32->RPi,deserialize,114,0.135,0,esp32_edge_normal_2,0,normal
18:57:54.596,172.5,gateway,gateway_A,raspberrypi,CNN-2,ESP32->RPi,deserialize,109,0.064,0,esp32_edge_normal_1,0,normal
18:57:55.812,173.7,gateway,gateway_A,raspberrypi,CNN-2,ESP32->RPi,deserialize,108,0.064,0,esp32_edge_simulator_1,2,scan_A
18:57:56.811,174.7,gateway,gateway_A,raspberrypi,CNN-2,ESP32->RPi,deserialize,115,0.066,0,esp32_edge_normal_2,0,normal
18:57:59.663,177.6,gateway,gateway_A,raspberrypi,CNN-2,ESP32->RPi,deserialize,117,0.141,0,esp32_edge_normal_1,0,normal
18:58:00.832,178.7,gateway,gateway_A,raspberrypi,CNN-2,ESP32->RPi,deserialize,109,0.139,0,esp32_edge_simulator_1,1,mqtt_bruteforce
18:58:01.816,179.7,gateway,gateway_A,raspberrypi,CNN-2,ESP32->RPi,deserialize,121,0.135,0,esp32_edge_normal_2,0,normal
18:58:04.595,182.5,gateway,gateway_A,raspberrypi,CNN-2,ESP32->RPi,deserialize,117,0.122,0,esp32_edge_normal_1,0,normal
18:58:05.822,183.7,gateway,gateway_A,raspberrypi,CNN-2,ESP32->RPi,deserialize,110,0.139,0,esp32_edge_simulator_1,1,mqtt_bruteforce
18:58:06.811,184.7,gateway,gateway_A,raspberrypi,CNN-2,ESP32->RPi,deserialize,114,0.123,0,esp32_edge_normal_2,0,normal
18:58:09.609,187.5,gateway,gateway_A,raspberrypi,CNN-2,ESP32->RPi,deserialize,116,0.141,0,esp32_edge_normal_1,0,normal
18:58:10.826,188.7,gateway,gateway_A,raspberrypi,CNN-2,ESP32->RPi,deserialize,81,0.127,0,esp32_edge_simulator_1,2,scan_A
18:58:11.809,189.7,gateway,gateway_A,raspberrypi,CNN-2,ESP32->RPi,deserialize,117,0.137,0,esp32_edge_normal_2,0,normal
18:58:14.597,192.5,gateway,gateway_A,raspberrypi,CNN-2,ESP32->RPi,deserialize,120,0.135,0,esp32_edge_normal_1,0,normal
18:58:15.813,193.7,gateway,gateway_A,raspberrypi,CNN-2,ESP32->RPi,deserialize,105,0.136,0,esp32_edge_simulator_1,2,scan_A
18:58:16.810,194.7,gateway,gateway_A,raspberrypi,CNN-2,ESP32->RPi,deserialize,121,0.184,0,esp32_edge_normal_2,0,normal
18:58:19.632,197.5,gateway,gateway_A,raspberrypi,CNN-2,ESP32->RPi,deserialize,116,0.137,0,esp32_edge_normal_1,0,normal
18:58:20.815,198.7,gateway,gateway_A,raspberrypi,CNN-2,ESP32->RPi,deserialize,120,0.139,0,esp32_edge_simulator_1,0,normal
18:58:21.861,199.8,gateway,gateway_A,raspberrypi,CNN-2,ESP32->RPi,deserialize,112,0.121,0,esp32_edge_normal_2,0,normal
18:58:24.613,202.5,gateway,gateway_A,raspberrypi,CNN-2,ESP32->RPi,deserialize,113,0.139,0,esp32_edge_normal_1,0,normal
18:58:25.812,203.7,gateway,gateway_A,raspberrypi,CNN-2,ESP32->RPi,deserialize,111,0.067,0,esp32_edge_simulator_1,1,mqtt_bruteforce
18:58:26.810,204.7,gateway,gateway_A,raspberrypi,CNN-2,ESP32->RPi,deserialize,120,0.065,0,esp32_edge_normal_2,0,normal
18:58:27.860,205.8,gateway,gateway_A,raspberrypi,CNN-2,RPi->PC,serialize,3690,0.449,0,,,
18:58:32.879,210.8,gateway,gateway_A,raspberrypi,CNN-2,ESP32->RPi,deserialize,113,0.184,0,esp32_edge_normal_1,0,normal
18:58:32.880,210.8,gateway,gateway_A,raspberrypi,CNN-2,ESP32->RPi,deserialize,108,0.077,0,esp32_edge_simulator_1,2,scan_A
18:58:32.881,210.8,gateway,gateway_A,raspberrypi,CNN-2,ESP32->RPi,deserialize,105,0.141,0,esp32_edge_normal_2,0,normal
18:58:34.595,212.5,gateway,gateway_A,raspberrypi,CNN-2,ESP32->RPi,deserialize,117,0.067,0,esp32_edge_normal_1,0,normal
18:58:35.816,213.7,gateway,gateway_A,raspberrypi,CNN-2,ESP32->RPi,deserialize,118,0.066,0,esp32_edge_simulator_1,0,normal
18:58:36.808,214.7,gateway,gateway_A,raspberrypi,CNN-2,ESP32->RPi,deserialize,117,0.066,0,esp32_edge_normal_2,0,normal
18:58:40.832,218.7,gateway,gateway_A,raspberrypi,CNN-2,ESP32->RPi,deserialize,119,0.138,0,esp32_edge_simulator_1,0,normal
18:58:40.860,218.8,gateway,gateway_A,raspberrypi,CNN-2,ESP32->RPi,deserialize,119,0.121,0,esp32_edge_normal_1,0,normal
18:58:41.808,219.7,gateway,gateway_A,raspberrypi,CNN-2,ESP32->RPi,deserialize,117,0.141,0,esp32_edge_normal_2,0,normal
18:58:44.593,222.5,gateway,gateway_A,raspberrypi,CNN-2,ESP32->RPi,deserialize,118,0.065,0,esp32_edge_normal_1,0,normal
18:58:45.825,223.7,gateway,gateway_A,raspberrypi,CNN-2,ESP32->RPi,deserialize,124,0.104,0,esp32_edge_simulator_1,0,normal
18:58:46.809,224.7,gateway,gateway_A,raspberrypi,CNN-2,ESP32->RPi,deserialize,120,0.067,0,esp32_edge_normal_2,0,normal
18:58:49.595,227.5,gateway,gateway_A,raspberrypi,CNN-2,ESP32->RPi,deserialize,121,0.064,0,esp32_edge_normal_1,0,normal
18:58:50.814,228.7,gateway,gateway_A,raspberrypi,CNN-2,ESP32->RPi,deserialize,122,0.065,0,esp32_edge_simulator_1,0,normal
18:58:51.810,229.7,gateway,gateway_A,raspberrypi,CNN-2,ESP32->RPi,deserialize,120,0.066,0,esp32_edge_normal_2,0,normal
18:58:54.595,232.5,gateway,gateway_A,raspberrypi,CNN-2,ESP32->RPi,deserialize,113,0.121,0,esp32_edge_normal_1,0,normal
18:58:55.828,233.7,gateway,gateway_A,raspberrypi,CNN-2,ESP32->RPi,deserialize,112,0.126,0,esp32_edge_simulator_1,1,mqtt_bruteforce
18:58:56.812,234.7,gateway,gateway_A,raspberrypi,CNN-2,ESP32->RPi,deserialize,120,0.135,0,esp32_edge_normal_2,0,normal
18:58:59.669,237.6,gateway,gateway_A,raspberrypi,CNN-2,ESP32->RPi,deserialize,112,0.064,0,esp32_edge_normal_1,0,normal
18:59:00.822,238.7,gateway,gateway_A,raspberrypi,CNN-2,ESP32->RPi,deserialize,112,0.066,0,esp32_edge_simulator_1,1,mqtt_bruteforce
18:59:01.808,239.7,gateway,gateway_A,raspberrypi,CNN-2,ESP32->RPi,deserialize,114,0.064,0,esp32_edge_normal_2,0,normal
18:59:04.688,242.6,gateway,gateway_A,raspberrypi,CNN-2,ESP32->RPi,deserialize,121,0.14,0,esp32_edge_normal_1,0,normal
18:59:05.814,243.7,gateway,gateway_A,raspberrypi,CNN-2,ESP32->RPi,deserialize,103,0.135,0,esp32_edge_simulator_1,2,scan_A
18:59:06.810,244.7,gateway,gateway_A,raspberrypi,CNN-2,ESP32->RPi,deserialize,121,0.131,0,esp32_edge_normal_2,0,normal
18:59:09.594,247.5,gateway,gateway_A,raspberrypi,CNN-2,ESP32->RPi,deserialize,121,0.136,0,esp32_edge_normal_1,0,normal
18:59:10.812,248.7,gateway,gateway_A,raspberrypi,CNN-2,ESP32->RPi,deserialize,108,0.137,0,esp32_edge_simulator_1,2,scan_A
18:59:11.809,249.7,gateway,gateway_A,raspberrypi,CNN-2,ESP32->RPi,deserialize,118,0.138,0,esp32_edge_normal_2,0,normal
18:59:14.594,252.5,gateway,gateway_A,raspberrypi,CNN-2,ESP32->RPi,deserialize,115,0.12,0,esp32_edge_normal_1,0,normal
18:59:15.819,253.7,gateway,gateway_A,raspberrypi,CNN-2,ESP32->RPi,deserialize,111,0.138,0,esp32_edge_simulator_1,1,mqtt_bruteforce
18:59:16.810,254.7,gateway,gateway_A,raspberrypi,CNN-2,ESP32->RPi,deserialize,118,0.137,0,esp32_edge_normal_2,0,normal
18:59:17.968,255.9,gateway,gateway_A,raspberrypi,CNN-2,RPi->PC,serialize,3680,0.437,0,,,
18:59:22.988,260.9,gateway,gateway_A,raspberrypi,CNN-2,ESP32->RPi,deserialize,116,0.13,0,esp32_edge_normal_1,0,normal
18:59:22.989,260.9,gateway,gateway_A,raspberrypi,CNN-2,ESP32->RPi,deserialize,111,0.092,0,esp32_edge_simulator_1,1,mqtt_bruteforce
18:59:22.990,260.9,gateway,gateway_A,raspberrypi,CNN-2,ESP32->RPi,deserialize,118,0.076,0,esp32_edge_normal_2,0,normal
18:59:24.615,262.5,gateway,gateway_A,raspberrypi,CNN-2,ESP32->RPi,deserialize,119,0.069,0,esp32_edge_normal_1,0,normal
18:59:25.824,263.7,gateway,gateway_A,raspberrypi,CNN-2,ESP32->RPi,deserialize,109,0.069,0,esp32_edge_simulator_1,1,mqtt_bruteforce
18:59:26.807,264.7,gateway,gateway_A,raspberrypi,CNN-2,ESP32->RPi,deserialize,117,0.07,0,esp32_edge_normal_2,0,normal
18:59:29.593,267.5,gateway,gateway_A,raspberrypi,CNN-2,ESP32->RPi,deserialize,116,0.146,0,esp32_edge_normal_1,0,normal
18:59:30.812,268.7,gateway,gateway_A,raspberrypi,CNN-2,ESP32->RPi,deserialize,120,0.069,0,esp32_edge_simulator_1,0,normal
18:59:31.807,269.7,gateway,gateway_A,raspberrypi,CNN-2,ESP32->RPi,deserialize,117,0.065,0,esp32_edge_normal_2,0,normal
18:59:34.696,272.6,gateway,gateway_A,raspberrypi,CNN-2,ESP32->RPi,deserialize,116,0.066,0,esp32_edge_normal_1,0,normal
18:59:35.824,273.7,gateway,gateway_A,raspberrypi,CNN-2,ESP32->RPi,deserialize,108,0.066,0,esp32_edge_simulator_1,1,mqtt_bruteforce
18:59:36.809,274.7,gateway,gateway_A,raspberrypi,CNN-2,ESP32->RPi,deserialize,121,0.1,0,esp32_edge_normal_2,0,normal
18:59:39.592,277.5,gateway,gateway_A,raspberrypi,CNN-2,ESP32->RPi,deserialize,117,0.064,0,esp32_edge_normal_1,0,normal
18:59:40.814,278.7,gateway,gateway_A,raspberrypi,CNN-2,ESP32->RPi,deserialize,120,0.138,0,esp32_edge_simulator_1,0,normal
18:59:41.808,279.7,gateway,gateway_A,raspberrypi,CNN-2,ESP32->RPi,deserialize,115,0.14,0,esp32_edge_normal_2,0,normal
18:59:44.595,282.5,gateway,gateway_A,raspberrypi,CNN-2,ESP32->RPi,deserialize,119,0.137,0,esp32_edge_normal_1,0,normal
18:59:45.814,283.7,gateway,gateway_A,raspberrypi,CNN-2,ESP32->RPi,deserialize,99,0.065,0,esp32_edge_simulator_1,2,scan_A
18:59:46.808,284.7,gateway,gateway_A,raspberrypi,CNN-2,ESP32->RPi,deserialize,117,0.065,0,esp32_edge_normal_2,0,normal
18:59:49.641,287.5,gateway,gateway_A,raspberrypi,CNN-2,ESP32->RPi,deserialize,121,0.067,0,esp32_edge_normal_1,0,normal
18:59:50.813,288.7,gateway,gateway_A,raspberrypi,CNN-2,ESP32->RPi,deserialize,81,0.123,0,esp32_edge_simulator_1,2,scan_A
18:59:51.808,289.7,gateway,gateway_A,raspberrypi,CNN-2,ESP32->RPi,deserialize,118,0.064,0,esp32_edge_normal_2,0,normal
18:59:54.591,292.5,gateway,gateway_A,raspberrypi,CNN-2,ESP32->RPi,deserialize,113,0.064,0,esp32_edge_normal_1,0,normal
18:59:55.812,293.7,gateway,gateway_A,raspberrypi,CNN-2,ESP32->RPi,deserialize,116,0.066,0,esp32_edge_simulator_1,0,normal
18:59:56.810,294.7,gateway,gateway_A,raspberrypi,CNN-2,ESP32->RPi,deserialize,120,0.137,0,esp32_edge_normal_2,0,normal
18:59:59.592,297.5,gateway,gateway_A,raspberrypi,CNN-2,ESP32->RPi,deserialize,116,0.138,0,esp32_edge_normal_1,0,normal
19:00:00.814,298.7,gateway,gateway_A,raspberrypi,CNN-2,ESP32->RPi,deserialize,119,0.139,0,esp32_edge_simulator_1,0,normal
19:00:01.808,299.7,gateway,gateway_A,raspberrypi,CNN-2,ESP32->RPi,deserialize,116,0.138,0,esp32_edge_normal_2,0,normal
19:00:04.597,302.5,gateway,gateway_A,raspberrypi,CNN-2,ESP32->RPi,deserialize,119,0.069,0,esp32_edge_normal_1,0,normal
19:00:05.815,303.7,gateway,gateway_A,raspberrypi,CNN-2,ESP32->RPi,deserialize,109,0.064,0,esp32_edge_simulator_1,0,normal
19:00:06.806,304.7,gateway,gateway_A,raspberrypi,CNN-2,ESP32->RPi,deserialize,116,0.068,0,esp32_edge_normal_2,0,normal
19:00:07.716,305.6,gateway,gateway_A,raspberrypi,CNN-2,RPi->PC,serialize,3683,0.425,0,,,
19:00:12.734,310.6,gateway,gateway_A,raspberrypi,CNN-2,ESP32->RPi,deserialize,121,0.135,0,esp32_edge_normal_1,0,normal
19:00:12.735,310.6,gateway,gateway_A,raspberrypi,CNN-2,ESP32->RPi,deserialize,111,0.078,0,esp32_edge_simulator_1,1,mqtt_bruteforce
19:00:12.736,310.6,gateway,gateway_A,raspberrypi,CNN-2,ESP32->RPi,deserialize,108,0.069,0,esp32_edge_normal_2,0,normal
19:00:14.591,312.5,gateway,gateway_A,raspberrypi,CNN-2,ESP32->RPi,deserialize,113,0.065,0,esp32_edge_normal_1,0,normal
19:00:15.819,313.7,gateway,gateway_A,raspberrypi,CNN-2,ESP32->RPi,deserialize,111,0.064,0,esp32_edge_simulator_1,1,mqtt_bruteforce
19:00:16.806,314.7,gateway,gateway_A,raspberrypi,CNN-2,ESP32->RPi,deserialize,115,0.066,0,esp32_edge_normal_2,0,normal
19:00:19.594,317.5,gateway,gateway_A,raspberrypi,CNN-2,ESP32->RPi,deserialize,105,0.139,0,esp32_edge_normal_1,0,normal
19:00:20.824,318.7,gateway,gateway_A,raspberrypi,CNN-2,ESP32->RPi,deserialize,111,0.141,0,esp32_edge_simulator_1,1,mqtt_bruteforce
19:00:21.868,319.8,gateway,gateway_A,raspberrypi,CNN-2,ESP32->RPi,deserialize,114,0.063,0,esp32_edge_normal_2,0,normal
19:00:24.618,322.5,gateway,gateway_A,raspberrypi,CNN-2,ESP32->RPi,deserialize,118,0.065,0,esp32_edge_normal_1,0,normal
19:00:25.815,323.7,gateway,gateway_A,raspberrypi,CNN-2,ESP32->RPi,deserialize,123,0.065,0,esp32_edge_simulator_1,0,normal
19:00:26.807,324.7,gateway,gateway_A,raspberrypi,CNN-2,ESP32->RPi,deserialize,115,0.138,0,esp32_edge_normal_2,0,normal
19:00:29.681,327.6,gateway,gateway_A,raspberrypi,CNN-2,ESP32->RPi,deserialize,114,0.137,0,esp32_edge_normal_1,0,normal
19:00:30.811,328.7,gateway,gateway_A,raspberrypi,CNN-2,ESP32->RPi,deserialize,110,0.119,0,esp32_edge_simulator_1,0,normal
19:00:31.808,329.7,gateway,gateway_A,raspberrypi,CNN-2,ESP32->RPi,deserialize,116,0.139,0,esp32_edge_normal_2,0,normal
19:00:34.699,332.6,gateway,gateway_A,raspberrypi,CNN-2,ESP32->RPi,deserialize,117,0.137,0,esp32_edge_normal_1,0,normal
19:00:35.812,333.7,gateway,gateway_A,raspberrypi,CNN-2,ESP32->RPi,deserialize,81,0.059,0,esp32_edge_simulator_1,2,scan_A
19:00:36.806,334.7,gateway,gateway_A,raspberrypi,CNN-2,ESP32->RPi,deserialize,120,0.064,0,esp32_edge_normal_2,0,normal
19:00:39.593,337.5,gateway,gateway_A,raspberrypi,CNN-2,ESP32->RPi,deserialize,115,0.062,0,esp32_edge_normal_1,0,normal
19:00:40.812,338.7,gateway,gateway_A,raspberrypi,CNN-2,ESP32->RPi,deserialize,119,0.14,0,esp32_edge_simulator_1,0,normal
19:00:41.806,339.7,gateway,gateway_A,raspberrypi,CNN-2,ESP32->RPi,deserialize,116,0.137,0,esp32_edge_normal_2,0,normal
19:00:44.593,342.5,gateway,gateway_A,raspberrypi,CNN-2,ESP32->RPi,deserialize,114,0.207,0,esp32_edge_normal_1,0,normal
19:00:45.814,343.7,gateway,gateway_A,raspberrypi,CNN-2,ESP32->RPi,deserialize,122,0.135,0,esp32_edge_simulator_1,0,normal
19:00:46.809,344.7,gateway,gateway_A,raspberrypi,CNN-2,ESP32->RPi,deserialize,115,0.135,0,esp32_edge_normal_2,0,normal
19:00:49.597,347.5,gateway,gateway_A,raspberrypi,CNN-2,ESP32->RPi,deserialize,119,0.065,0,esp32_edge_normal_1,0,normal
19:00:50.818,348.7,gateway,gateway_A,raspberrypi,CNN-2,ESP32->RPi,deserialize,109,0.064,0,esp32_edge_simulator_1,1,mqtt_bruteforce
19:00:51.807,349.7,gateway,gateway_A,raspberrypi,CNN-2,ESP32->RPi,deserialize,115,0.065,0,esp32_edge_normal_2,0,normal
19:00:54.593,352.5,gateway,gateway_A,raspberrypi,CNN-2,ESP32->RPi,deserialize,115,0.119,0,esp32_edge_normal_1,0,normal
19:00:55.813,353.7,gateway,gateway_A,raspberrypi,CNN-2,ESP32->RPi,deserialize,117,0.137,0,esp32_edge_simulator_1,0,normal
19:00:56.806,354.7,gateway,gateway_A,raspberrypi,CNN-2,ESP32->RPi,deserialize,120,0.136,0,esp32_edge_normal_2,0,normal
19:00:57.906,355.8,gateway,gateway_A,raspberrypi,CNN-2,RPi->PC,serialize,3674,0.465,0,,,
19:01:02.926,360.8,gateway,gateway_A,raspberrypi,CNN-2,ESP32->RPi,deserialize,119,0.136,0,esp32_edge_normal_1,0,normal
19:01:02.927,360.8,gateway,gateway_A,raspberrypi,CNN-2,ESP32->RPi,deserialize,119,0.078,0,esp32_edge_simulator_1,0,normal
19:01:02.928,360.8,gateway,gateway_A,raspberrypi,CNN-2,ESP32->RPi,deserialize,116,0.072,0,esp32_edge_normal_2,0,normal
19:01:04.590,362.5,gateway,gateway_A,raspberrypi,CNN-2,ESP32->RPi,deserialize,117,0.066,0,esp32_edge_normal_1,0,normal
19:01:05.807,363.7,gateway,gateway_A,raspberrypi,CNN-2,ESP32->RPi,deserialize,81,0.06,0,esp32_edge_simulator_1,2,scan_A
19:01:06.805,364.7,gateway,gateway_A,raspberrypi,CNN-2,ESP32->RPi,deserialize,117,0.068,0,esp32_edge_normal_2,0,normal
19:01:09.589,367.5,gateway,gateway_A,raspberrypi,CNN-2,ESP32->RPi,deserialize,115,0.139,0,esp32_edge_normal_1,0,normal
19:01:10.818,368.7,gateway,gateway_A,raspberrypi,CNN-2,ESP32->RPi,deserialize,113,0.136,0,esp32_edge_simulator_1,1,mqtt_bruteforce
19:01:11.805,369.7,gateway,gateway_A,raspberrypi,CNN-2,ESP32->RPi,deserialize,117,0.139,0,esp32_edge_normal_2,0,normal
19:01:14.591,372.5,gateway,gateway_A,raspberrypi,CNN-2,ESP32->RPi,deserialize,116,0.139,0,esp32_edge_normal_1,0,normal
19:01:15.816,373.7,gateway,gateway_A,raspberrypi,CNN-2,ESP32->RPi,deserialize,107,0.065,0,esp32_edge_simulator_1,2,scan_A
19:01:16.804,374.7,gateway,gateway_A,raspberrypi,CNN-2,ESP32->RPi,deserialize,114,0.066,0,esp32_edge_normal_2,0,normal
19:01:19.652,377.6,gateway,gateway_A,raspberrypi,CNN-2,ESP32->RPi,deserialize,120,0.066,0,esp32_edge_normal_1,0,normal
19:01:20.812,378.7,gateway,gateway_A,raspberrypi,CNN-2,ESP32->RPi,deserialize,118,0.065,0,esp32_edge_simulator_1,0,normal
19:01:21.865,379.8,gateway,gateway_A,raspberrypi,CNN-2,ESP32->RPi,deserialize,114,0.067,0,esp32_edge_normal_2,0,normal
19:01:24.590,382.5,gateway,gateway_A,raspberrypi,CNN-2,ESP32->RPi,deserialize,116,0.065,0,esp32_edge_normal_1,0,normal
19:01:25.808,383.7,gateway,gateway_A,raspberrypi,CNN-2,ESP32->RPi,deserialize,112,0.067,0,esp32_edge_simulator_1,1,mqtt_bruteforce
19:01:26.806,384.7,gateway,gateway_A,raspberrypi,CNN-2,ESP32->RPi,deserialize,114,0.066,0,esp32_edge_normal_2,0,normal
19:01:29.687,387.6,gateway,gateway_A,raspberrypi,CNN-2,ESP32->RPi,deserialize,118,0.065,0,esp32_edge_normal_1,0,normal
19:01:30.808,388.7,gateway,gateway_A,raspberrypi,CNN-2,ESP32->RPi,deserialize,107,0.139,0,esp32_edge_simulator_1,2,scan_A
19:01:31.810,389.7,gateway,gateway_A,raspberrypi,CNN-2,ESP32->RPi,deserialize,115,0.066,0,esp32_edge_normal_2,0,normal
19:01:34.603,392.5,gateway,gateway_A,raspberrypi,CNN-2,ESP32->RPi,deserialize,112,0.064,0,esp32_edge_normal_1,0,normal
19:01:35.814,393.7,gateway,gateway_A,raspberrypi,CNN-2,ESP32->RPi,deserialize,123,0.066,0,esp32_edge_simulator_1,0,normal
19:01:36.807,394.7,gateway,gateway_A,raspberrypi,CNN-2,ESP32->RPi,deserialize,120,0.142,0,esp32_edge_normal_2,0,normal
19:01:39.590,397.5,gateway,gateway_A,raspberrypi,CNN-2,ESP32->RPi,deserialize,114,0.139,0,esp32_edge_normal_1,0,normal
19:01:40.808,398.7,gateway,gateway_A,raspberrypi,CNN-2,ESP32->RPi,deserialize,114,0.168,0,esp32_edge_simulator_1,1,mqtt_bruteforce
19:01:41.805,399.7,gateway,gateway_A,raspberrypi,CNN-2,ESP32->RPi,deserialize,116,0.141,0,esp32_edge_normal_2,0,normal
19:01:44.588,402.5,gateway,gateway_A,raspberrypi,CNN-2,ESP32->RPi,deserialize,107,0.065,0,esp32_edge_normal_1,0,normal
19:01:45.805,403.7,gateway,gateway_A,raspberrypi,CNN-2,ESP32->RPi,deserialize,110,0.066,0,esp32_edge_simulator_1,1,mqtt_bruteforce
19:01:46.804,404.7,gateway,gateway_A,raspberrypi,CNN-2,ESP32->RPi,deserialize,119,0.065,0,esp32_edge_normal_2,0,normal
19:01:47.814,405.7,gateway,gateway_A,raspberrypi,CNN-2,RPi->PC,serialize,3660,0.477,0,,,
19:01:52.832,410.7,gateway,gateway_A,raspberrypi,CNN-2,ESP32->RPi,deserialize,113,0.134,0,esp32_edge_normal_1,0,normal
19:01:52.833,410.7,gateway,gateway_A,raspberrypi,CNN-2,ESP32->RPi,deserialize,81,0.07,0,esp32_edge_simulator_1,2,scan_A
19:01:52.834,410.7,gateway,gateway_A,raspberrypi,CNN-2,ESP32->RPi,deserialize,114,0.069,0,esp32_edge_normal_2,0,normal
19:01:54.589,412.5,gateway,gateway_A,raspberrypi,CNN-2,ESP32->RPi,deserialize,115,0.068,0,esp32_edge_normal_1,0,normal
19:01:55.806,413.7,gateway,gateway_A,raspberrypi,CNN-2,ESP32->RPi,deserialize,108,0.065,0,esp32_edge_simulator_1,1,mqtt_bruteforce
19:01:56.805,414.7,gateway,gateway_A,raspberrypi,CNN-2,ESP32->RPi,deserialize,120,0.066,0,esp32_edge_normal_2,0,normal
19:01:59.591,417.5,gateway,gateway_A,raspberrypi,CNN-2,ESP32->RPi,deserialize,116,0.136,0,esp32_edge_normal_1,0,normal
19:02:00.812,418.7,gateway,gateway_A,raspberrypi,CNN-2,ESP32->RPi,deserialize,119,0.141,0,esp32_edge_simulator_1,0,normal
19:02:01.804,419.7,gateway,gateway_A,raspberrypi,CNN-2,ESP32->RPi,deserialize,114,0.137,0,esp32_edge_normal_2,0,normal
19:02:04.591,422.5,gateway,gateway_A,raspberrypi,CNN-2,ESP32->RPi,deserialize,117,0.063,0,esp32_edge_normal_1,0,normal
19:02:05.814,423.7,gateway,gateway_A,raspberrypi,CNN-2,ESP32->RPi,deserialize,119,0.064,0,esp32_edge_simulator_1,0,normal
19:02:06.803,424.7,gateway,gateway_A,raspberrypi,CNN-2,ESP32->RPi,deserialize,116,0.064,0,esp32_edge_normal_2,0,normal
19:02:09.593,427.5,gateway,gateway_A,raspberrypi,CNN-2,ESP32->RPi,deserialize,115,0.105,0,esp32_edge_normal_1,0,normal
19:02:10.807,428.7,gateway,gateway_A,raspberrypi,CNN-2,ESP32->RPi,deserialize,102,0.064,0,esp32_edge_simulator_1,2,scan_A
19:02:11.803,429.7,gateway,gateway_A,raspberrypi,CNN-2,ESP32->RPi,deserialize,114,0.064,0,esp32_edge_normal_2,0,normal
19:02:14.591,432.5,gateway,gateway_A,raspberrypi,CNN-2,ESP32->RPi,deserialize,121,0.065,0,esp32_edge_normal_1,0,normal
19:02:15.826,433.7,gateway,gateway_A,raspberrypi,CNN-2,ESP32->RPi,deserialize,113,0.14,0,esp32_edge_simulator_1,1,mqtt_bruteforce
19:02:16.810,434.7,gateway,gateway_A,raspberrypi,CNN-2,ESP32->RPi,deserialize,120,0.135,0,esp32_edge_normal_2,0,normal
19:02:19.591,437.5,gateway,gateway_A,raspberrypi,CNN-2,ESP32->RPi,deserialize,113,0.189,0,esp32_edge_normal_1,0,normal
19:02:20.813,438.7,gateway,gateway_A,raspberrypi,CNN-2,ESP32->RPi,deserialize,123,0.139,0,esp32_edge_simulator_1,0,normal
19:02:21.871,439.8,gateway,gateway_A,raspberrypi,CNN-2,ESP32->RPi,deserialize,121,0.168,0,esp32_edge_normal_2,0,normal
19:02:24.636,442.5,gateway,gateway_A,raspberrypi,CNN-2,ESP32->RPi,deserialize,120,0.067,0,esp32_edge_normal_1,0,normal
19:02:25.805,443.7,gateway,gateway_A,raspberrypi,CNN-2,ESP32->RPi,deserialize,81,0.093,0,esp32_edge_simulator_1,2,scan_A
19:02:26.801,444.7,gateway,gateway_A,raspberrypi,CNN-2,ESP32->RPi,deserialize,116,0.078,0,esp32_edge_normal_2,0,normal
19:02:29.695,447.6,gateway,gateway_A,raspberrypi,CNN-2,ESP32->RPi,deserialize,116,0.122,0,esp32_edge_normal_1,0,normal
19:02:30.804,448.7,gateway,gateway_A,raspberrypi,CNN-2,ESP32->RPi,deserialize,81,0.059,0,esp32_edge_simulator_1,2,scan_A
19:02:31.807,449.7,gateway,gateway_A,raspberrypi,CNN-2,ESP32->RPi,deserialize,117,0.063,0,esp32_edge_normal_2,0,normal
19:02:34.588,452.5,gateway,gateway_A,raspberrypi,CNN-2,ESP32->RPi,deserialize,120,0.064,0,esp32_edge_normal_1,0,normal
19:02:35.808,453.7,gateway,gateway_A,raspberrypi,CNN-2,ESP32->RPi,deserialize,123,0.135,0,esp32_edge_simulator_1,0,normal
19:02:36.803,454.7,gateway,gateway_A,raspberrypi,CNN-2,ESP32->RPi,deserialize,116,0.136,0,esp32_edge_normal_2,0,normal
19:02:37.763,455.7,gateway,gateway_A,raspberrypi,CNN-2,RPi->PC,serialize,3671,0.47,0,,,
19:02:42.781,460.7,gateway,gateway_A,raspberrypi,CNN-2,ESP32->RPi,deserialize,119,0.142,0,esp32_edge_normal_1,0,normal
19:02:42.782,460.7,gateway,gateway_A,raspberrypi,CNN-2,ESP32->RPi,deserialize,112,0.077,0,esp32_edge_simulator_1,1,mqtt_bruteforce
19:02:42.783,460.7,gateway,gateway_A,raspberrypi,CNN-2,ESP32->RPi,deserialize,113,0.069,0,esp32_edge_normal_2,0,normal
19:02:44.587,462.5,gateway,gateway_A,raspberrypi,CNN-2,ESP32->RPi,deserialize,115,0.068,0,esp32_edge_normal_1,0,normal
19:02:45.806,463.7,gateway,gateway_A,raspberrypi,CNN-2,ESP32->RPi,deserialize,110,0.065,0,esp32_edge_simulator_1,0,normal
19:02:46.806,464.7,gateway,gateway_A,raspberrypi,CNN-2,ESP32->RPi,deserialize,120,0.066,0,esp32_edge_normal_2,0,normal
19:02:49.588,467.5,gateway,gateway_A,raspberrypi,CNN-2,ESP32->RPi,deserialize,114,0.14,0,esp32_edge_normal_1,0,normal
19:02:50.810,468.7,gateway,gateway_A,raspberrypi,CNN-2,ESP32->RPi,deserialize,123,0.14,0,esp32_edge_simulator_1,0,normal
19:02:51.802,469.7,gateway,gateway_A,raspberrypi,CNN-2,ESP32->RPi,deserialize,120,0.067,0,esp32_edge_normal_2,0,normal
19:02:54.587,472.5,gateway,gateway_A,raspberrypi,CNN-2,ESP32->RPi,deserialize,114,0.066,0,esp32_edge_normal_1,0,normal
19:02:55.808,473.7,gateway,gateway_A,raspberrypi,CNN-2,ESP32->RPi,deserialize,119,0.063,0,esp32_edge_simulator_1,0,normal
19:02:56.801,474.7,gateway,gateway_A,raspberrypi,CNN-2,ESP32->RPi,deserialize,117,0.137,0,esp32_edge_normal_2,0,normal
19:02:59.590,477.5,gateway,gateway_A,raspberrypi,CNN-2,ESP32->RPi,deserialize,113,0.14,0,esp32_edge_normal_1,0,normal
19:03:00.804,478.7,gateway,gateway_A,raspberrypi,CNN-2,ESP32->RPi,deserialize,112,0.141,0,esp32_edge_simulator_1,1,mqtt_bruteforce
19:03:01.801,479.7,gateway,gateway_A,raspberrypi,CNN-2,ESP32->RPi,deserialize,115,0.063,0,esp32_edge_normal_2,0,normal
19:03:04.613,482.5,gateway,gateway_A,raspberrypi,CNN-2,ESP32->RPi,deserialize,108,0.065,0,esp32_edge_normal_1,0,normal
19:03:05.804,483.7,gateway,gateway_A,raspberrypi,CNN-2,ESP32->RPi,deserialize,107,0.064,0,esp32_edge_simulator_1,2,scan_A
19:03:06.806,484.7,gateway,gateway_A,raspberrypi,CNN-2,ESP32->RPi,deserialize,118,0.137,0,esp32_edge_normal_2,0,normal
19:03:09.588,487.5,gateway,gateway_A,raspberrypi,CNN-2,ESP32->RPi,deserialize,113,0.137,0,esp32_edge_normal_1,0,normal
19:03:10.813,488.7,gateway,gateway_A,raspberrypi,CNN-2,ESP32->RPi,deserialize,107,0.137,0,esp32_edge_simulator_1,2,scan_A
19:03:11.803,489.7,gateway,gateway_A,raspberrypi,CNN-2,ESP32->RPi,deserialize,117,0.139,0,esp32_edge_normal_2,0,normal
19:03:14.587,492.5,gateway,gateway_A,raspberrypi,CNN-2,ESP32->RPi,deserialize,118,0.142,0,esp32_edge_normal_1,0,normal
19:03:15.805,493.7,gateway,gateway_A,raspberrypi,CNN-2,ESP32->RPi,deserialize,112,0.248,0,esp32_edge_simulator_1,1,mqtt_bruteforce
19:03:16.802,494.7,gateway,gateway_A,raspberrypi,CNN-2,ESP32->RPi,deserialize,120,0.139,0,esp32_edge_normal_2,0,normal
19:03:19.667,497.6,gateway,gateway_A,raspberrypi,CNN-2,ESP32->RPi,deserialize,117,0.14,0,esp32_edge_normal_1,0,normal
19:03:20.814,498.7,gateway,gateway_A,raspberrypi,CNN-2,ESP32->RPi,deserialize,113,0.14,0,esp32_edge_simulator_1,1,mqtt_bruteforce
19:03:21.880,499.8,gateway,gateway_A,raspberrypi,CNN-2,ESP32->RPi,deserialize,116,0.14,0,esp32_edge_normal_2,0,normal
19:03:24.593,502.5,gateway,gateway_A,raspberrypi,CNN-2,ESP32->RPi,deserialize,115,0.14,0,esp32_edge_normal_1,0,normal
19:03:25.806,503.7,gateway,gateway_A,raspberrypi,CNN-2,ESP32->RPi,deserialize,117,0.065,0,esp32_edge_simulator_1,0,normal
19:03:26.801,504.7,gateway,gateway_A,raspberrypi,CNN-2,ESP32->RPi,deserialize,121,0.064,0,esp32_edge_normal_2,0,normal
19:03:27.702,505.6,gateway,gateway_A,raspberrypi,CNN-2,RPi->PC,serialize,3667,0.438,0,,,
19:03:32.721,510.6,gateway,gateway_A,raspberrypi,CNN-2,ESP32->RPi,deserialize,115,0.138,0,esp32_edge_normal_1,0,normal
19:03:32.722,510.6,gateway,gateway_A,raspberrypi,CNN-2,ESP32->RPi,deserialize,123,0.082,0,esp32_edge_simulator_1,0,normal
19:03:32.723,510.6,gateway,gateway_A,raspberrypi,CNN-2,ESP32->RPi,deserialize,119,0.07,0,esp32_edge_normal_2,0,normal
19:03:34.586,512.5,gateway,gateway_A,raspberrypi,CNN-2,ESP32->RPi,deserialize,121,0.143,0,esp32_edge_normal_1,0,normal
19:03:35.803,513.7,gateway,gateway_A,raspberrypi,CNN-2,ESP32->RPi,deserialize,81,0.134,0,esp32_edge_simulator_1,2,scan_A
19:03:36.802,514.7,gateway,gateway_A,raspberrypi,CNN-2,ESP32->RPi,deserialize,120,0.068,0,esp32_edge_normal_2,0,normal
19:03:39.588,517.5,gateway,gateway_A,raspberrypi,CNN-2,ESP32->RPi,deserialize,120,0.069,0,esp32_edge_normal_1,0,normal
19:03:40.803,518.7,gateway,gateway_A,raspberrypi,CNN-2,ESP32->RPi,deserialize,107,0.067,0,esp32_edge_simulator_1,2,scan_A
19:03:41.802,519.7,gateway,gateway_A,raspberrypi,CNN-2,ESP32->RPi,deserialize,121,0.141,0,esp32_edge_normal_2,0,normal
19:03:44.586,522.5,gateway,gateway_A,raspberrypi,CNN-2,ESP32->RPi,deserialize,118,0.136,0,esp32_edge_normal_1,0,normal
19:03:45.803,523.7,gateway,gateway_A,raspberrypi,CNN-2,ESP32->RPi,deserialize,118,0.136,0,esp32_edge_simulator_1,0,normal
19:03:46.805,524.7,gateway,gateway_A,raspberrypi,CNN-2,ESP32->RPi,deserialize,116,0.065,0,esp32_edge_normal_2,0,normal
19:03:49.587,527.5,gateway,gateway_A,raspberrypi,CNN-2,ESP32->RPi,deserialize,121,0.065,0,esp32_edge_normal_1,0,normal
19:03:50.815,528.7,gateway,gateway_A,raspberrypi,CNN-2,ESP32->RPi,deserialize,112,0.066,0,esp32_edge_simulator_1,1,mqtt_bruteforce
19:03:51.811,529.7,gateway,gateway_A,raspberrypi,CNN-2,ESP32->RPi,deserialize,117,0.136,0,esp32_edge_normal_2,0,normal
19:03:54.586,532.5,gateway,gateway_A,raspberrypi,CNN-2,ESP32->RPi,deserialize,121,0.064,0,esp32_edge_normal_1,0,normal
19:03:55.813,533.7,gateway,gateway_A,raspberrypi,CNN-2,ESP32->RPi,deserialize,124,0.112,0,esp32_edge_simulator_1,0,normal
19:03:56.800,534.7,gateway,gateway_A,raspberrypi,CNN-2,ESP32->RPi,deserialize,114,0.062,0,esp32_edge_normal_2,0,normal
19:03:59.603,537.5,gateway,gateway_A,raspberrypi,CNN-2,ESP32->RPi,deserialize,119,0.139,0,esp32_edge_normal_1,0,normal
19:04:00.805,538.7,gateway,gateway_A,raspberrypi,CNN-2,ESP32->RPi,deserialize,123,0.064,0,esp32_edge_simulator_1,0,normal
19:04:01.801,539.7,gateway,gateway_A,raspberrypi,CNN-2,ESP32->RPi,deserialize,117,0.064,0,esp32_edge_normal_2,0,normal
19:04:04.586,542.5,gateway,gateway_A,raspberrypi,CNN-2,ESP32->RPi,deserialize,117,0.065,0,esp32_edge_normal_1,0,normal
19:04:05.813,543.7,gateway,gateway_A,raspberrypi,CNN-2,ESP32->RPi,deserialize,109,0.122,0,esp32_edge_simulator_1,1,mqtt_bruteforce
19:04:06.803,544.7,gateway,gateway_A,raspberrypi,CNN-2,ESP32->RPi,deserialize,114,0.139,0,esp32_edge_normal_2,0,normal
19:04:09.586,547.5,gateway,gateway_A,raspberrypi,CNN-2,ESP32->RPi,deserialize,114,0.135,0,esp32_edge_normal_1,0,normal
19:04:10.806,548.7,gateway,gateway_A,raspberrypi,CNN-2,ESP32->RPi,deserialize,116,0.133,0,esp32_edge_simulator_1,0,normal
19:04:11.799,549.7,gateway,gateway_A,raspberrypi,CNN-2,ESP32->RPi,deserialize,116,0.132,0,esp32_edge_normal_2,0,normal
19:04:14.586,552.5,gateway,gateway_A,raspberrypi,CNN-2,ESP32->RPi,deserialize,121,0.14,0,esp32_edge_normal_1,0,normal
19:04:15.802,553.7,gateway,gateway_A,raspberrypi,CNN-2,ESP32->RPi,deserialize,109,0.136,0,esp32_edge_simulator_1,1,mqtt_bruteforce
19:04:16.809,554.7,gateway,gateway_A,raspberrypi,CNN-2,ESP32->RPi,deserialize,114,0.14,0,esp32_edge_normal_2,0,normal
19:04:17.778,555.7,gateway,gateway_A,raspberrypi,CNN-2,RPi->PC,serialize,3648,0.462,0,,,
19:04:22.798,560.7,gateway,gateway_A,raspberrypi,CNN-2,ESP32->RPi,deserialize,117,0.139,0,esp32_edge_normal_1,0,normal
19:04:22.799,560.7,gateway,gateway_A,raspberrypi,CNN-2,ESP32->RPi,deserialize,106,0.081,0,esp32_edge_simulator_1,2,scan_A
19:04:22.800,560.7,gateway,gateway_A,raspberrypi,CNN-2,ESP32->RPi,deserialize,118,0.071,0,esp32_edge_normal_2,0,normal
19:04:24.599,562.5,gateway,gateway_A,raspberrypi,CNN-2,ESP32->RPi,deserialize,116,0.143,0,esp32_edge_normal_1,0,normal
19:04:25.803,563.7,gateway,gateway_A,raspberrypi,CNN-2,ESP32->RPi,deserialize,119,0.069,0,esp32_edge_simulator_1,0,normal
19:04:26.798,564.7,gateway,gateway_A,raspberrypi,CNN-2,ESP32->RPi,deserialize,116,0.069,0,esp32_edge_normal_2,0,normal
19:04:29.584,567.5,gateway,gateway_A,raspberrypi,CNN-2,ESP32->RPi,deserialize,117,0.069,0,esp32_edge_normal_1,0,normal
19:04:30.802,568.7,gateway,gateway_A,raspberrypi,CNN-2,ESP32->RPi,deserialize,81,0.131,0,esp32_edge_simulator_1,2,scan_A
19:04:31.799,569.7,gateway,gateway_A,raspberrypi,CNN-2,ESP32->RPi,deserialize,115,0.07,0,esp32_edge_normal_2,0,normal
19:04:34.627,572.5,gateway,gateway_A,raspberrypi,CNN-2,ESP32->RPi,deserialize,114,0.066,0,esp32_edge_normal_1,0,normal
19:04:35.811,573.7,gateway,gateway_A,raspberrypi,CNN-2,ESP32->RPi,deserialize,111,0.068,0,esp32_edge_simulator_1,1,mqtt_bruteforce
19:04:36.801,574.7,gateway,gateway_A,raspberrypi,CNN-2,ESP32->RPi,deserialize,116,0.141,0,esp32_edge_normal_2,0,normal
19:04:39.583,577.5,gateway,gateway_A,raspberrypi,CNN-2,ESP32->RPi,deserialize,115,0.066,0,esp32_edge_normal_1,0,normal
19:04:40.800,578.7,gateway,gateway_A,raspberrypi,CNN-2,ESP32->RPi,deserialize,110,0.066,0,esp32_edge_simulator_1,1,mqtt_bruteforce
19:04:41.800,579.7,gateway,gateway_A,raspberrypi,CNN-2,ESP32->RPi,deserialize,119,0.065,0,esp32_edge_normal_2,0,normal
19:04:44.592,582.5,gateway,gateway_A,raspberrypi,CNN-2,ESP32->RPi,deserialize,114,0.14,0,esp32_edge_normal_1,0,normal
19:04:45.808,583.7,gateway,gateway_A,raspberrypi,CNN-2,ESP32->RPi,deserialize,122,0.066,0,esp32_edge_simulator_1,0,normal
19:04:46.802,584.7,gateway,gateway_A,raspberrypi,CNN-2,ESP32->RPi,deserialize,117,0.068,0,esp32_edge_normal_2,0,normal
19:04:49.586,587.5,gateway,gateway_A,raspberrypi,CNN-2,ESP32->RPi,deserialize,115,0.066,0,esp32_edge_normal_1,0,normal
19:04:50.805,588.7,gateway,gateway_A,raspberrypi,CNN-2,ESP32->RPi,deserialize,107,0.214,0,esp32_edge_simulator_1,2,scan_A
19:04:51.802,589.7,gateway,gateway_A,raspberrypi,CNN-2,ESP32->RPi,deserialize,116,0.139,0,esp32_edge_normal_2,0,normal
19:04:54.591,592.5,gateway,gateway_A,raspberrypi,CNN-2,ESP32->RPi,deserialize,116,0.139,0,esp32_edge_normal_1,0,normal
19:04:55.801,593.7,gateway,gateway_A,raspberrypi,CNN-2,ESP32->RPi,deserialize,102,0.182,0,esp32_edge_simulator_1,2,scan_A
19:04:56.798,594.7,gateway,gateway_A,raspberrypi,CNN-2,ESP32->RPi,deserialize,115,0.124,0,esp32_edge_normal_2,0,normal
19:04:59.610,597.5,gateway,gateway_A,raspberrypi,CNN-2,ESP32->RPi,deserialize,117,0.121,0,esp32_edge_normal_1,0,normal
19:05:00.802,598.7,gateway,gateway_A,raspberrypi,CNN-2,ESP32->RPi,deserialize,119,0.123,0,esp32_edge_simulator_1,0,normal
19:05:01.799,599.7,gateway,gateway_A,raspberrypi,CNN-2,ESP32->RPi,deserialize,120,0.123,0,esp32_edge_normal_2,0,normal
19:05:04.585,602.5,gateway,gateway_A,raspberrypi,CNN-2,ESP32->RPi,deserialize,119,0.096,0,esp32_edge_normal_1,0,normal
19:05:05.802,603.7,gateway,gateway_A,raspberrypi,CNN-2,ESP32->RPi,deserialize,81,0.056,0,esp32_edge_simulator_1,2,scan_A
19:05:06.799,604.7,gateway,gateway_A,raspberrypi,CNN-2,ESP32->RPi,deserialize,120,0.063,0,esp32_edge_normal_2,0,normal
19:05:07.616,605.5,gateway,gateway_A,raspberrypi,CNN-2,RPi->PC,serialize,3657,0.398,0,,,
19:05:12.634,610.5,gateway,gateway_A,raspberrypi,CNN-2,ESP32->RPi,deserialize,115,0.101,0,esp32_edge_normal_1,0,normal
19:05:12.635,610.5,gateway,gateway_A,raspberrypi,CNN-2,ESP32->RPi,deserialize,105,0.066,0,esp32_edge_simulator_1,2,scan_A
19:05:12.636,610.5,gateway,gateway_A,raspberrypi,CNN-2,ESP32->RPi,deserialize,117,0.055,0,esp32_edge_normal_2,0,normal
19:05:14.583,612.5,gateway,gateway_A,raspberrypi,CNN-2,ESP32->RPi,deserialize,121,0.127,0,esp32_edge_normal_1,0,normal
19:05:15.799,613.7,gateway,gateway_A,raspberrypi,CNN-2,ESP32->RPi,deserialize,105,0.125,0,esp32_edge_simulator_1,2,scan_A
19:05:16.804,614.7,gateway,gateway_A,raspberrypi,CNN-2,ESP32->RPi,deserialize,115,0.127,0,esp32_edge_normal_2,0,normal
19:05:19.585,617.5,gateway,gateway_A,raspberrypi,CNN-2,ESP32->RPi,deserialize,121,0.128,0,esp32_edge_normal_1,0,normal
19:05:20.810,618.7,gateway,gateway_A,raspberrypi,CNN-2,ESP32->RPi,deserialize,114,0.124,0,esp32_edge_simulator_1,1,mqtt_bruteforce
19:05:21.873,619.8,gateway,gateway_A,raspberrypi,CNN-2,ESP32->RPi,deserialize,120,0.11,0,esp32_edge_normal_2,0,normal
19:05:24.605,622.5,gateway,gateway_A,raspberrypi,CNN-2,ESP32->RPi,deserialize,121,0.128,0,esp32_edge_normal_1,0,normal
19:05:25.802,623.7,gateway,gateway_A,raspberrypi,CNN-2,ESP32->RPi,deserialize,121,0.066,0,esp32_edge_simulator_1,0,normal
19:05:26.803,624.7,gateway,gateway_A,raspberrypi,CNN-2,ESP32->RPi,deserialize,121,0.062,0,esp32_edge_normal_2,0,normal
19:05:29.582,627.5,gateway,gateway_A,raspberrypi,CNN-2,ESP32->RPi,deserialize,121,0.062,0,esp32_edge_normal_1,0,normal
19:05:30.799,628.7,gateway,gateway_A,raspberrypi,CNN-2,ESP32->RPi,deserialize,113,0.122,0,esp32_edge_simulator_1,1,mqtt_bruteforce
19:05:31.799,629.7,gateway,gateway_A,raspberrypi,CNN-2,ESP32->RPi,deserialize,115,0.119,0,esp32_edge_normal_2,0,normal
19:05:34.582,632.5,gateway,gateway_A,raspberrypi,CNN-2,ESP32->RPi,deserialize,116,0.122,0,esp32_edge_normal_1,0,normal
19:05:35.806,633.7,gateway,gateway_A,raspberrypi,CNN-2,ESP32->RPi,deserialize,120,0.121,0,esp32_edge_simulator_1,0,normal
19:05:36.799,634.7,gateway,gateway_A,raspberrypi,CNN-2,ESP32->RPi,deserialize,120,0.12,0,esp32_edge_normal_2,0,normal
19:05:39.649,637.6,gateway,gateway_A,raspberrypi,CNN-2,ESP32->RPi,deserialize,115,0.123,0,esp32_edge_normal_1,0,normal
19:05:40.806,638.7,gateway,gateway_A,raspberrypi,CNN-2,ESP32->RPi,deserialize,120,0.121,0,esp32_edge_simulator_1,0,normal
19:05:41.798,639.7,gateway,gateway_A,raspberrypi,CNN-2,ESP32->RPi,deserialize,117,0.12,0,esp32_edge_normal_2,0,normal
19:05:44.583,642.5,gateway,gateway_A,raspberrypi,CNN-2,ESP32->RPi,deserialize,117,0.118,0,esp32_edge_normal_1,0,normal
19:05:45.802,643.7,gateway,gateway_A,raspberrypi,CNN-2,ESP32->RPi,deserialize,123,0.062,0,esp32_edge_simulator_1,0,normal
19:05:46.800,644.7,gateway,gateway_A,raspberrypi,CNN-2,ESP32->RPi,deserialize,120,0.061,0,esp32_edge_normal_2,0,normal
19:05:49.581,647.5,gateway,gateway_A,raspberrypi,CNN-2,ESP32->RPi,deserialize,114,0.062,0,esp32_edge_normal_1,0,normal
19:05:50.799,648.7,gateway,gateway_A,raspberrypi,CNN-2,ESP32->RPi,deserialize,106,0.12,0,esp32_edge_simulator_1,2,scan_A
19:05:51.800,649.7,gateway,gateway_A,raspberrypi,CNN-2,ESP32->RPi,deserialize,115,0.121,0,esp32_edge_normal_2,0,normal
19:05:54.599,652.5,gateway,gateway_A,raspberrypi,CNN-2,ESP32->RPi,deserialize,117,0.119,0,esp32_edge_normal_1,0,normal
19:05:55.800,653.7,gateway,gateway_A,raspberrypi,CNN-2,ESP32->RPi,deserialize,120,0.118,0,esp32_edge_simulator_1,0,normal
19:05:56.798,654.7,gateway,gateway_A,raspberrypi,CNN-2,ESP32->RPi,deserialize,118,0.123,0,esp32_edge_normal_2,0,normal
19:05:57.710,655.6,gateway,gateway_A,raspberrypi,CNN-2,RPi->PC,serialize,3660,0.428,0,,,
19:06:02.730,660.6,gateway,gateway_A,raspberrypi,CNN-2,ESP32->RPi,deserialize,115,0.124,0,esp32_edge_normal_1,0,normal
19:06:02.730,660.6,gateway,gateway_A,raspberrypi,CNN-2,ESP32->RPi,deserialize,81,0.07,0,esp32_edge_simulator_1,2,scan_A
19:06:02.731,660.6,gateway,gateway_A,raspberrypi,CNN-2,ESP32->RPi,deserialize,117,0.07,0,esp32_edge_normal_2,0,normal
19:06:04.584,662.5,gateway,gateway_A,raspberrypi,CNN-2,ESP32->RPi,deserialize,116,0.126,0,esp32_edge_normal_1,0,normal
19:06:05.799,663.7,gateway,gateway_A,raspberrypi,CNN-2,ESP32->RPi,deserialize,111,0.13,0,esp32_edge_simulator_1,1,mqtt_bruteforce
19:06:06.797,664.7,gateway,gateway_A,raspberrypi,CNN-2,ESP32->RPi,deserialize,119,0.126,0,esp32_edge_normal_2,0,normal
19:06:09.580,667.5,gateway,gateway_A,raspberrypi,CNN-2,ESP32->RPi,deserialize,120,0.126,0,esp32_edge_normal_1,0,normal
19:06:10.798,668.7,gateway,gateway_A,raspberrypi,CNN-2,ESP32->RPi,deserialize,112,0.127,0,esp32_edge_simulator_1,1,mqtt_bruteforce
19:06:11.797,669.7,gateway,gateway_A,raspberrypi,CNN-2,ESP32->RPi,deserialize,120,0.188,0,esp32_edge_normal_2,0,normal
19:06:14.582,672.5,gateway,gateway_A,raspberrypi,CNN-2,ESP32->RPi,deserialize,116,0.12,0,esp32_edge_normal_1,0,normal
19:06:15.801,673.7,gateway,gateway_A,raspberrypi,CNN-2,ESP32->RPi,deserialize,120,0.203,0,esp32_edge_simulator_1,0,normal
19:06:16.798,674.7,gateway,gateway_A,raspberrypi,CNN-2,ESP32->RPi,deserialize,121,0.121,0,esp32_edge_normal_2,0,normal
19:06:19.688,677.6,gateway,gateway_A,raspberrypi,CNN-2,ESP32->RPi,deserialize,118,0.119,0,esp32_edge_normal_1,0,normal
19:06:20.802,678.7,gateway,gateway_A,raspberrypi,CNN-2,ESP32->RPi,deserialize,105,0.125,0,esp32_edge_simulator_1,2,scan_A
19:06:21.867,679.8,gateway,gateway_A,raspberrypi,CNN-2,ESP32->RPi,deserialize,120,0.121,0,esp32_edge_normal_2,0,normal
19:06:24.613,682.5,gateway,gateway_A,raspberrypi,CNN-2,ESP32->RPi,deserialize,115,0.121,0,esp32_edge_normal_1,0,normal
19:06:25.800,683.7,gateway,gateway_A,raspberrypi,CNN-2,ESP32->RPi,deserialize,120,0.062,0,esp32_edge_simulator_1,0,normal
19:06:26.797,684.7,gateway,gateway_A,raspberrypi,CNN-2,ESP32->RPi,deserialize,115,0.062,0,esp32_edge_normal_2,0,normal
19:06:29.584,687.5,gateway,gateway_A,raspberrypi,CNN-2,ESP32->RPi,deserialize,119,0.061,0,esp32_edge_normal_1,0,normal
19:06:30.801,688.7,gateway,gateway_A,raspberrypi,CNN-2,ESP32->RPi,deserialize,117,0.181,0,esp32_edge_simulator_1,0,normal
19:06:31.799,689.7,gateway,gateway_A,raspberrypi,CNN-2,ESP32->RPi,deserialize,118,0.125,0,esp32_edge_normal_2,0,normal
19:06:34.584,692.5,gateway,gateway_A,raspberrypi,CNN-2,ESP32->RPi,deserialize,120,0.122,0,esp32_edge_normal_1,0,normal
19:06:35.800,693.7,gateway,gateway_A,raspberrypi,CNN-2,ESP32->RPi,deserialize,122,0.122,0,esp32_edge_simulator_1,0,normal
19:06:36.804,694.7,gateway,gateway_A,raspberrypi,CNN-2,ESP32->RPi,deserialize,116,0.122,0,esp32_edge_normal_2,0,normal
19:06:39.657,697.6,gateway,gateway_A,raspberrypi,CNN-2,ESP32->RPi,deserialize,118,0.12,0,esp32_edge_normal_1,0,normal
19:06:40.804,698.7,gateway,gateway_A,raspberrypi,CNN-2,ESP32->RPi,deserialize,117,0.12,0,esp32_edge_simulator_1,0,normal
19:06:41.797,699.7,gateway,gateway_A,raspberrypi,CNN-2,ESP32->RPi,deserialize,120,0.196,0,esp32_edge_normal_2,0,normal
19:06:44.580,702.5,gateway,gateway_A,raspberrypi,CNN-2,ESP32->RPi,deserialize,117,0.062,0,esp32_edge_normal_1,0,normal
19:06:45.799,703.7,gateway,gateway_A,raspberrypi,CNN-2,ESP32->RPi,deserialize,108,0.063,0,esp32_edge_simulator_1,2,scan_A
19:06:46.798,704.7,gateway,gateway_A,raspberrypi,CNN-2,ESP32->RPi,deserialize,121,0.062,0,esp32_edge_normal_2,0,normal
19:06:47.685,705.6,gateway,gateway_A,raspberrypi,CNN-2,RPi->PC,serialize,3660,0.44,0,,,
19:06:52.702,710.6,gateway,gateway_A,raspberrypi,CNN-2,ESP32->RPi,deserialize,116,0.124,0,esp32_edge_normal_1,0,normal
19:06:52.703,710.6,gateway,gateway_A,raspberrypi,CNN-2,ESP32->RPi,deserialize,119,0.074,0,esp32_edge_simulator_1,0,normal
19:06:52.704,710.6,gateway,gateway_A,raspberrypi,CNN-2,ESP32->RPi,deserialize,117,0.066,0,esp32_edge_normal_2,0,normal
19:06:54.580,712.5,gateway,gateway_A,raspberrypi,CNN-2,ESP32->RPi,deserialize,120,0.064,0,esp32_edge_normal_1,0,normal
19:06:55.796,713.7,gateway,gateway_A,raspberrypi,CNN-2,ESP32->RPi,deserialize,108,0.062,0,esp32_edge_simulator_1,2,scan_A
19:06:56.794,714.7,gateway,gateway_A,raspberrypi,CNN-2,ESP32->RPi,deserialize,115,0.063,0,esp32_edge_normal_2,0,normal
19:06:59.585,717.5,gateway,gateway_A,raspberrypi,CNN-2,ESP32->RPi,deserialize,113,0.131,0,esp32_edge_normal_1,0,normal
19:07:00.798,718.7,gateway,gateway_A,raspberrypi,CNN-2,ESP32->RPi,deserialize,119,0.124,0,esp32_edge_simulator_1,0,normal
19:07:01.799,719.7,gateway,gateway_A,raspberrypi,CNN-2,ESP32->RPi,deserialize,118,0.124,0,esp32_edge_normal_2,0,normal
19:07:04.642,722.5,gateway,gateway_A,raspberrypi,CNN-2,ESP32->RPi,deserialize,118,0.106,0,esp32_edge_normal_1,0,normal
19:07:05.804,723.7,gateway,gateway_A,raspberrypi,CNN-2,ESP32->RPi,deserialize,122,0.121,0,esp32_edge_simulator_1,0,normal
19:07:06.799,724.7,gateway,gateway_A,raspberrypi,CNN-2,ESP32->RPi,deserialize,118,0.121,0,esp32_edge_normal_2,0,normal
19:07:09.583,727.5,gateway,gateway_A,raspberrypi,CNN-2,ESP32->RPi,deserialize,115,0.119,0,esp32_edge_normal_1,0,normal
19:07:10.799,728.7,gateway,gateway_A,raspberrypi,CNN-2,ESP32->RPi,deserialize,121,0.123,0,esp32_edge_simulator_1,0,normal
19:07:11.795,729.7,gateway,gateway_A,raspberrypi,CNN-2,ESP32->RPi,deserialize,117,0.12,0,esp32_edge_normal_2,0,normal
19:07:14.580,732.5,gateway,gateway_A,raspberrypi,CNN-2,ESP32->RPi,deserialize,117,0.12,0,esp32_edge_normal_1,0,normal
19:07:15.796,733.7,gateway,gateway_A,raspberrypi,CNN-2,ESP32->RPi,deserialize,100,0.121,0,esp32_edge_simulator_1,2,scan_A
19:07:16.795,734.7,gateway,gateway_A,raspberrypi,CNN-2,ESP32->RPi,deserialize,117,0.164,0,esp32_edge_normal_2,0,normal
19:07:19.593,737.5,gateway,gateway_A,raspberrypi,CNN-2,ESP32->RPi,deserialize,116,0.12,0,esp32_edge_normal_1,0,normal
19:07:20.797,738.7,gateway,gateway_A,raspberrypi,CNN-2,ESP32->RPi,deserialize,107,0.121,0,esp32_edge_simulator_1,2,scan_A
19:07:21.871,739.8,gateway,gateway_A,raspberrypi,CNN-2,ESP32->RPi,deserialize,116,0.119,0,esp32_edge_normal_2,0,normal
19:07:24.686,742.6,gateway,gateway_A,raspberrypi,CNN-2,ESP32->RPi,deserialize,117,0.062,0,esp32_edge_normal_1,0,normal
19:07:25.798,743.7,gateway,gateway_A,raspberrypi,CNN-2,ESP32->RPi,deserialize,122,0.062,0,esp32_edge_simulator_1,0,normal
19:07:26.795,744.7,gateway,gateway_A,raspberrypi,CNN-2,ESP32->RPi,deserialize,119,0.064,0,esp32_edge_normal_2,0,normal
19:07:29.628,747.5,gateway,gateway_A,raspberrypi,CNN-2,ESP32->RPi,deserialize,117,0.121,0,esp32_edge_normal_1,0,normal
19:07:30.801,748.7,gateway,gateway_A,raspberrypi,CNN-2,ESP32->RPi,deserialize,123,0.119,0,esp32_edge_simulator_1,0,normal
19:07:31.796,749.7,gateway,gateway_A,raspberrypi,CNN-2,ESP32->RPi,deserialize,121,0.118,0,esp32_edge_normal_2,0,normal
19:07:34.649,752.6,gateway,gateway_A,raspberrypi,CNN-2,ESP32->RPi,deserialize,121,0.121,0,esp32_edge_normal_1,0,normal
19:07:35.807,753.7,gateway,gateway_A,raspberrypi,CNN-2,ESP32->RPi,deserialize,113,0.122,0,esp32_edge_simulator_1,1,mqtt_bruteforce
19:07:36.796,754.7,gateway,gateway_A,raspberrypi,CNN-2,ESP32->RPi,deserialize,118,0.119,0,esp32_edge_normal_2,0,normal
19:07:37.750,755.7,gateway,gateway_A,raspberrypi,CNN-2,RPi->PC,serialize,3659,0.451,0,,,
19:07:42.856,760.8,gateway,gateway_A,raspberrypi,CNN-2,ESP32->RPi,deserialize,121,0.118,0,esp32_edge_normal_1,0,normal
19:07:42.857,760.8,gateway,gateway_A,raspberrypi,CNN-2,ESP32->RPi,deserialize,113,0.074,0,esp32_edge_simulator_1,1,mqtt_bruteforce
19:07:42.858,760.8,gateway,gateway_A,raspberrypi,CNN-2,ESP32->RPi,deserialize,117,0.065,0,esp32_edge_normal_2,0,normal
19:07:44.580,762.5,gateway,gateway_A,raspberrypi,CNN-2,ESP32->RPi,deserialize,120,0.122,0,esp32_edge_normal_1,0,normal
19:07:45.798,763.7,gateway,gateway_A,raspberrypi,CNN-2,ESP32->RPi,deserialize,81,0.109,0,esp32_edge_simulator_1,2,scan_A
19:07:46.796,764.7,gateway,gateway_A,raspberrypi,CNN-2,ESP32->RPi,deserialize,117,0.161,0,esp32_edge_normal_2,0,normal
19:07:49.580,767.5,gateway,gateway_A,raspberrypi,CNN-2,ESP32->RPi,deserialize,117,0.119,0,esp32_edge_normal_1,0,normal
19:07:50.796,768.7,gateway,gateway_A,raspberrypi,CNN-2,ESP32->RPi,deserialize,107,0.117,0,esp32_edge_simulator_1,2,scan_A
19:07:51.798,769.7,gateway,gateway_A,raspberrypi,CNN-2,ESP32->RPi,deserialize,117,0.117,0,esp32_edge_normal_2,0,normal
19:07:54.614,772.5,gateway,gateway_A,raspberrypi,CNN-2,ESP32->RPi,deserialize,116,0.122,0,esp32_edge_normal_1,0,normal
19:07:55.795,773.7,gateway,gateway_A,raspberrypi,CNN-2,ESP32->RPi,deserialize,81,0.124,0,esp32_edge_simulator_1,2,scan_A
19:07:56.794,774.7,gateway,gateway_A,raspberrypi,CNN-2,ESP32->RPi,deserialize,115,0.117,0,esp32_edge_normal_2,0,normal
19:07:59.631,777.5,gateway,gateway_A,raspberrypi,CNN-2,ESP32->RPi,deserialize,120,0.119,0,esp32_edge_normal_1,0,normal
19:08:00.795,778.7,gateway,gateway_A,raspberrypi,CNN-2,ESP32->RPi,deserialize,102,0.118,0,esp32_edge_simulator_1,2,scan_A
19:08:01.795,779.7,gateway,gateway_A,raspberrypi,CNN-2,ESP32->RPi,deserialize,113,0.118,0,esp32_edge_normal_2,0,normal
19:08:04.649,782.6,gateway,gateway_A,raspberrypi,CNN-2,ESP32->RPi,deserialize,120,0.192,0,esp32_edge_normal_1,0,normal
19:08:05.799,783.7,gateway,gateway_A,raspberrypi,CNN-2,ESP32->RPi,deserialize,108,0.12,0,esp32_edge_simulator_1,2,scan_A
19:08:06.794,784.7,gateway,gateway_A,raspberrypi,CNN-2,ESP32->RPi,deserialize,115,0.119,0,esp32_edge_normal_2,0,normal
19:08:09.667,787.6,gateway,gateway_A,raspberrypi,CNN-2,ESP32->RPi,deserialize,120,0.119,0,esp32_edge_normal_1,0,normal
19:08:10.800,788.7,gateway,gateway_A,raspberrypi,CNN-2,ESP32->RPi,deserialize,120,0.12,0,esp32_edge_simulator_1,0,normal
19:08:11.794,789.7,gateway,gateway_A,raspberrypi,CNN-2,ESP32->RPi,deserialize,120,0.12,0,esp32_edge_normal_2,0,normal
19:08:14.582,792.5,gateway,gateway_A,raspberrypi,CNN-2,ESP32->RPi,deserialize,118,0.119,0,esp32_edge_normal_1,0,normal
19:08:15.805,793.7,gateway,gateway_A,raspberrypi,CNN-2,ESP32->RPi,deserialize,116,0.122,0,esp32_edge_simulator_1,1,mqtt_bruteforce
19:08:16.796,794.7,gateway,gateway_A,raspberrypi,CNN-2,ESP32->RPi,deserialize,115,0.121,0,esp32_edge_normal_2,0,normal
19:08:19.582,797.5,gateway,gateway_A,raspberrypi,CNN-2,ESP32->RPi,deserialize,121,0.12,0,esp32_edge_normal_1,0,normal
19:08:20.797,798.7,gateway,gateway_A,raspberrypi,CNN-2,ESP32->RPi,deserialize,122,0.12,0,esp32_edge_simulator_1,0,normal
19:08:21.877,799.8,gateway,gateway_A,raspberrypi,CNN-2,ESP32->RPi,deserialize,115,0.122,0,esp32_edge_normal_2,0,normal
19:08:24.631,802.5,gateway,gateway_A,raspberrypi,CNN-2,ESP32->RPi,deserialize,117,0.127,0,esp32_edge_normal_1,0,normal
19:08:25.798,803.7,gateway,gateway_A,raspberrypi,CNN-2,ESP32->RPi,deserialize,120,0.062,0,esp32_edge_simulator_1,0,normal
19:08:26.792,804.7,gateway,gateway_A,raspberrypi,CNN-2,ESP32->RPi,deserialize,121,0.062,0,esp32_edge_normal_2,0,normal
19:08:27.624,805.5,gateway,gateway_A,raspberrypi,CNN-2,RPi->PC,serialize,3657,0.414,0,,,
19:08:32.730,810.6,gateway,gateway_A,raspberrypi,CNN-2,ESP32->RPi,deserialize,117,0.124,0,esp32_edge_normal_1,0,normal
19:08:32.731,810.6,gateway,gateway_A,raspberrypi,CNN-2,ESP32->RPi,deserialize,117,0.07,0,esp32_edge_simulator_1,0,normal
19:08:32.732,810.6,gateway,gateway_A,raspberrypi,CNN-2,ESP32->RPi,deserialize,119,0.068,0,esp32_edge_normal_2,0,normal
19:08:34.578,812.5,gateway,gateway_A,raspberrypi,CNN-2,ESP32->RPi,deserialize,118,0.122,0,esp32_edge_normal_1,0,normal
19:08:35.795,813.7,gateway,gateway_A,raspberrypi,CNN-2,ESP32->RPi,deserialize,107,0.116,0,esp32_edge_simulator_1,2,scan_A
19:08:36.795,814.7,gateway,gateway_A,raspberrypi,CNN-2,ESP32->RPi,deserialize,116,0.116,0,esp32_edge_normal_2,0,normal
19:08:39.579,817.5,gateway,gateway_A,raspberrypi,CNN-2,ESP32->RPi,deserialize,117,0.107,0,esp32_edge_normal_1,0,normal
19:08:40.796,818.7,gateway,gateway_A,raspberrypi,CNN-2,ESP32->RPi,deserialize,115,0.117,0,esp32_edge_simulator_1,0,normal
19:08:41.793,819.7,gateway,gateway_A,raspberrypi,CNN-2,ESP32->RPi,deserialize,116,0.118,0,esp32_edge_normal_2,0,normal
19:08:44.580,822.5,gateway,gateway_A,raspberrypi,CNN-2,ESP32->RPi,deserialize,120,0.119,0,esp32_edge_normal_1,0,normal
19:08:45.796,823.7,gateway,gateway_A,raspberrypi,CNN-2,ESP32->RPi,deserialize,117,0.12,0,esp32_edge_simulator_1,0,normal
19:08:46.794,824.7,gateway,gateway_A,raspberrypi,CNN-2,ESP32->RPi,deserialize,120,0.118,0,esp32_edge_normal_2,0,normal
19:08:49.578,827.5,gateway,gateway_A,raspberrypi,CNN-2,ESP32->RPi,deserialize,118,0.122,0,esp32_edge_normal_1,0,normal
19:08:50.793,828.7,gateway,gateway_A,raspberrypi,CNN-2,ESP32->RPi,deserialize,81,0.104,0,esp32_edge_simulator_1,2,scan_A
19:08:51.793,829.7,gateway,gateway_A,raspberrypi,CNN-2,ESP32->RPi,deserialize,118,0.119,0,esp32_edge_normal_2,0,normal
19:08:54.578,832.5,gateway,gateway_A,raspberrypi,CNN-2,ESP32->RPi,deserialize,120,0.107,0,esp32_edge_normal_1,0,normal
19:08:55.804,833.7,gateway,gateway_A,raspberrypi,CNN-2,ESP32->RPi,deserialize,113,0.122,0,esp32_edge_simulator_1,1,mqtt_bruteforce
19:08:56.793,834.7,gateway,gateway_A,raspberrypi,CNN-2,ESP32->RPi,deserialize,113,0.119,0,esp32_edge_normal_2,0,normal
19:08:59.638,837.5,gateway,gateway_A,raspberrypi,CNN-2,ESP32->RPi,deserialize,115,0.122,0,esp32_edge_normal_1,0,normal
19:09:00.793,838.7,gateway,gateway_A,raspberrypi,CNN-2,ESP32->RPi,deserialize,108,0.121,0,esp32_edge_simulator_1,2,scan_A
19:09:01.795,839.7,gateway,gateway_A,raspberrypi,CNN-2,ESP32->RPi,deserialize,107,0.161,0,esp32_edge_normal_2,0,normal
19:09:04.655,842.6,gateway,gateway_A,raspberrypi,CNN-2,ESP32->RPi,deserialize,114,0.107,0,esp32_edge_normal_1,0,normal
19:09:05.798,843.7,gateway,gateway_A,raspberrypi,CNN-2,ESP32->RPi,deserialize,117,0.118,0,esp32_edge_simulator_1,0,normal
19:09:06.794,844.7,gateway,gateway_A,raspberrypi,CNN-2,ESP32->RPi,deserialize,111,0.119,0,esp32_edge_normal_2,0,normal
19:09:09.577,847.5,gateway,gateway_A,raspberrypi,CNN-2,ESP32->RPi,deserialize,115,0.107,0,esp32_edge_normal_1,0,normal
19:09:10.795,848.7,gateway,gateway_A,raspberrypi,CNN-2,ESP32->RPi,deserialize,121,0.124,0,esp32_edge_simulator_1,0,normal
19:09:11.794,849.7,gateway,gateway_A,raspberrypi,CNN-2,ESP32->RPi,deserialize,121,0.122,0,esp32_edge_normal_2,0,normal
19:09:14.579,852.5,gateway,gateway_A,raspberrypi,CNN-2,ESP32->RPi,deserialize,121,0.119,0,esp32_edge_normal_1,0,normal
19:09:15.792,853.7,gateway,gateway_A,raspberrypi,CNN-2,ESP32->RPi,deserialize,106,0.121,0,esp32_edge_simulator_1,2,scan_A
19:09:16.793,854.7,gateway,gateway_A,raspberrypi,CNN-2,ESP32->RPi,deserialize,120,0.118,0,esp32_edge_normal_2,0,normal
19:09:17.672,855.6,gateway,gateway_A,raspberrypi,CNN-2,RPi->PC,serialize,3639,0.409,0,,,
19:09:22.703,860.6,gateway,gateway_A,raspberrypi,CNN-2,ESP32->RPi,deserialize,110,0.122,0,esp32_edge_normal_1,0,normal
19:09:22.703,860.6,gateway,gateway_A,raspberrypi,CNN-2,ESP32->RPi,deserialize,120,0.074,0,esp32_edge_simulator_1,0,normal
19:09:22.704,860.6,gateway,gateway_A,raspberrypi,CNN-2,ESP32->RPi,deserialize,117,0.065,0,esp32_edge_normal_2,0,normal
19:09:24.579,862.5,gateway,gateway_A,raspberrypi,CNN-2,ESP32->RPi,deserialize,115,0.122,0,esp32_edge_normal_1,0,normal
19:09:25.793,863.7,gateway,gateway_A,raspberrypi,CNN-2,ESP32->RPi,deserialize,81,0.056,0,esp32_edge_simulator_1,2,scan_A
19:09:26.791,864.7,gateway,gateway_A,raspberrypi,CNN-2,ESP32->RPi,deserialize,120,0.062,0,esp32_edge_normal_2,0,normal
19:09:29.584,867.5,gateway,gateway_A,raspberrypi,CNN-2,ESP32->RPi,deserialize,117,0.063,0,esp32_edge_normal_1,0,normal
19:09:30.802,868.7,gateway,gateway_A,raspberrypi,CNN-2,ESP32->RPi,deserialize,112,0.12,0,esp32_edge_simulator_1,1,mqtt_bruteforce
19:09:31.793,869.7,gateway,gateway_A,raspberrypi,CNN-2,ESP32->RPi,deserialize,116,0.12,0,esp32_edge_normal_2,0,normal
19:09:34.660,872.6,gateway,gateway_A,raspberrypi,CNN-2,ESP32->RPi,deserialize,107,0.128,0,esp32_edge_normal_1,0,normal
19:09:35.794,873.7,gateway,gateway_A,raspberrypi,CNN-2,ESP32->RPi,deserialize,107,0.136,0,esp32_edge_simulator_1,2,scan_A
19:09:36.792,874.7,gateway,gateway_A,raspberrypi,CNN-2,ESP32->RPi,deserialize,120,0.116,0,esp32_edge_normal_2,0,normal
19:09:39.580,877.5,gateway,gateway_A,raspberrypi,CNN-2,ESP32->RPi,deserialize,120,0.119,0,esp32_edge_normal_1,0,normal
19:09:40.805,878.7,gateway,gateway_A,raspberrypi,CNN-2,ESP32->RPi,deserialize,110,0.12,0,esp32_edge_simulator_1,1,mqtt_bruteforce
19:09:41.790,879.7,gateway,gateway_A,raspberrypi,CNN-2,ESP32->RPi,deserialize,119,0.119,0,esp32_edge_normal_2,0,normal
19:09:44.593,882.5,gateway,gateway_A,raspberrypi,CNN-2,ESP32->RPi,deserialize,117,0.118,0,esp32_edge_normal_1,0,normal
19:09:45.791,883.7,gateway,gateway_A,raspberrypi,CNN-2,ESP32->RPi,deserialize,111,0.121,0,esp32_edge_simulator_1,1,mqtt_bruteforce
19:09:46.794,884.7,gateway,gateway_A,raspberrypi,CNN-2,ESP32->RPi,deserialize,119,0.122,0,esp32_edge_normal_2,0,normal
19:09:49.610,887.5,gateway,gateway_A,raspberrypi,CNN-2,ESP32->RPi,deserialize,115,0.122,0,esp32_edge_normal_1,0,normal
19:09:50.795,888.7,gateway,gateway_A,raspberrypi,CNN-2,ESP32->RPi,deserialize,118,0.118,0,esp32_edge_simulator_1,0,normal
19:09:51.792,889.7,gateway,gateway_A,raspberrypi,CNN-2,ESP32->RPi,deserialize,121,0.119,0,esp32_edge_normal_2,0,normal
19:09:54.628,892.5,gateway,gateway_A,raspberrypi,CNN-2,ESP32->RPi,deserialize,115,0.109,0,esp32_edge_normal_1,0,normal
19:09:55.792,893.7,gateway,gateway_A,raspberrypi,CNN-2,ESP32->RPi,deserialize,81,0.111,0,esp32_edge_simulator_1,2,scan_A
19:09:56.796,894.7,gateway,gateway_A,raspberrypi,CNN-2,ESP32->RPi,deserialize,117,0.121,0,esp32_edge_normal_2,0,normal
19:09:59.646,897.6,gateway,gateway_A,raspberrypi,CNN-2,ESP32->RPi,deserialize,120,0.119,0,esp32_edge_normal_1,0,normal
19:10:00.792,898.7,gateway,gateway_A,raspberrypi,CNN-2,ESP32->RPi,deserialize,105,0.121,0,esp32_edge_simulator_1,2,scan_A
19:10:01.791,899.7,gateway,gateway_A,raspberrypi,CNN-2,ESP32->RPi,deserialize,121,0.119,0,esp32_edge_normal_2,0,normal
19:10:04.663,902.6,gateway,gateway_A,raspberrypi,CNN-2,ESP32->RPi,deserialize,117,0.119,0,esp32_edge_normal_1,0,normal
19:10:05.797,903.7,gateway,gateway_A,raspberrypi,CNN-2,ESP32->RPi,deserialize,107,0.119,0,esp32_edge_simulator_1,2,scan_A
19:10:06.791,904.7,gateway,gateway_A,raspberrypi,CNN-2,ESP32->RPi,deserialize,120,0.116,0,esp32_edge_normal_2,0,normal
19:10:07.666,905.6,gateway,gateway_A,raspberrypi,CNN-2,RPi->PC,serialize,3652,0.429,0,,,
19:10:12.778,910.7,gateway,gateway_A,raspberrypi,CNN-2,ESP32->RPi,deserialize,114,0.121,0,esp32_edge_normal_1,0,normal
19:10:12.779,910.7,gateway,gateway_A,raspberrypi,CNN-2,ESP32->RPi,deserialize,117,0.07,0,esp32_edge_simulator_1,0,normal
19:10:12.779,910.7,gateway,gateway_A,raspberrypi,CNN-2,ESP32->RPi,deserialize,116,0.067,0,esp32_edge_normal_2,0,normal
19:10:14.575,912.5,gateway,gateway_A,raspberrypi,CNN-2,ESP32->RPi,deserialize,121,0.123,0,esp32_edge_normal_1,0,normal
19:10:15.804,913.7,gateway,gateway_A,raspberrypi,CNN-2,ESP32->RPi,deserialize,110,0.121,0,esp32_edge_simulator_1,1,mqtt_bruteforce
19:10:16.796,914.7,gateway,gateway_A,raspberrypi,CNN-2,ESP32->RPi,deserialize,115,0.121,0,esp32_edge_normal_2,0,normal
19:10:19.576,917.5,gateway,gateway_A,raspberrypi,CNN-2,ESP32->RPi,deserialize,121,0.125,0,esp32_edge_normal_1,0,normal
19:10:20.801,918.7,gateway,gateway_A,raspberrypi,CNN-2,ESP32->RPi,deserialize,106,0.125,0,esp32_edge_simulator_1,1,mqtt_bruteforce
19:10:21.883,919.8,gateway,gateway_A,raspberrypi,CNN-2,ESP32->RPi,deserialize,119,0.119,0,esp32_edge_normal_2,0,normal
19:10:24.577,922.5,gateway,gateway_A,raspberrypi,CNN-2,ESP32->RPi,deserialize,119,0.119,0,esp32_edge_normal_1,0,normal
19:10:25.792,923.7,gateway,gateway_A,raspberrypi,CNN-2,ESP32->RPi,deserialize,114,0.118,0,esp32_edge_simulator_1,1,mqtt_bruteforce
19:10:26.801,924.7,gateway,gateway_A,raspberrypi,CNN-2,ESP32->RPi,deserialize,116,0.201,0,esp32_edge_normal_2,0,normal
19:10:29.649,927.6,gateway,gateway_A,raspberrypi,CNN-2,ESP32->RPi,deserialize,114,0.121,0,esp32_edge_normal_1,0,normal
19:10:30.803,928.7,gateway,gateway_A,raspberrypi,CNN-2,ESP32->RPi,deserialize,110,0.121,0,esp32_edge_simulator_1,1,mqtt_bruteforce
19:10:31.790,929.7,gateway,gateway_A,raspberrypi,CNN-2,ESP32->RPi,deserialize,114,0.12,0,esp32_edge_normal_2,0,normal
19:10:34.667,932.6,gateway,gateway_A,raspberrypi,CNN-2,ESP32->RPi,deserialize,121,0.118,0,esp32_edge_normal_1,0,normal
19:10:35.795,933.7,gateway,gateway_A,raspberrypi,CNN-2,ESP32->RPi,deserialize,118,0.118,0,esp32_edge_simulator_1,0,normal
19:10:36.790,934.7,gateway,gateway_A,raspberrypi,CNN-2,ESP32->RPi,deserialize,116,0.122,0,esp32_edge_normal_2,0,normal
19:10:39.584,937.5,gateway,gateway_A,raspberrypi,CNN-2,ESP32->RPi,deserialize,118,0.126,0,esp32_edge_normal_1,0,normal
19:10:40.793,938.7,gateway,gateway_A,raspberrypi,CNN-2,ESP32->RPi,deserialize,123,0.202,0,esp32_edge_simulator_1,0,normal
19:10:41.791,939.7,gateway,gateway_A,raspberrypi,CNN-2,ESP32->RPi,deserialize,119,0.12,0,esp32_edge_normal_2,0,normal
19:10:44.575,942.5,gateway,gateway_A,raspberrypi,CNN-2,ESP32->RPi,deserialize,117,0.118,0,esp32_edge_normal_1,0,normal
19:10:45.790,943.7,gateway,gateway_A,raspberrypi,CNN-2,ESP32->RPi,deserialize,106,0.118,0,esp32_edge_simulator_1,2,scan_A
19:10:46.790,944.7,gateway,gateway_A,raspberrypi,CNN-2,ESP32->RPi,deserialize,120,0.121,0,esp32_edge_normal_2,0,normal
19:10:49.573,947.5,gateway,gateway_A,raspberrypi,CNN-2,ESP32->RPi,deserialize,114,0.119,0,esp32_edge_normal_1,0,normal
19:10:50.791,948.7,gateway,gateway_A,raspberrypi,CNN-2,ESP32->RPi,deserialize,106,0.12,0,esp32_edge_simulator_1,1,mqtt_bruteforce
19:10:51.789,949.7,gateway,gateway_A,raspberrypi,CNN-2,ESP32->RPi,deserialize,114,0.106,0,esp32_edge_normal_2,0,normal
19:10:54.577,952.5,gateway,gateway_A,raspberrypi,CNN-2,ESP32->RPi,deserialize,114,0.12,0,esp32_edge_normal_1,0,normal
19:10:55.802,953.7,gateway,gateway_A,raspberrypi,CNN-2,ESP32->RPi,deserialize,112,0.124,0,esp32_edge_simulator_1,1,mqtt_bruteforce
19:10:56.791,954.7,gateway,gateway_A,raspberrypi,CNN-2,ESP32->RPi,deserialize,121,0.119,0,esp32_edge_normal_2,0,normal
19:10:57.652,955.6,gateway,gateway_A,raspberrypi,CNN-2,RPi->PC,serialize,3634,0.428,0,,,
19:11:02.751,960.7,gateway,gateway_A,raspberrypi,CNN-2,ESP32->RPi,deserialize,121,0.123,0,esp32_edge_normal_1,0,normal
19:11:02.752,960.7,gateway,gateway_A,raspberrypi,CNN-2,ESP32->RPi,deserialize,120,0.07,0,esp32_edge_simulator_1,0,normal
19:11:02.753,960.7,gateway,gateway_A,raspberrypi,CNN-2,ESP32->RPi,deserialize,113,0.07,0,esp32_edge_normal_2,0,normal
19:11:04.573,962.5,gateway,gateway_A,raspberrypi,CNN-2,ESP32->RPi,deserialize,121,0.112,0,esp32_edge_normal_1,0,normal
19:11:05.793,963.7,gateway,gateway_A,raspberrypi,CNN-2,ESP32->RPi,deserialize,104,0.125,0,esp32_edge_simulator_1,2,scan_A
19:11:06.792,964.7,gateway,gateway_A,raspberrypi,CNN-2,ESP32->RPi,deserialize,118,0.112,0,esp32_edge_normal_2,0,normal
19:11:09.573,967.5,gateway,gateway_A,raspberrypi,CNN-2,ESP32->RPi,deserialize,117,0.123,0,esp32_edge_normal_1,0,normal
19:11:10.793,968.7,gateway,gateway_A,raspberrypi,CNN-2,ESP32->RPi,deserialize,107,0.169,0,esp32_edge_simulator_1,2,scan_A
19:11:11.788,969.7,gateway,gateway_A,raspberrypi,CNN-2,ESP32->RPi,deserialize,121,0.125,0,esp32_edge_normal_2,0,normal
19:11:14.575,972.5,gateway,gateway_A,raspberrypi,CNN-2,ESP32->RPi,deserialize,116,0.126,0,esp32_edge_normal_1,0,normal
19:11:15.788,973.7,gateway,gateway_A,raspberrypi,CNN-2,ESP32->RPi,deserialize,106,0.122,0,esp32_edge_simulator_1,2,scan_A
19:11:16.789,974.7,gateway,gateway_A,raspberrypi,CNN-2,ESP32->RPi,deserialize,118,0.12,0,esp32_edge_normal_2,0,normal
19:11:19.621,977.5,gateway,gateway_A,raspberrypi,CNN-2,ESP32->RPi,deserialize,115,0.123,0,esp32_edge_normal_1,0,normal
19:11:20.797,978.7,gateway,gateway_A,raspberrypi,CNN-2,ESP32->RPi,deserialize,113,0.12,0,esp32_edge_simulator_1,1,mqtt_bruteforce
19:11:21.872,979.8,gateway,gateway_A,raspberrypi,CNN-2,ESP32->RPi,deserialize,117,0.121,0,esp32_edge_normal_2,0,normal
19:11:24.574,982.5,gateway,gateway_A,raspberrypi,CNN-2,ESP32->RPi,deserialize,116,0.124,0,esp32_edge_normal_1,0,normal
19:11:25.794,983.7,gateway,gateway_A,raspberrypi,CNN-2,ESP32->RPi,deserialize,122,0.062,0,esp32_edge_simulator_1,0,normal
19:11:26.787,984.7,gateway,gateway_A,raspberrypi,CNN-2,ESP32->RPi,deserialize,121,0.061,0,esp32_edge_normal_2,0,normal
19:11:29.655,987.6,gateway,gateway_A,raspberrypi,CNN-2,ESP32->RPi,deserialize,120,0.063,0,esp32_edge_normal_1,0,normal
19:11:30.791,988.7,gateway,gateway_A,raspberrypi,CNN-2,ESP32->RPi,deserialize,119,0.12,0,esp32_edge_simulator_1,0,normal
19:11:31.787,989.7,gateway,gateway_A,raspberrypi,CNN-2,ESP32->RPi,deserialize,107,0.121,0,esp32_edge_normal_2,0,normal
19:11:34.674,992.6,gateway,gateway_A,raspberrypi,CNN-2,ESP32->RPi,deserialize,119,0.119,0,esp32_edge_normal_1,0,normal
19:11:35.790,993.7,gateway,gateway_A,raspberrypi,CNN-2,ESP32->RPi,deserialize,81,0.108,0,esp32_edge_simulator_1,2,scan_A
19:11:36.789,994.7,gateway,gateway_A,raspberrypi,CNN-2,ESP32->RPi,deserialize,113,0.124,0,esp32_edge_normal_2,0,normal
19:11:39.592,997.5,gateway,gateway_A,raspberrypi,CNN-2,ESP32->RPi,deserialize,120,0.121,0,esp32_edge_normal_1,0,normal
19:11:40.791,998.7,gateway,gateway_A,raspberrypi,CNN-2,ESP32->RPi,deserialize,121,0.119,0,esp32_edge_simulator_1,0,normal
19:11:41.788,999.7,gateway,gateway_A,raspberrypi,CNN-2,ESP32->RPi,deserialize,117,0.123,0,esp32_edge_normal_2,0,normal
19:11:44.572,1002.5,gateway,gateway_A,raspberrypi,CNN-2,ESP32->RPi,deserialize,115,0.078,0,esp32_edge_normal_1,0,normal
19:11:45.791,1003.7,gateway,gateway_A,raspberrypi,CNN-2,ESP32->RPi,deserialize,121,0.063,0,esp32_edge_simulator_1,0,normal
19:11:46.789,1004.7,gateway,gateway_A,raspberrypi,CNN-2,ESP32->RPi,deserialize,116,0.065,0,esp32_edge_normal_2,0,normal
19:11:47.670,1005.6,gateway,gateway_A,raspberrypi,CNN-2,RPi->PC,serialize,3642,0.404,0,,,
19:11:52.721,1010.6,gateway,gateway_A,raspberrypi,CNN-2,ESP32->RPi,deserialize,116,0.125,0,esp32_edge_normal_1,0,normal
19:11:52.722,1010.6,gateway,gateway_A,raspberrypi,CNN-2,ESP32->RPi,deserialize,108,0.075,0,esp32_edge_simulator_1,2,scan_A
19:11:52.722,1010.6,gateway,gateway_A,raspberrypi,CNN-2,ESP32->RPi,deserialize,115,0.068,0,esp32_edge_normal_2,0,normal
19:11:54.572,1012.5,gateway,gateway_A,raspberrypi,CNN-2,ESP32->RPi,deserialize,119,0.118,0,esp32_edge_normal_1,0,normal
19:11:55.792,1013.7,gateway,gateway_A,raspberrypi,CNN-2,ESP32->RPi,deserialize,123,0.12,0,esp32_edge_simulator_1,0,normal
19:11:56.794,1014.7,gateway,gateway_A,raspberrypi,CNN-2,ESP32->RPi,deserialize,112,0.127,0,esp32_edge_normal_2,0,normal
19:11:59.571,1017.5,gateway,gateway_A,raspberrypi,CNN-2,ESP32->RPi,deserialize,116,0.119,0,esp32_edge_normal_1,0,normal
19:12:00.798,1018.7,gateway,gateway_A,raspberrypi,CNN-2,ESP32->RPi,deserialize,112,0.124,0,esp32_edge_simulator_1,1,mqtt_bruteforce
19:12:01.789,1019.7,gateway,gateway_A,raspberrypi,CNN-2,ESP32->RPi,deserialize,116,0.12,0,esp32_edge_normal_2,0,normal
19:12:04.679,1022.6,gateway,gateway_A,raspberrypi,CNN-2,ESP32->RPi,deserialize,117,0.109,0,esp32_edge_normal_1,0,normal
19:12:05.788,1023.7,gateway,gateway_A,raspberrypi,CNN-2,ESP32->RPi,deserialize,112,0.121,0,esp32_edge_simulator_1,1,mqtt_bruteforce
19:12:09.089,1027.0,gateway,gateway_A,raspberrypi,CNN-2,ESP32->RPi,deserialize,115,0.123,0,esp32_edge_normal_2,0,normal
19:12:09.593,1027.5,gateway,gateway_A,raspberrypi,CNN-2,ESP32->RPi,deserialize,119,0.119,0,esp32_edge_normal_1,0,normal
19:12:10.788,1028.7,gateway,gateway_A,raspberrypi,CNN-2,ESP32->RPi,deserialize,104,0.12,0,esp32_edge_simulator_1,2,scan_A
19:12:11.798,1029.7,gateway,gateway_A,raspberrypi,CNN-2,ESP32->RPi,deserialize,115,0.12,0,esp32_edge_normal_2,0,normal
19:12:14.570,1032.5,gateway,gateway_A,raspberrypi,CNN-2,ESP32->RPi,deserialize,116,0.108,0,esp32_edge_normal_1,0,normal
19:12:15.791,1033.7,gateway,gateway_A,raspberrypi,CNN-2,ESP32->RPi,deserialize,122,0.119,0,esp32_edge_simulator_1,0,normal
19:12:16.792,1034.7,gateway,gateway_A,raspberrypi,CNN-2,ESP32->RPi,deserialize,115,0.118,0,esp32_edge_normal_2,0,normal
19:12:19.571,1037.5,gateway,gateway_A,raspberrypi,CNN-2,ESP32->RPi,deserialize,112,0.12,0,esp32_edge_normal_1,0,normal
19:12:20.797,1038.7,gateway,gateway_A,raspberrypi,CNN-2,ESP32->RPi,deserialize,112,0.122,0,esp32_edge_simulator_1,1,mqtt_bruteforce
19:12:21.787,1039.7,gateway,gateway_A,raspberrypi,CNN-2,ESP32->RPi,deserialize,116,0.106,0,esp32_edge_normal_2,0,normal
19:12:24.658,1042.6,gateway,gateway_A,raspberrypi,CNN-2,ESP32->RPi,deserialize,117,0.12,0,esp32_edge_normal_1,0,normal
19:12:25.798,1043.7,gateway,gateway_A,raspberrypi,CNN-2,ESP32->RPi,deserialize,108,0.061,0,esp32_edge_simulator_1,1,mqtt_bruteforce
19:12:26.787,1044.7,gateway,gateway_A,raspberrypi,CNN-2,ESP32->RPi,deserialize,119,0.061,0,esp32_edge_normal_2,0,normal
19:12:29.569,1047.5,gateway,gateway_A,raspberrypi,CNN-2,ESP32->RPi,deserialize,113,0.064,0,esp32_edge_normal_1,0,normal
19:12:30.799,1048.7,gateway,gateway_A,raspberrypi,CNN-2,ESP32->RPi,deserialize,110,0.12,0,esp32_edge_simulator_1,1,mqtt_bruteforce
19:12:31.789,1049.7,gateway,gateway_A,raspberrypi,CNN-2,ESP32->RPi,deserialize,116,0.12,0,esp32_edge_normal_2,0,normal
19:12:34.573,1052.5,gateway,gateway_A,raspberrypi,CNN-2,ESP32->RPi,deserialize,121,0.121,0,esp32_edge_normal_1,0,normal
19:12:35.797,1053.7,gateway,gateway_A,raspberrypi,CNN-2,ESP32->RPi,deserialize,112,0.121,0,esp32_edge_simulator_1,1,mqtt_bruteforce
19:12:36.795,1054.7,gateway,gateway_A,raspberrypi,CNN-2,ESP32->RPi,deserialize,117,0.117,0,esp32_edge_normal_2,0,normal
19:12:37.699,1055.6,gateway,gateway_A,raspberrypi,CNN-2,RPi->PC,serialize,3649,0.416,0,,,
19:12:42.716,1060.6,gateway,gateway_A,raspberrypi,CNN-2,ESP32->RPi,deserialize,116,0.11,0,esp32_edge_normal_1,0,normal
19:12:42.717,1060.6,gateway,gateway_A,raspberrypi,CNN-2,ESP32->RPi,deserialize,111,0.066,0,esp32_edge_simulator_1,1,mqtt_bruteforce
19:12:42.718,1060.6,gateway,gateway_A,raspberrypi,CNN-2,ESP32->RPi,deserialize,114,0.059,0,esp32_edge_normal_2,0,normal
19:12:44.570,1062.5,gateway,gateway_A,raspberrypi,CNN-2,ESP32->RPi,deserialize,117,0.122,0,esp32_edge_normal_1,0,normal
19:12:45.790,1063.7,gateway,gateway_A,raspberrypi,CNN-2,ESP32->RPi,deserialize,111,0.111,0,esp32_edge_simulator_1,1,mqtt_bruteforce
19:12:46.786,1064.7,gateway,gateway_A,raspberrypi,CNN-2,ESP32->RPi,deserialize,116,0.123,0,esp32_edge_normal_2,0,normal
19:12:49.573,1067.5,gateway,gateway_A,raspberrypi,CNN-2,ESP32->RPi,deserialize,117,0.123,0,esp32_edge_normal_1,0,normal
19:12:50.787,1068.7,gateway,gateway_A,raspberrypi,CNN-2,ESP32->RPi,deserialize,81,0.105,0,esp32_edge_simulator_1,2,scan_A
19:12:51.786,1069.7,gateway,gateway_A,raspberrypi,CNN-2,ESP32->RPi,deserialize,116,0.106,0,esp32_edge_normal_2,0,normal
19:12:54.571,1072.5,gateway,gateway_A,raspberrypi,CNN-2,ESP32->RPi,deserialize,118,0.121,0,esp32_edge_normal_1,0,normal
19:12:55.787,1073.7,gateway,gateway_A,raspberrypi,CNN-2,ESP32->RPi,deserialize,101,0.119,0,esp32_edge_simulator_1,2,scan_A
19:12:58.191,1076.1,gateway,gateway_A,raspberrypi,CNN-2,ESP32->RPi,deserialize,113,0.166,0,esp32_edge_normal_2,0,normal
19:12:59.581,1077.5,gateway,gateway_A,raspberrypi,CNN-2,ESP32->RPi,deserialize,114,0.121,0,esp32_edge_normal_1,0,normal
19:13:00.794,1078.7,gateway,gateway_A,raspberrypi,CNN-2,ESP32->RPi,deserialize,81,0.098,0,esp32_edge_simulator_1,2,scan_A
19:13:01.788,1079.7,gateway,gateway_A,raspberrypi,CNN-2,ESP32->RPi,deserialize,118,0.119,0,esp32_edge_normal_2,0,normal
19:13:04.582,1082.5,gateway,gateway_A,raspberrypi,CNN-2,ESP32->RPi,deserialize,119,0.122,0,esp32_edge_normal_1,0,normal
19:13:05.789,1083.7,gateway,gateway_A,raspberrypi,CNN-2,ESP32->RPi,deserialize,117,0.122,0,esp32_edge_simulator_1,0,normal
19:13:06.795,1084.7,gateway,gateway_A,raspberrypi,CNN-2,ESP32->RPi,deserialize,116,0.109,0,esp32_edge_normal_2,0,normal
19:13:09.600,1087.5,gateway,gateway_A,raspberrypi,CNN-2,ESP32->RPi,deserialize,119,0.121,0,esp32_edge_normal_1,0,normal
19:13:10.796,1088.7,gateway,gateway_A,raspberrypi,CNN-2,ESP32->RPi,deserialize,113,0.105,0,esp32_edge_simulator_1,1,mqtt_bruteforce
19:13:11.784,1089.7,gateway,gateway_A,raspberrypi,CNN-2,ESP32->RPi,deserialize,115,0.09,0,esp32_edge_normal_2,0,normal
19:13:14.568,1092.5,gateway,gateway_A,raspberrypi,CNN-2,ESP32->RPi,deserialize,115,0.071,0,esp32_edge_normal_1,0,normal
19:13:15.800,1093.7,gateway,gateway_A,raspberrypi,CNN-2,ESP32->RPi,deserialize,111,0.132,0,esp32_edge_simulator_1,1,mqtt_bruteforce
19:13:16.791,1094.7,gateway,gateway_A,raspberrypi,CNN-2,ESP32->RPi,deserialize,107,0.135,0,esp32_edge_normal_2,0,normal
19:13:19.570,1097.5,gateway,gateway_A,raspberrypi,CNN-2,ESP32->RPi,deserialize,117,0.142,0,esp32_edge_normal_1,0,normal
19:13:20.794,1098.7,gateway,gateway_A,raspberrypi,CNN-2,ESP32->RPi,deserialize,105,0.067,0,esp32_edge_simulator_1,1,mqtt_bruteforce
19:13:21.873,1099.8,gateway,gateway_A,raspberrypi,CNN-2,ESP32->RPi,deserialize,119,0.065,0,esp32_edge_normal_2,0,normal
19:13:24.599,1102.5,gateway,gateway_A,raspberrypi,CNN-2,ESP32->RPi,deserialize,120,0.066,0,esp32_edge_normal_1,0,normal
19:13:25.789,1103.7,gateway,gateway_A,raspberrypi,CNN-2,ESP32->RPi,deserialize,111,0.07,0,esp32_edge_simulator_1,1,mqtt_bruteforce
19:13:26.789,1104.7,gateway,gateway_A,raspberrypi,CNN-2,ESP32->RPi,deserialize,118,0.064,0,esp32_edge_normal_2,0,normal
