round,time,accuracy,loss,w3_mag,w4_normal,w4_brute,w4_scan,fog_samples,attempt_id,attempt_dir,source_file,source_scope,timestamp_dt,event_type,round_ref,gateway_id,node_id,round_duration_sec,w3_drift_abs,w4_normal_drift_abs,w4_brute_drift_abs,w4_scan_drift_abs,weight_drift_total_abs
1,17:44:53,1.0,0.422428,0.173333,0.106474,0.398774,0.268649,60,2,C:\Users\VivoBook\Downloads\microproyecto2\microproyecto 2 porque wtf\src\hfl_v7-CNN\Results_FOG\#2,global_weights_history_1.csv,global_round,2026-04-22 17:44:53,model.global_round,1,aggregate,server,,,,,,0.0
2,17:45:42,1.0,0.291192,0.197013,0.155121,0.427155,0.325115,60,2,C:\Users\VivoBook\Downloads\microproyecto2\microproyecto 2 porque wtf\src\hfl_v7-CNN\Results_FOG\#2,global_weights_history_1.csv,global_round,2026-04-22 17:45:42,model.global_round,2,aggregate,server,49.0,0.023680000000000007,0.04864700000000001,0.02838099999999999,0.05646599999999996,0.15717399999999998
3,17:46:46,1.0,0.035616,0.228922,0.236235,0.461252,0.38695,60,2,C:\Users\VivoBook\Downloads\microproyecto2\microproyecto 2 porque wtf\src\hfl_v7-CNN\Results_FOG\#2,global_weights_history_1.csv,global_round,2026-04-22 17:46:46,model.global_round,3,aggregate,server,64.0,0.03190899999999999,0.08111399999999999,0.03409699999999999,0.06183500000000003,0.208955
4,17:47:46,0.8,0.475499,0.220382,0.194088,0.47109,0.355337,60,2,C:\Users\VivoBook\Downloads\microproyecto2\microproyecto 2 porque wtf\src\hfl_v7-CNN\Results_FOG\#2,global_weights_history_1.csv,global_round,2026-04-22 17:47:46,model.global_round,4,aggregate,server,60.0,0.008539999999999992,0.04214699999999999,0.009838000000000013,0.031613,0.092138
5,17:48:45,0.783333,0.390731,0.223488,0.171907,0.503302,0.354015,60,2,C:\Users\VivoBook\Downloads\microproyecto2\microproyecto 2 porque wtf\src\hfl_v7-CNN\Results_FOG\#2,global_weights_history_1.csv,global_round,2026-04-22 17:48:45,model.global_round,5,aggregate,server,59.0,0.0031059999999999977,0.022181000000000006,0.03221200000000002,0.0013219999999999898,0.05882100000000001
6,17:49:43,0.883333,0.301763,0.235182,0.172471,0.545012,0.389594,60,2,C:\Users\VivoBook\Downloads\microproyecto2\microproyecto 2 porque wtf\src\hfl_v7-CNN\Results_FOG\#2,global_weights_history_1.csv,global_round,2026-04-22 17:49:43,model.global_round,6,aggregate,server,58.0,0.01169400000000001,0.0005640000000000089,0.041710000000000025,0.03557899999999997,0.08954700000000002
7,17:50:42,0.966667,0.165824,0.249561,0.180889,0.58542,0.425824,60,2,C:\Users\VivoBook\Downloads\microproyecto2\microproyecto 2 porque wtf\src\hfl_v7-CNN\Results_FOG\#2,global_weights_history_1.csv,global_round,2026-04-22 17:50:42,model.global_round,7,aggregate,server,59.0,0.014379000000000003,0.008417999999999981,0.040408,0.036229999999999984,0.09943499999999997
8,17:51:41,0.9,0.234383,0.260151,0.158479,0.608537,0.451098,60,2,C:\Users\VivoBook\Downloads\microproyecto2\microproyecto 2 porque wtf\src\hfl_v7-CNN\Results_FOG\#2,global_weights_history_1.csv,global_round,2026-04-22 17:51:41,model.global_round,8,aggregate,server,59.0,0.010590000000000016,0.022409999999999985,0.023116999999999943,0.02527400000000002,0.08139099999999996
9,17:52:40,0.916667,0.245843,0.269727,0.155063,0.640254,0.479814,60,2,C:\Users\VivoBook\Downloads\microproyecto2\microproyecto 2 porque wtf\src\hfl_v7-CNN\Results_FOG\#2,global_weights_history_1.csv,global_round,2026-04-22 17:52:40,model.global_round,9,aggregate,server,59.0,0.009575999999999973,0.0034160000000000024,0.031716999999999995,0.02871600000000002,0.07342499999999999
10,17:53:38,0.966667,0.162729,0.278587,0.174366,0.672432,0.510836,60,2,C:\Users\VivoBook\Downloads\microproyecto2\microproyecto 2 porque wtf\src\hfl_v7-CNN\Results_FOG\#2,global_weights_history_1.csv,global_round,2026-04-22 17:53:38,model.global_round,10,aggregate,server,58.0,0.008859999999999979,0.019302999999999987,0.03217800000000004,0.03102199999999994,0.09136299999999994
11,17:54:37,0.983333,0.126262,0.286118,0.186329,0.695961,0.524581,60,2,C:\Users\VivoBook\Downloads\microproyecto2\microproyecto 2 porque wtf\src\hfl_v7-CNN\Results_FOG\#2,global_weights_history_1.csv,global_round,2026-04-22 17:54:37,model.global_round,11,aggregate,server,59.0,0.00753100000000001,0.011963000000000001,0.023529000000000022,0.013745000000000007,0.05676800000000004
12,17:55:37,0.916667,0.17469,0.29209,0.193435,0.710401,0.542198,60,2,C:\Users\VivoBook\Downloads\microproyecto2\microproyecto 2 porque wtf\src\hfl_v7-CNN\Results_FOG\#2,global_weights_history_1.csv,global_round,2026-04-22 17:55:37,model.global_round,12,aggregate,server,60.0,0.005972000000000033,0.007106000000000001,0.014439999999999897,0.017616999999999994,0.045134999999999925
13,17:56:35,0.933333,0.121522,0.302238,0.200138,0.720591,0.569626,60,2,C:\Users\VivoBook\Downloads\microproyecto2\microproyecto 2 porque wtf\src\hfl_v7-CNN\Results_FOG\#2,global_weights_history_1.csv,global_round,2026-04-22 17:56:35,model.global_round,13,aggregate,server,58.0,0.01014799999999999,0.0067030000000000145,0.010190000000000032,0.027428000000000008,0.054469000000000045
14,17:57:34,0.983333,0.077948,0.30996,0.193935,0.727903,0.584202,60,2,C:\Users\VivoBook\Downloads\microproyecto2\microproyecto 2 porque wtf\src\hfl_v7-CNN\Results_FOG\#2,global_weights_history_1.csv,global_round,2026-04-22 17:57:34,model.global_round,14,aggregate,server,59.0,0.007722000000000007,0.006203000000000014,0.007311999999999985,0.014576000000000033,0.03581300000000004
15,17:58:32,0.933333,0.101683,0.313667,0.202404,0.749652,0.594531,60,2,C:\Users\VivoBook\Downloads\microproyecto2\microproyecto 2 porque wtf\src\hfl_v7-CNN\Results_FOG\#2,global_weights_history_1.csv,global_round,2026-04-22 17:58:32,model.global_round,15,aggregate,server,58.0,0.0037069999999999603,0.008469000000000004,0.02174900000000002,0.010329000000000033,0.044254000000000016
16,17:59:31,1.0,0.049663,0.31477,0.197011,0.745253,0.6077,60,2,C:\Users\VivoBook\Downloads\microproyecto2\microproyecto 2 porque wtf\src\hfl_v7-CNN\Results_FOG\#2,global_weights_history_1.csv,global_round,2026-04-22 17:59:31,model.global_round,16,aggregate,server,59.0,0.0011030000000000206,0.005393000000000009,0.004398999999999931,0.013168999999999986,0.024063999999999947
17,18:00:30,0.966667,0.086216,0.318098,0.2091,0.757397,0.620195,60,2,C:\Users\VivoBook\Downloads\microproyecto2\microproyecto 2 porque wtf\src\hfl_v7-CNN\Results_FOG\#2,global_weights_history_1.csv,global_round,2026-04-22 18:00:30,model.global_round,17,aggregate,server,59.0,0.0033279999999999976,0.012089000000000016,0.012143999999999933,0.012495000000000034,0.04005599999999998
18,18:01:29,0.983333,0.104786,0.321283,0.209788,0.763098,0.632898,60,2,C:\Users\VivoBook\Downloads\microproyecto2\microproyecto 2 porque wtf\src\hfl_v7-CNN\Results_FOG\#2,global_weights_history_1.csv,global_round,2026-04-22 18:01:29,model.global_round,18,aggregate,server,59.0,0.0031849999999999934,0.0006879999999999942,0.005701000000000067,0.012702999999999909,0.022276999999999963
19,18:02:28,1.0,0.050418,0.32319,0.210453,0.772739,0.630067,60,2,C:\Users\VivoBook\Downloads\microproyecto2\microproyecto 2 porque wtf\src\hfl_v7-CNN\Results_FOG\#2,global_weights_history_1.csv,global_round,2026-04-22 18:02:28,model.global_round,19,aggregate,server,59.0,0.001906999999999992,0.0006649999999999989,0.0096409999999999,0.002830999999999917,0.015043999999999808
20,18:03:27,0.95,0.127952,0.326618,0.21708,0.782407,0.642261,60,2,C:\Users\VivoBook\Downloads\microproyecto2\microproyecto 2 porque wtf\src\hfl_v7-CNN\Results_FOG\#2,global_weights_history_1.csv,global_round,2026-04-22 18:03:27,model.global_round,20,aggregate,server,59.0,0.003428000000000042,0.006626999999999994,0.00966800000000001,0.012193999999999927,0.03191699999999997
1,18:06:56,1.0,0.335318,0.18181,0.176702,0.374074,0.195656,60,3,C:\Users\VivoBook\Downloads\microproyecto2\microproyecto 2 porque wtf\src\hfl_v7-CNN\Results_FOG\#3,global_weights_history_2.csv,global_round,2026-04-22 18:06:56,model.global_round,1,aggregate,server,,,,,,0.0
2,18:07:49,1.0,0.243989,0.198929,0.220723,0.442523,0.265698,60,3,C:\Users\VivoBook\Downloads\microproyecto2\microproyecto 2 porque wtf\src\hfl_v7-CNN\Results_FOG\#3,global_weights_history_2.csv,global_round,2026-04-22 18:07:49,model.global_round,2,aggregate,server,53.0,0.017118999999999995,0.044021000000000005,0.06844899999999998,0.070042,0.19963099999999998
3,18:08:53,0.983333,0.105656,0.217777,0.278238,0.486137,0.331139,60,3,C:\Users\VivoBook\Downloads\microproyecto2\microproyecto 2 porque wtf\src\hfl_v7-CNN\Results_FOG\#3,global_weights_history_2.csv,global_round,2026-04-22 18:08:53,model.global_round,3,aggregate,server,64.0,0.018848000000000004,0.05751499999999998,0.043613999999999986,0.06544100000000003,0.185418
4,18:09:51,0.833333,0.483682,0.215437,0.272886,0.49692,0.331684,60,3,C:\Users\VivoBook\Downloads\microproyecto2\microproyecto 2 porque wtf\src\hfl_v7-CNN\Results_FOG\#3,global_weights_history_2.csv,global_round,2026-04-22 18:09:51,model.global_round,4,aggregate,server,58.0,0.0023400000000000087,0.005351999999999968,0.010782999999999987,0.0005449999999999622,0.019019999999999926
5,18:10:50,0.733333,0.67002,0.213853,0.254287,0.500141,0.298368,60,3,C:\Users\VivoBook\Downloads\microproyecto2\microproyecto 2 porque wtf\src\hfl_v7-CNN\Results_FOG\#3,global_weights_history_2.csv,global_round,2026-04-22 18:10:50,model.global_round,5,aggregate,server,59.0,0.001584000000000002,0.018599000000000032,0.003220999999999974,0.03331599999999996,0.056719999999999965
6,18:11:49,0.9,0.374191,0.222211,0.260885,0.548562,0.311213,60,3,C:\Users\VivoBook\Downloads\microproyecto2\microproyecto 2 porque wtf\src\hfl_v7-CNN\Results_FOG\#3,global_weights_history_2.csv,global_round,2026-04-22 18:11:49,model.global_round,6,aggregate,server,59.0,0.008358000000000004,0.006597999999999993,0.04842100000000005,0.012844999999999995,0.07622200000000004
7,18:12:48,0.933333,0.270059,0.235056,0.279128,0.593792,0.338527,60,3,C:\Users\VivoBook\Downloads\microproyecto2\microproyecto 2 porque wtf\src\hfl_v7-CNN\Results_FOG\#3,global_weights_history_2.csv,global_round,2026-04-22 18:12:48,model.global_round,7,aggregate,server,59.0,0.012844999999999995,0.01824300000000001,0.04522999999999999,0.027314000000000005,0.103632
8,18:13:47,0.933333,0.224632,0.24237,0.287364,0.623214,0.35438,60,3,C:\Users\VivoBook\Downloads\microproyecto2\microproyecto 2 porque wtf\src\hfl_v7-CNN\Results_FOG\#3,global_weights_history_2.csv,global_round,2026-04-22 18:13:47,model.global_round,8,aggregate,server,59.0,0.007314000000000015,0.008236000000000021,0.02942200000000006,0.01585299999999995,0.060825000000000046
9,18:14:45,0.833333,0.461774,0.247271,0.282684,0.638806,0.351121,60,3,C:\Users\VivoBook\Downloads\microproyecto2\microproyecto 2 porque wtf\src\hfl_v7-CNN\Results_FOG\#3,global_weights_history_2.csv,global_round,2026-04-22 18:14:45,model.global_round,9,aggregate,server,58.0,0.004900999999999989,0.0046800000000000175,0.01559199999999994,0.0032589999999999564,0.028431999999999902
10,18:15:44,0.916667,0.297539,0.257072,0.296704,0.658183,0.366685,60,3,C:\Users\VivoBook\Downloads\microproyecto2\microproyecto 2 porque wtf\src\hfl_v7-CNN\Results_FOG\#3,global_weights_history_2.csv,global_round,2026-04-22 18:15:44,model.global_round,10,aggregate,server,59.0,0.009801000000000032,0.014020000000000032,0.019376999999999978,0.015563999999999967,0.05876200000000001
11,18:16:42,0.933333,0.140273,0.269887,0.320669,0.681653,0.392258,60,3,C:\Users\VivoBook\Downloads\microproyecto2\microproyecto 2 porque wtf\src\hfl_v7-CNN\Results_FOG\#3,global_weights_history_2.csv,global_round,2026-04-22 18:16:42,model.global_round,11,aggregate,server,58.0,0.012814999999999965,0.02396499999999996,0.02346999999999999,0.025573000000000012,0.08582299999999993
12,18:17:41,0.95,0.245804,0.280652,0.338806,0.699937,0.410103,60,3,C:\Users\VivoBook\Downloads\microproyecto2\microproyecto 2 porque wtf\src\hfl_v7-CNN\Results_FOG\#3,global_weights_history_2.csv,global_round,2026-04-22 18:17:41,model.global_round,12,aggregate,server,59.0,0.010765000000000025,0.018137000000000014,0.018284000000000078,0.017845,0.06503100000000012
13,18:18:40,0.9,0.225899,0.287898,0.346575,0.711684,0.414186,60,3,C:\Users\VivoBook\Downloads\microproyecto2\microproyecto 2 porque wtf\src\hfl_v7-CNN\Results_FOG\#3,global_weights_history_2.csv,global_round,2026-04-22 18:18:40,model.global_round,13,aggregate,server,59.0,0.007245999999999975,0.007769000000000026,0.011746999999999952,0.004083000000000003,0.030844999999999956
14,18:19:38,0.983333,0.094782,0.296862,0.345573,0.707857,0.435242,60,3,C:\Users\VivoBook\Downloads\microproyecto2\microproyecto 2 porque wtf\src\hfl_v7-CNN\Results_FOG\#3,global_weights_history_2.csv,global_round,2026-04-22 18:19:38,model.global_round,14,aggregate,server,58.0,0.008964000000000028,0.0010020000000000029,0.003827000000000025,0.02105600000000002,0.034849000000000074
15,18:20:37,0.95,0.117661,0.296585,0.349326,0.710559,0.437531,60,3,C:\Users\VivoBook\Downloads\microproyecto2\microproyecto 2 porque wtf\src\hfl_v7-CNN\Results_FOG\#3,global_weights_history_2.csv,global_round,2026-04-22 18:20:37,model.global_round,15,aggregate,server,59.0,0.0002770000000000272,0.0037530000000000063,0.002702000000000093,0.0022889999999999855,0.009021000000000112
16,18:21:35,0.9,0.223285,0.301913,0.356431,0.715372,0.447659,60,3,C:\Users\VivoBook\Downloads\microproyecto2\microproyecto 2 porque wtf\src\hfl_v7-CNN\Results_FOG\#3,global_weights_history_2.csv,global_round,2026-04-22 18:21:35,model.global_round,16,aggregate,server,58.0,0.005327999999999999,0.0071049999999999724,0.004812999999999956,0.01012799999999997,0.0273739999999999
17,18:22:34,0.966667,0.119751,0.30936,0.367403,0.723991,0.461537,60,3,C:\Users\VivoBook\Downloads\microproyecto2\microproyecto 2 porque wtf\src\hfl_v7-CNN\Results_FOG\#3,global_weights_history_2.csv,global_round,2026-04-22 18:22:34,model.global_round,17,aggregate,server,59.0,0.007447000000000037,0.010971999999999982,0.008619000000000043,0.013878000000000001,0.04091600000000006
18,18:23:32,0.966667,0.148781,0.316001,0.379603,0.735418,0.476462,60,3,C:\Users\VivoBook\Downloads\microproyecto2\microproyecto 2 porque wtf\src\hfl_v7-CNN\Results_FOG\#3,global_weights_history_2.csv,global_round,2026-04-22 18:23:32,model.global_round,18,aggregate,server,58.0,0.0066409999999999525,0.012200000000000044,0.011426999999999965,0.014925000000000022,0.04519299999999998
19,18:24:31,0.933333,0.152997,0.32129,0.387593,0.743735,0.485981,60,3,C:\Users\VivoBook\Downloads\microproyecto2\microproyecto 2 porque wtf\src\hfl_v7-CNN\Results_FOG\#3,global_weights_history_2.csv,global_round,2026-04-22 18:24:31,model.global_round,19,aggregate,server,59.0,0.005289000000000044,0.007989999999999997,0.008317000000000019,0.009519,0.03111500000000006
20,18:25:36,0.95,0.140719,0.324974,0.39446,0.750759,0.49567,60,3,C:\Users\VivoBook\Downloads\microproyecto2\microproyecto 2 porque wtf\src\hfl_v7-CNN\Results_FOG\#3,global_weights_history_2.csv,global_round,2026-04-22 18:25:36,model.global_round,20,aggregate,server,65.0,0.003683999999999965,0.0068669999999999565,0.007023999999999919,0.009689000000000003,0.027263999999999844
1,16:49:13,1.0,0.269986,0.182676,0.29478,0.370276,0.231049,60,4,C:\Users\VivoBook\Downloads\microproyecto2\microproyecto 2 porque wtf\src\hfl_v7-CNN\Results_FOG\#4,global_weights_history_3.csv,global_round,2026-04-22 16:49:13,model.global_round,1,aggregate,server,,,,,,0.0
2,16:50:07,1.0,0.078949,0.209099,0.358788,0.456356,0.283414,60,4,C:\Users\VivoBook\Downloads\microproyecto2\microproyecto 2 porque wtf\src\hfl_v7-CNN\Results_FOG\#4,global_weights_history_3.csv,global_round,2026-04-22 16:50:07,model.global_round,2,aggregate,server,54.0,0.026423000000000002,0.06400800000000001,0.08607999999999999,0.052364999999999995,0.228876
3,16:51:11,1.0,0.014089,0.226417,0.416699,0.504621,0.333023,60,4,C:\Users\VivoBook\Downloads\microproyecto2\microproyecto 2 porque wtf\src\hfl_v7-CNN\Results_FOG\#4,global_weights_history_3.csv,global_round,2026-04-22 16:51:11,model.global_round,3,aggregate,server,64.0,0.017318,0.05791099999999999,0.048265,0.049609000000000014,0.173103
4,16:52:09,0.933333,0.105478,0.228195,0.407945,0.484616,0.365719,60,4,C:\Users\VivoBook\Downloads\microproyecto2\microproyecto 2 porque wtf\src\hfl_v7-CNN\Results_FOG\#4,global_weights_history_3.csv,global_round,2026-04-22 16:52:09,model.global_round,4,aggregate,server,58.0,0.0017780000000000018,0.008753999999999984,0.020004999999999995,0.032696,0.06323299999999998
5,16:53:07,0.9,0.213647,0.227657,0.391297,0.481353,0.367117,60,4,C:\Users\VivoBook\Downloads\microproyecto2\microproyecto 2 porque wtf\src\hfl_v7-CNN\Results_FOG\#4,global_weights_history_3.csv,global_round,2026-04-22 16:53:07,model.global_round,5,aggregate,server,58.0,0.0005380000000000107,0.016647999999999996,0.003263000000000016,0.0013980000000000103,0.021847000000000033
6,16:54:06,0.933333,0.153371,0.230899,0.391114,0.493495,0.376323,60,4,C:\Users\VivoBook\Downloads\microproyecto2\microproyecto 2 porque wtf\src\hfl_v7-CNN\Results_FOG\#4,global_weights_history_3.csv,global_round,2026-04-22 16:54:06,model.global_round,6,aggregate,server,59.0,0.003241999999999995,0.00018299999999998873,0.012142000000000042,0.009205999999999992,0.024773000000000017
7,16:55:06,0.883333,0.222659,0.237394,0.392253,0.51019,0.379451,60,4,C:\Users\VivoBook\Downloads\microproyecto2\microproyecto 2 porque wtf\src\hfl_v7-CNN\Results_FOG\#4,global_weights_history_3.csv,global_round,2026-04-22 16:55:06,model.global_round,7,aggregate,server,60.0,0.006495000000000001,0.0011390000000000011,0.016695000000000015,0.003127999999999964,0.02745699999999998
8,16:56:04,0.916667,0.164992,0.242195,0.399606,0.525122,0.388433,60,4,C:\Users\VivoBook\Downloads\microproyecto2\microproyecto 2 porque wtf\src\hfl_v7-CNN\Results_FOG\#4,global_weights_history_3.csv,global_round,2026-04-22 16:56:04,model.global_round,8,aggregate,server,58.0,0.004801,0.007352999999999998,0.014931999999999945,0.00898199999999999,0.03606799999999993
9,16:57:02,0.9,0.167079,0.2462,0.408112,0.538423,0.397546,60,4,C:\Users\VivoBook\Downloads\microproyecto2\microproyecto 2 porque wtf\src\hfl_v7-CNN\Results_FOG\#4,global_weights_history_3.csv,global_round,2026-04-22 16:57:02,model.global_round,9,aggregate,server,58.0,0.0040050000000000086,0.008505999999999958,0.013301000000000007,0.009113000000000038,0.03492500000000001
10,16:58:01,0.883333,0.17487,0.249199,0.410004,0.5432,0.402151,60,4,C:\Users\VivoBook\Downloads\microproyecto2\microproyecto 2 porque wtf\src\hfl_v7-CNN\Results_FOG\#4,global_weights_history_3.csv,global_round,2026-04-22 16:58:01,model.global_round,10,aggregate,server,59.0,0.0029990000000000017,0.0018920000000000048,0.004777000000000031,0.00460499999999997,0.014273000000000008
11,16:58:59,0.866667,0.184899,0.252274,0.413907,0.551509,0.416866,60,4,C:\Users\VivoBook\Downloads\microproyecto2\microproyecto 2 porque wtf\src\hfl_v7-CNN\Results_FOG\#4,global_weights_history_3.csv,global_round,2026-04-22 16:58:59,model.global_round,11,aggregate,server,58.0,0.0030749999999999944,0.0039030000000000453,0.00830900000000001,0.014715000000000034,0.030002000000000084
12,16:59:58,0.85,0.240692,0.255502,0.415681,0.567642,0.441501,60,4,C:\Users\VivoBook\Downloads\microproyecto2\microproyecto 2 porque wtf\src\hfl_v7-CNN\Results_FOG\#4,global_weights_history_3.csv,global_round,2026-04-22 16:59:58,model.global_round,12,aggregate,server,59.0,0.0032280000000000086,0.0017739999999999978,0.016132999999999953,0.024634999999999962,0.04576999999999992
13,17:00:56,0.883333,0.182128,0.258679,0.415278,0.583637,0.466644,60,4,C:\Users\VivoBook\Downloads\microproyecto2\microproyecto 2 porque wtf\src\hfl_v7-CNN\Results_FOG\#4,global_weights_history_3.csv,global_round,2026-04-22 17:00:56,model.global_round,13,aggregate,server,58.0,0.0031769999999999854,0.0004030000000000422,0.01599499999999998,0.025143000000000026,0.044718000000000035
14,17:01:54,0.916667,0.137493,0.262229,0.409425,0.60376,0.49445,60,4,C:\Users\VivoBook\Downloads\microproyecto2\microproyecto 2 porque wtf\src\hfl_v7-CNN\Results_FOG\#4,global_weights_history_3.csv,global_round,2026-04-22 17:01:54,model.global_round,14,aggregate,server,58.0,0.0035499999999999976,0.005852999999999997,0.020123000000000002,0.027805999999999997,0.057331999999999994
15,17:02:53,0.983333,0.049182,0.266206,0.424422,0.620933,0.517643,60,4,C:\Users\VivoBook\Downloads\microproyecto2\microproyecto 2 porque wtf\src\hfl_v7-CNN\Results_FOG\#4,global_weights_history_3.csv,global_round,2026-04-22 17:02:53,model.global_round,15,aggregate,server,59.0,0.003977000000000008,0.014997000000000038,0.017172999999999994,0.023192999999999964,0.059340000000000004
16,17:03:52,0.966667,0.058826,0.269405,0.437318,0.633091,0.534649,60,4,C:\Users\VivoBook\Downloads\microproyecto2\microproyecto 2 porque wtf\src\hfl_v7-CNN\Results_FOG\#4,global_weights_history_3.csv,global_round,2026-04-22 17:03:52,model.global_round,16,aggregate,server,59.0,0.0031990000000000074,0.012895999999999963,0.012158000000000002,0.017006000000000077,0.04525900000000005
17,17:04:50,0.95,0.092705,0.272928,0.444329,0.642458,0.5472,60,4,C:\Users\VivoBook\Downloads\microproyecto2\microproyecto 2 porque wtf\src\hfl_v7-CNN\Results_FOG\#4,global_weights_history_3.csv,global_round,2026-04-22 17:04:50,model.global_round,17,aggregate,server,58.0,0.0035229999999999984,0.0070109999999999895,0.009367000000000014,0.012550999999999979,0.03245199999999998
18,17:05:49,0.966667,0.059955,0.276903,0.452526,0.653277,0.563461,60,4,C:\Users\VivoBook\Downloads\microproyecto2\microproyecto 2 porque wtf\src\hfl_v7-CNN\Results_FOG\#4,global_weights_history_3.csv,global_round,2026-04-22 17:05:49,model.global_round,18,aggregate,server,59.0,0.003975000000000006,0.00819700000000001,0.010819000000000023,0.01626099999999997,0.03925200000000001
19,17:06:47,1.0,0.071495,0.280506,0.45129,0.655818,0.574859,60,4,C:\Users\VivoBook\Downloads\microproyecto2\microproyecto 2 porque wtf\src\hfl_v7-CNN\Results_FOG\#4,global_weights_history_3.csv,global_round,2026-04-22 17:06:47,model.global_round,19,aggregate,server,58.0,0.0036029999999999673,0.0012359999999999594,0.0025410000000000155,0.01139800000000002,0.01877799999999996
20,17:07:46,1.0,0.071088,0.283422,0.456059,0.667301,0.592045,60,4,C:\Users\VivoBook\Downloads\microproyecto2\microproyecto 2 porque wtf\src\hfl_v7-CNN\Results_FOG\#4,global_weights_history_3.csv,global_round,2026-04-22 17:07:46,model.global_round,20,aggregate,server,59.0,0.0029160000000000297,0.004768999999999968,0.011483000000000021,0.017186000000000035,0.03635400000000005
1,17:21:22,1.0,0.529764,0.18288,0.270554,0.358312,0.158175,60,5,C:\Users\VivoBook\Downloads\microproyecto2\microproyecto 2 porque wtf\src\hfl_v7-CNN\Results_FOG\#5,global_weights_history_1.csv,global_round,2026-04-22 17:21:22,model.global_round,1,aggregate,server,,,,,,0.0
2,17:22:16,1.0,0.272002,0.202593,0.301356,0.420547,0.166792,60,5,C:\Users\VivoBook\Downloads\microproyecto2\microproyecto 2 porque wtf\src\hfl_v7-CNN\Results_FOG\#5,global_weights_history_1.csv,global_round,2026-04-22 17:22:16,model.global_round,2,aggregate,server,54.0,0.01971300000000001,0.030801999999999996,0.062234999999999985,0.008616999999999986,0.12136699999999997
3,17:23:19,1.0,0.038066,0.226989,0.35437,0.474777,0.200841,60,5,C:\Users\VivoBook\Downloads\microproyecto2\microproyecto 2 porque wtf\src\hfl_v7-CNN\Results_FOG\#5,global_weights_history_1.csv,global_round,2026-04-22 17:23:19,model.global_round,3,aggregate,server,63.0,0.024396,0.053014000000000006,0.05423,0.034048999999999996,0.165689
4,17:24:17,0.9,0.258716,0.232506,0.35682,0.477634,0.212408,60,5,C:\Users\VivoBook\Downloads\microproyecto2\microproyecto 2 porque wtf\src\hfl_v7-CNN\Results_FOG\#5,global_weights_history_1.csv,global_round,2026-04-22 17:24:17,model.global_round,4,aggregate,server,58.0,0.005516999999999994,0.0024500000000000077,0.0028569999999999984,0.011567000000000022,0.022391000000000022
5,17:25:16,0.916667,0.25247,0.24106,0.354026,0.487505,0.214976,60,5,C:\Users\VivoBook\Downloads\microproyecto2\microproyecto 2 porque wtf\src\hfl_v7-CNN\Results_FOG\#5,global_weights_history_1.csv,global_round,2026-04-22 17:25:16,model.global_round,5,aggregate,server,59.0,0.008554000000000006,0.0027940000000000187,0.009871000000000019,0.002567999999999987,0.02378700000000003
6,17:26:14,0.983333,0.100882,0.251779,0.367935,0.511085,0.231115,60,5,C:\Users\VivoBook\Downloads\microproyecto2\microproyecto 2 porque wtf\src\hfl_v7-CNN\Results_FOG\#5,global_weights_history_1.csv,global_round,2026-04-22 17:26:14,model.global_round,6,aggregate,server,58.0,0.010718999999999979,0.013909000000000005,0.02357999999999999,0.016138999999999987,0.06434699999999996
7,17:27:14,0.916667,0.213776,0.258536,0.379325,0.528594,0.239745,60,5,C:\Users\VivoBook\Downloads\microproyecto2\microproyecto 2 porque wtf\src\hfl_v7-CNN\Results_FOG\#5,global_weights_history_1.csv,global_round,2026-04-22 17:27:14,model.global_round,7,aggregate,server,60.0,0.006757000000000013,0.011390000000000011,0.017508999999999997,0.008630000000000027,0.04428600000000005
8,17:28:12,0.983333,0.055784,0.264879,0.391974,0.54063,0.250912,60,5,C:\Users\VivoBook\Downloads\microproyecto2\microproyecto 2 porque wtf\src\hfl_v7-CNN\Results_FOG\#5,global_weights_history_1.csv,global_round,2026-04-22 17:28:12,model.global_round,8,aggregate,server,58.0,0.0063429999999999875,0.012648999999999966,0.012036000000000047,0.01116700000000001,0.04219500000000001
9,17:29:11,0.95,0.14006,0.269944,0.400031,0.551799,0.260488,60,5,C:\Users\VivoBook\Downloads\microproyecto2\microproyecto 2 porque wtf\src\hfl_v7-CNN\Results_FOG\#5,global_weights_history_1.csv,global_round,2026-04-22 17:29:11,model.global_round,9,aggregate,server,59.0,0.005065000000000042,0.008057000000000036,0.011168999999999984,0.009575999999999973,0.033867000000000036
10,17:30:12,0.95,0.098733,0.274241,0.404511,0.554471,0.272534,60,5,C:\Users\VivoBook\Downloads\microproyecto2\microproyecto 2 porque wtf\src\hfl_v7-CNN\Results_FOG\#5,global_weights_history_1.csv,global_round,2026-04-22 17:30:12,model.global_round,10,aggregate,server,61.0,0.004296999999999995,0.004479999999999984,0.0026720000000000077,0.012046000000000001,0.023494999999999988
11,17:31:11,0.983333,0.052221,0.279512,0.417098,0.563872,0.289946,60,5,C:\Users\VivoBook\Downloads\microproyecto2\microproyecto 2 porque wtf\src\hfl_v7-CNN\Results_FOG\#5,global_weights_history_1.csv,global_round,2026-04-22 17:31:11,model.global_round,11,aggregate,server,59.0,0.00527099999999997,0.012587000000000015,0.009400999999999993,0.017411999999999983,0.04467099999999996
12,17:32:11,0.966667,0.104798,0.283673,0.423514,0.571403,0.302292,60,5,C:\Users\VivoBook\Downloads\microproyecto2\microproyecto 2 porque wtf\src\hfl_v7-CNN\Results_FOG\#5,global_weights_history_1.csv,global_round,2026-04-22 17:32:11,model.global_round,12,aggregate,server,60.0,0.004161000000000026,0.006415999999999977,0.007530999999999954,0.012346000000000024,0.03045399999999998
13,17:33:10,0.933333,0.109743,0.288368,0.42999,0.579472,0.314549,60,5,C:\Users\VivoBook\Downloads\microproyecto2\microproyecto 2 porque wtf\src\hfl_v7-CNN\Results_FOG\#5,global_weights_history_1.csv,global_round,2026-04-22 17:33:10,model.global_round,13,aggregate,server,59.0,0.004695000000000005,0.006475999999999982,0.008068999999999993,0.012257000000000018,0.031497
14,17:34:08,0.966667,0.076122,0.293305,0.441737,0.588521,0.331626,60,5,C:\Users\VivoBook\Downloads\microproyecto2\microproyecto 2 porque wtf\src\hfl_v7-CNN\Results_FOG\#5,global_weights_history_1.csv,global_round,2026-04-22 17:34:08,model.global_round,14,aggregate,server,58.0,0.004936999999999969,0.011747000000000007,0.009048999999999974,0.017076999999999953,0.042809999999999904
15,17:35:06,0.95,0.083507,0.298661,0.452242,0.598317,0.346753,60,5,C:\Users\VivoBook\Downloads\microproyecto2\microproyecto 2 porque wtf\src\hfl_v7-CNN\Results_FOG\#5,global_weights_history_1.csv,global_round,2026-04-22 17:35:06,model.global_round,15,aggregate,server,58.0,0.005356000000000027,0.010504999999999987,0.009796000000000027,0.015127000000000002,0.04078400000000004
16,17:36:05,0.983333,0.069239,0.304316,0.471481,0.61268,0.370151,60,5,C:\Users\VivoBook\Downloads\microproyecto2\microproyecto 2 porque wtf\src\hfl_v7-CNN\Results_FOG\#5,global_weights_history_1.csv,global_round,2026-04-22 17:36:05,model.global_round,16,aggregate,server,59.0,0.005654999999999966,0.019239000000000006,0.014363000000000015,0.02339800000000003,0.06265500000000002
17,17:37:04,0.966667,0.069735,0.309298,0.487408,0.626376,0.389777,60,5,C:\Users\VivoBook\Downloads\microproyecto2\microproyecto 2 porque wtf\src\hfl_v7-CNN\Results_FOG\#5,global_weights_history_1.csv,global_round,2026-04-22 17:37:04,model.global_round,17,aggregate,server,59.0,0.004982000000000042,0.015927000000000024,0.013696000000000041,0.019625999999999977,0.054231000000000085
18,17:38:03,1.0,0.027807,0.313087,0.49857,0.63468,0.403903,60,5,C:\Users\VivoBook\Downloads\microproyecto2\microproyecto 2 porque wtf\src\hfl_v7-CNN\Results_FOG\#5,global_weights_history_1.csv,global_round,2026-04-22 17:38:03,model.global_round,18,aggregate,server,59.0,0.003788999999999987,0.011162000000000005,0.008303999999999978,0.014126000000000027,0.037381
19,17:39:01,1.0,0.016806,0.316439,0.508523,0.640887,0.416373,60,5,C:\Users\VivoBook\Downloads\microproyecto2\microproyecto 2 porque wtf\src\hfl_v7-CNN\Results_FOG\#5,global_weights_history_1.csv,global_round,2026-04-22 17:39:01,model.global_round,19,aggregate,server,58.0,0.0033520000000000216,0.009952999999999934,0.0062069999999999625,0.012469999999999981,0.0319819999999999
20,17:39:59,1.0,0.024727,0.319688,0.518112,0.645329,0.427696,60,5,C:\Users\VivoBook\Downloads\microproyecto2\microproyecto 2 porque wtf\src\hfl_v7-CNN\Results_FOG\#5,global_weights_history_1.csv,global_round,2026-04-22 17:39:59,model.global_round,20,aggregate,server,58.0,0.003249000000000002,0.00958900000000007,0.004442000000000057,0.011323000000000027,0.028603000000000156
1,16:01:17,0.766667,0.775224,0.197607,0.290278,0.271831,0.21532,60,6,C:\Users\VivoBook\Downloads\microproyecto2\microproyecto 2 porque wtf\src\hfl_v7-CNN\Results_FOG\#6,global_weights_history_1.csv,global_round,2026-04-22 16:01:17,model.global_round,1,aggregate,server,,,,,,0.0
2,16:02:11,0.75,0.776284,0.205017,0.31127,0.299017,0.228365,60,6,C:\Users\VivoBook\Downloads\microproyecto2\microproyecto 2 porque wtf\src\hfl_v7-CNN\Results_FOG\#6,global_weights_history_1.csv,global_round,2026-04-22 16:02:11,model.global_round,2,aggregate,server,54.0,0.00741,0.02099200000000001,0.027185999999999988,0.013045000000000001,0.068633
3,16:03:09,0.8,0.551996,0.216204,0.337835,0.352154,0.246435,60,6,C:\Users\VivoBook\Downloads\microproyecto2\microproyecto 2 porque wtf\src\hfl_v7-CNN\Results_FOG\#6,global_weights_history_1.csv,global_round,2026-04-22 16:03:09,model.global_round,3,aggregate,server,58.0,0.011187000000000002,0.026565000000000005,0.053137000000000045,0.018069999999999975,0.10895900000000003
4,16:04:08,0.85,0.344656,0.230979,0.372701,0.416508,0.266264,60,6,C:\Users\VivoBook\Downloads\microproyecto2\microproyecto 2 porque wtf\src\hfl_v7-CNN\Results_FOG\#6,global_weights_history_1.csv,global_round,2026-04-22 16:04:08,model.global_round,4,aggregate,server,59.0,0.014774999999999983,0.03486600000000001,0.06435399999999997,0.019829000000000013,0.13382399999999997
5,16:05:06,0.85,0.412659,0.244138,0.393958,0.460278,0.28446,60,6,C:\Users\VivoBook\Downloads\microproyecto2\microproyecto 2 porque wtf\src\hfl_v7-CNN\Results_FOG\#6,global_weights_history_1.csv,global_round,2026-04-22 16:05:06,model.global_round,5,aggregate,server,58.0,0.013159000000000004,0.02125699999999997,0.04377000000000003,0.01819599999999999,0.096382
6,16:06:04,0.9,0.246133,0.253825,0.422157,0.488789,0.307346,60,6,C:\Users\VivoBook\Downloads\microproyecto2\microproyecto 2 porque wtf\src\hfl_v7-CNN\Results_FOG\#6,global_weights_history_1.csv,global_round,2026-04-22 16:06:04,model.global_round,6,aggregate,server,58.0,0.009687000000000029,0.02819900000000003,0.028510999999999953,0.022886000000000017,0.08928300000000003
7,16:07:03,0.9,0.297541,0.263092,0.436345,0.509326,0.328259,60,6,C:\Users\VivoBook\Downloads\microproyecto2\microproyecto 2 porque wtf\src\hfl_v7-CNN\Results_FOG\#6,global_weights_history_1.csv,global_round,2026-04-22 16:07:03,model.global_round,7,aggregate,server,59.0,0.00926699999999997,0.014187999999999978,0.020536999999999972,0.020913000000000015,0.06490499999999993
8,16:08:01,0.916667,0.211839,0.271911,0.465261,0.532962,0.346011,60,6,C:\Users\VivoBook\Downloads\microproyecto2\microproyecto 2 porque wtf\src\hfl_v7-CNN\Results_FOG\#6,global_weights_history_1.csv,global_round,2026-04-22 16:08:01,model.global_round,8,aggregate,server,58.0,0.008819000000000021,0.028915999999999997,0.0236360000000001,0.01775199999999999,0.07912300000000011
9,16:09:00,0.95,0.153268,0.278631,0.48131,0.546339,0.362631,60,6,C:\Users\VivoBook\Downloads\microproyecto2\microproyecto 2 porque wtf\src\hfl_v7-CNN\Results_FOG\#6,global_weights_history_1.csv,global_round,2026-04-22 16:09:00,model.global_round,9,aggregate,server,59.0,0.006720000000000004,0.016049000000000035,0.013376999999999972,0.016619999999999968,0.05276599999999998
10,16:09:58,0.883333,0.288559,0.282306,0.488932,0.556957,0.376625,60,6,C:\Users\VivoBook\Downloads\microproyecto2\microproyecto 2 porque wtf\src\hfl_v7-CNN\Results_FOG\#6,global_weights_history_1.csv,global_round,2026-04-22 16:09:58,model.global_round,10,aggregate,server,58.0,0.003674999999999984,0.007621999999999962,0.010618000000000016,0.013994000000000006,0.03590899999999997
11,16:10:56,0.883333,0.237062,0.28569,0.491885,0.561786,0.389839,60,6,C:\Users\VivoBook\Downloads\microproyecto2\microproyecto 2 porque wtf\src\hfl_v7-CNN\Results_FOG\#6,global_weights_history_1.csv,global_round,2026-04-22 16:10:56,model.global_round,11,aggregate,server,58.0,0.003383999999999998,0.002953000000000039,0.004828999999999972,0.013214000000000004,0.024380000000000013
12,16:11:55,0.966667,0.118967,0.291919,0.506046,0.566642,0.410426,60,6,C:\Users\VivoBook\Downloads\microproyecto2\microproyecto 2 porque wtf\src\hfl_v7-CNN\Results_FOG\#6,global_weights_history_1.csv,global_round,2026-04-22 16:11:55,model.global_round,12,aggregate,server,59.0,0.0062289999999999845,0.01416099999999998,0.0048559999999999715,0.020587000000000022,0.04583299999999996
13,16:12:54,0.95,0.135209,0.298007,0.515299,0.574723,0.427512,60,6,C:\Users\VivoBook\Downloads\microproyecto2\microproyecto 2 porque wtf\src\hfl_v7-CNN\Results_FOG\#6,global_weights_history_1.csv,global_round,2026-04-22 16:12:54,model.global_round,13,aggregate,server,59.0,0.006088000000000038,0.009252999999999956,0.008081000000000005,0.01708599999999999,0.04050799999999999
14,16:13:53,0.983333,0.143291,0.300882,0.52639,0.583434,0.437109,60,6,C:\Users\VivoBook\Downloads\microproyecto2\microproyecto 2 porque wtf\src\hfl_v7-CNN\Results_FOG\#6,global_weights_history_1.csv,global_round,2026-04-22 16:13:53,model.global_round,14,aggregate,server,59.0,0.002874999999999961,0.011091000000000073,0.008711000000000024,0.009597000000000022,0.03227400000000008
15,16:14:51,0.783333,0.451678,0.303411,0.528383,0.582882,0.443858,60,6,C:\Users\VivoBook\Downloads\microproyecto2\microproyecto 2 porque wtf\src\hfl_v7-CNN\Results_FOG\#6,global_weights_history_1.csv,global_round,2026-04-22 16:14:51,model.global_round,15,aggregate,server,58.0,0.0025290000000000035,0.0019930000000000225,0.0005519999999999969,0.0067489999999999495,0.011822999999999972
16,16:15:51,0.9,0.195909,0.305685,0.539339,0.588749,0.451841,60,6,C:\Users\VivoBook\Downloads\microproyecto2\microproyecto 2 porque wtf\src\hfl_v7-CNN\Results_FOG\#6,global_weights_history_1.csv,global_round,2026-04-22 16:15:51,model.global_round,16,aggregate,server,60.0,0.0022739999999999982,0.010955999999999966,0.005866999999999956,0.007983000000000018,0.027079999999999937
17,16:16:50,0.933333,0.175158,0.310786,0.55281,0.597715,0.46413,60,6,C:\Users\VivoBook\Downloads\microproyecto2\microproyecto 2 porque wtf\src\hfl_v7-CNN\Results_FOG\#6,global_weights_history_1.csv,global_round,2026-04-22 16:16:50,model.global_round,17,aggregate,server,59.0,0.005101000000000022,0.01347100000000001,0.00896600000000003,0.012288999999999994,0.03982700000000006
18,16:17:48,0.933333,0.153363,0.315483,0.555505,0.602919,0.468222,60,6,C:\Users\VivoBook\Downloads\microproyecto2\microproyecto 2 porque wtf\src\hfl_v7-CNN\Results_FOG\#6,global_weights_history_1.csv,global_round,2026-04-22 16:17:48,model.global_round,18,aggregate,server,58.0,0.004697000000000007,0.002695000000000003,0.005203999999999986,0.00409200000000004,0.016688000000000036
19,16:18:46,0.916667,0.134416,0.320101,0.56535,0.606949,0.477478,60,6,C:\Users\VivoBook\Downloads\microproyecto2\microproyecto 2 porque wtf\src\hfl_v7-CNN\Results_FOG\#6,global_weights_history_1.csv,global_round,2026-04-22 16:18:46,model.global_round,19,aggregate,server,58.0,0.004618000000000011,0.009844999999999993,0.004029999999999978,0.009255999999999986,0.027748999999999968
20,16:19:45,0.95,0.150578,0.321553,0.572913,0.610568,0.48373,60,6,C:\Users\VivoBook\Downloads\microproyecto2\microproyecto 2 porque wtf\src\hfl_v7-CNN\Results_FOG\#6,global_weights_history_1.csv,global_round,2026-04-22 16:19:45,model.global_round,20,aggregate,server,59.0,0.0014519999999999533,0.007562999999999986,0.003619000000000039,0.00625199999999998,0.01888599999999996
1,16:22:45,0.8,0.742458,0.173017,0.256041,0.339632,0.175258,60,7,C:\Users\VivoBook\Downloads\microproyecto2\microproyecto 2 porque wtf\src\hfl_v7-CNN\Results_FOG\#7,global_weights_history_2.csv,global_round,2026-04-22 16:22:45,model.global_round,1,aggregate,server,,,,,,0.0
2,16:23:38,0.866667,0.615341,0.185921,0.28698,0.391614,0.170238,60,7,C:\Users\VivoBook\Downloads\microproyecto2\microproyecto 2 porque wtf\src\hfl_v7-CNN\Results_FOG\#7,global_weights_history_2.csv,global_round,2026-04-22 16:23:38,model.global_round,2,aggregate,server,53.0,0.012903999999999999,0.030938999999999994,0.05198200000000003,0.005019999999999997,0.10084500000000002
3,16:24:37,0.8,0.508413,0.201546,0.329863,0.457546,0.164853,60,7,C:\Users\VivoBook\Downloads\microproyecto2\microproyecto 2 porque wtf\src\hfl_v7-CNN\Results_FOG\#7,global_weights_history_2.csv,global_round,2026-04-22 16:24:37,model.global_round,3,aggregate,server,59.0,0.015625,0.042883000000000004,0.06593199999999999,0.005385000000000001,0.129825
4,16:25:35,0.8,0.532685,0.207462,0.332045,0.494055,0.183166,60,7,C:\Users\VivoBook\Downloads\microproyecto2\microproyecto 2 porque wtf\src\hfl_v7-CNN\Results_FOG\#7,global_weights_history_2.csv,global_round,2026-04-22 16:25:35,model.global_round,4,aggregate,server,58.0,0.005916000000000005,0.0021819999999999617,0.036509000000000014,0.018312999999999996,0.06291999999999998
5,16:26:34,0.866667,0.474147,0.214369,0.342338,0.527574,0.219062,60,7,C:\Users\VivoBook\Downloads\microproyecto2\microproyecto 2 porque wtf\src\hfl_v7-CNN\Results_FOG\#7,global_weights_history_2.csv,global_round,2026-04-22 16:26:34,model.global_round,5,aggregate,server,59.0,0.0069069999999999965,0.010292999999999997,0.033518999999999965,0.03589600000000001,0.08661499999999997
6,16:27:33,0.866667,0.361383,0.226204,0.374613,0.561509,0.233289,60,7,C:\Users\VivoBook\Downloads\microproyecto2\microproyecto 2 porque wtf\src\hfl_v7-CNN\Results_FOG\#7,global_weights_history_2.csv,global_round,2026-04-22 16:27:33,model.global_round,6,aggregate,server,59.0,0.011834999999999984,0.032275,0.03393500000000005,0.01422699999999999,0.09227200000000002
7,16:28:31,0.966667,0.271493,0.235076,0.400766,0.586683,0.264253,60,7,C:\Users\VivoBook\Downloads\microproyecto2\microproyecto 2 porque wtf\src\hfl_v7-CNN\Results_FOG\#7,global_weights_history_2.csv,global_round,2026-04-22 16:28:31,model.global_round,7,aggregate,server,58.0,0.008872000000000019,0.026153000000000037,0.02517399999999992,0.03096400000000002,0.091163
8,16:29:29,0.916667,0.268619,0.245328,0.432696,0.603383,0.293861,60,7,C:\Users\VivoBook\Downloads\microproyecto2\microproyecto 2 porque wtf\src\hfl_v7-CNN\Results_FOG\#7,global_weights_history_2.csv,global_round,2026-04-22 16:29:29,model.global_round,8,aggregate,server,58.0,0.010251999999999983,0.031930000000000014,0.016700000000000048,0.029607999999999968,0.08849000000000001
9,16:30:29,0.933333,0.168416,0.252449,0.453092,0.615407,0.323437,60,7,C:\Users\VivoBook\Downloads\microproyecto2\microproyecto 2 porque wtf\src\hfl_v7-CNN\Results_FOG\#7,global_weights_history_2.csv,global_round,2026-04-22 16:30:29,model.global_round,9,aggregate,server,60.0,0.0071209999999999885,0.02039599999999997,0.012024000000000035,0.02957599999999999,0.06911699999999998
10,16:31:27,0.95,0.1932,0.262034,0.480338,0.624776,0.340361,60,7,C:\Users\VivoBook\Downloads\microproyecto2\microproyecto 2 porque wtf\src\hfl_v7-CNN\Results_FOG\#7,global_weights_history_2.csv,global_round,2026-04-22 16:31:27,model.global_round,10,aggregate,server,58.0,0.00958500000000001,0.027245999999999992,0.00936899999999996,0.01692400000000005,0.06312400000000001
11,16:32:27,0.966667,0.175207,0.268224,0.494714,0.634742,0.357299,60,7,C:\Users\VivoBook\Downloads\microproyecto2\microproyecto 2 porque wtf\src\hfl_v7-CNN\Results_FOG\#7,global_weights_history_2.csv,global_round,2026-04-22 16:32:27,model.global_round,11,aggregate,server,60.0,0.006190000000000029,0.014376,0.00996600000000003,0.016937999999999953,0.04747000000000001
12,16:33:25,0.95,0.162837,0.273609,0.508402,0.644159,0.368059,60,7,C:\Users\VivoBook\Downloads\microproyecto2\microproyecto 2 porque wtf\src\hfl_v7-CNN\Results_FOG\#7,global_weights_history_2.csv,global_round,2026-04-22 16:33:25,model.global_round,12,aggregate,server,58.0,0.005384999999999973,0.013688000000000033,0.009417000000000009,0.010760000000000047,0.03925000000000006
13,16:34:24,1.0,0.077206,0.276585,0.51497,0.650389,0.378149,60,7,C:\Users\VivoBook\Downloads\microproyecto2\microproyecto 2 porque wtf\src\hfl_v7-CNN\Results_FOG\#7,global_weights_history_2.csv,global_round,2026-04-22 16:34:24,model.global_round,13,aggregate,server,59.0,0.002976000000000034,0.006568000000000018,0.006229999999999958,0.010089999999999988,0.025863999999999998
14,16:35:22,0.95,0.162631,0.28288,0.530064,0.654314,0.389908,60,7,C:\Users\VivoBook\Downloads\microproyecto2\microproyecto 2 porque wtf\src\hfl_v7-CNN\Results_FOG\#7,global_weights_history_2.csv,global_round,2026-04-22 16:35:22,model.global_round,14,aggregate,server,58.0,0.006294999999999995,0.01509399999999994,0.003924999999999956,0.011758999999999964,0.037072999999999856
15,16:36:21,0.883333,0.285904,0.284524,0.534287,0.653202,0.397806,60,7,C:\Users\VivoBook\Downloads\microproyecto2\microproyecto 2 porque wtf\src\hfl_v7-CNN\Results_FOG\#7,global_weights_history_2.csv,global_round,2026-04-22 16:36:21,model.global_round,15,aggregate,server,59.0,0.0016439999999999788,0.004222999999999977,0.0011120000000000019,0.007898000000000016,0.014876999999999974
16,16:37:19,0.9,0.157886,0.288239,0.542088,0.655882,0.405644,60,7,C:\Users\VivoBook\Downloads\microproyecto2\microproyecto 2 porque wtf\src\hfl_v7-CNN\Results_FOG\#7,global_weights_history_2.csv,global_round,2026-04-22 16:37:19,model.global_round,16,aggregate,server,58.0,0.003715000000000024,0.007801000000000058,0.0026800000000000157,0.007838000000000012,0.02203400000000011
17,16:38:17,0.983333,0.074558,0.290526,0.546679,0.659234,0.412031,60,7,C:\Users\VivoBook\Downloads\microproyecto2\microproyecto 2 porque wtf\src\hfl_v7-CNN\Results_FOG\#7,global_weights_history_2.csv,global_round,2026-04-22 16:38:17,model.global_round,17,aggregate,server,58.0,0.0022869999999999835,0.004591000000000012,0.0033520000000000216,0.006386999999999976,0.016616999999999993
18,16:39:16,0.966667,0.09389,0.293903,0.554354,0.663414,0.418475,60,7,C:\Users\VivoBook\Downloads\microproyecto2\microproyecto 2 porque wtf\src\hfl_v7-CNN\Results_FOG\#7,global_weights_history_2.csv,global_round,2026-04-22 16:39:16,model.global_round,18,aggregate,server,59.0,0.003377000000000019,0.007674999999999987,0.0041799999999999615,0.006444000000000005,0.021675999999999973
19,16:40:15,0.983333,0.053251,0.296566,0.559067,0.666977,0.424431,60,7,C:\Users\VivoBook\Downloads\microproyecto2\microproyecto 2 porque wtf\src\hfl_v7-CNN\Results_FOG\#7,global_weights_history_2.csv,global_round,2026-04-22 16:40:15,model.global_round,19,aggregate,server,59.0,0.002662999999999971,0.004712999999999967,0.003563000000000094,0.005956000000000017,0.01689500000000005
20,16:41:14,1.0,0.03105,0.299021,0.565312,0.670005,0.431728,60,7,C:\Users\VivoBook\Downloads\microproyecto2\microproyecto 2 porque wtf\src\hfl_v7-CNN\Results_FOG\#7,global_weights_history_2.csv,global_round,2026-04-22 16:41:14,model.global_round,20,aggregate,server,59.0,0.002454999999999985,0.006245000000000056,0.0030279999999999196,0.007296999999999998,0.01902499999999996
