timestamp,uptime_s,device_name,device_suffix,hostname,run_id,channel,operation,pt_bytes,enc_bytes,overhead_bytes,elapsed_ms,fl_round,client_id,sample_label,sample_label_name
00:28:06.007,0.5,RN_FOG,gateway_B,gatewayB,4,ESP32->RPi,decrypt,115,233,118,1.412,0,esp32_edge_normal_2,0,normal
00:28:06.009,0.5,RN_FOG,gateway_B,gatewayB,4,ESP32->RPi,decrypt,116,233,117,1.337,0,esp32_edge_normal_3,0,normal
00:28:09.843,4.4,RN_FOG,gateway_B,gatewayB,4,ESP32->RPi,decrypt,121,241,120,1.42,0,esp32_edge_normal_1,0,normal
00:28:10.332,4.9,RN_FOG,gateway_B,gatewayB,4,ESP32->RPi,decrypt,116,233,117,1.298,0,esp32_edge_normal_2,0,normal
00:28:10.967,5.5,RN_FOG,gateway_B,gatewayB,4,ESP32->RPi,decrypt,116,233,117,1.331,0,esp32_edge_normal_3,0,normal
00:28:14.849,9.4,RN_FOG,gateway_B,gatewayB,4,ESP32->RPi,decrypt,119,237,118,3.991,0,esp32_edge_normal_1,0,normal
00:28:15.319,9.9,RN_FOG,gateway_B,gatewayB,4,ESP32->RPi,decrypt,121,241,120,4.102,0,esp32_edge_normal_2,0,normal
00:28:15.972,10.5,RN_FOG,gateway_B,gatewayB,4,ESP32->RPi,decrypt,117,233,116,3.929,0,esp32_edge_normal_3,0,normal
00:28:19.845,14.4,RN_FOG,gateway_B,gatewayB,4,ESP32->RPi,decrypt,120,237,117,4.027,0,esp32_edge_normal_1,0,normal
00:28:20.317,14.8,RN_FOG,gateway_B,gatewayB,4,ESP32->RPi,decrypt,116,233,117,3.903,0,esp32_edge_normal_2,0,normal
00:28:20.973,15.5,RN_FOG,gateway_B,gatewayB,4,ESP32->RPi,decrypt,116,233,117,4.133,0,esp32_edge_normal_3,0,normal
00:28:24.847,19.4,RN_FOG,gateway_B,gatewayB,4,ESP32->RPi,decrypt,119,237,118,3.946,0,esp32_edge_normal_1,0,normal
00:28:25.364,19.9,RN_FOG,gateway_B,gatewayB,4,ESP32->RPi,decrypt,111,225,114,4.295,0,esp32_edge_normal_2,0,normal
00:28:26.055,20.6,RN_FOG,gateway_B,gatewayB,4,ESP32->RPi,decrypt,116,233,117,4.415,0,esp32_edge_normal_3,0,normal
00:28:29.881,24.4,RN_FOG,gateway_B,gatewayB,4,ESP32->RPi,decrypt,116,233,117,4.103,0,esp32_edge_normal_1,0,normal
00:28:30.316,24.8,RN_FOG,gateway_B,gatewayB,4,ESP32->RPi,decrypt,118,237,119,3.98,0,esp32_edge_normal_2,0,normal
00:28:30.978,25.5,RN_FOG,gateway_B,gatewayB,4,ESP32->RPi,decrypt,119,237,118,3.908,0,esp32_edge_normal_3,0,normal
00:28:34.900,29.4,RN_FOG,gateway_B,gatewayB,4,ESP32->RPi,decrypt,116,233,117,3.937,0,esp32_edge_normal_1,0,normal
00:28:35.324,29.9,RN_FOG,gateway_B,gatewayB,4,ESP32->RPi,decrypt,121,241,120,4.127,0,esp32_edge_normal_2,0,normal
00:28:35.978,30.5,RN_FOG,gateway_B,gatewayB,4,ESP32->RPi,decrypt,116,233,117,3.878,0,esp32_edge_normal_3,0,normal
00:28:39.848,34.4,RN_FOG,gateway_B,gatewayB,4,ESP32->RPi,decrypt,116,233,117,2.961,0,esp32_edge_normal_1,0,normal
00:28:40.316,34.8,RN_FOG,gateway_B,gatewayB,4,ESP32->RPi,decrypt,115,233,118,3.924,0,esp32_edge_normal_2,0,normal
00:28:40.972,35.5,RN_FOG,gateway_B,gatewayB,4,ESP32->RPi,decrypt,116,233,117,3.94,0,esp32_edge_normal_3,0,normal
00:28:44.848,39.4,RN_FOG,gateway_B,gatewayB,4,ESP32->RPi,decrypt,119,237,118,3.912,0,esp32_edge_normal_1,0,normal
00:28:45.316,39.8,RN_FOG,gateway_B,gatewayB,4,ESP32->RPi,decrypt,120,237,117,4.169,0,esp32_edge_normal_2,0,normal
00:28:45.972,40.5,RN_FOG,gateway_B,gatewayB,4,ESP32->RPi,decrypt,118,237,119,3.928,0,esp32_edge_normal_3,0,normal
00:28:49.949,44.5,RN_FOG,gateway_B,gatewayB,4,ESP32->RPi,decrypt,112,229,117,1.283,0,esp32_edge_normal_1,0,normal
00:28:50.313,44.8,RN_FOG,gateway_B,gatewayB,4,ESP32->RPi,decrypt,115,233,118,1.296,0,esp32_edge_normal_2,0,normal
00:28:50.967,45.5,RN_FOG,gateway_B,gatewayB,4,ESP32->RPi,decrypt,112,229,117,1.276,0,esp32_edge_normal_3,0,normal
00:28:54.850,49.4,RN_FOG,gateway_B,gatewayB,4,ESP32->RPi,decrypt,120,237,117,4.01,0,esp32_edge_normal_1,0,normal
00:29:03.649,58.2,RN_FOG,gateway_B,gatewayB,4,RPi_peer->RPi_leader,encrypt,3640,4938,1298,36.612,0,,,
00:29:03.653,58.2,RN_FOG,gateway_B,gatewayB,4,ESP32->RPi,decrypt,118,237,119,1.477,0,esp32_edge_normal_2,0,normal
00:29:03.655,58.2,RN_FOG,gateway_B,gatewayB,4,ESP32->RPi,decrypt,115,233,118,1.561,0,esp32_edge_normal_3,0,normal
00:29:03.658,58.2,RN_FOG,gateway_B,gatewayB,4,ESP32->RPi,decrypt,115,233,118,1.925,0,esp32_edge_normal_1,0,normal
00:29:03.661,58.2,RN_FOG,gateway_B,gatewayB,4,ESP32->RPi,decrypt,116,233,117,2.047,0,esp32_edge_normal_2,0,normal
00:29:03.664,58.2,RN_FOG,gateway_B,gatewayB,4,ESP32->RPi,decrypt,115,233,118,1.634,0,esp32_edge_normal_3,0,normal
00:29:04.029,58.6,RN_FOG,gateway_B,gatewayB,4,RPi_leader->RPi_peer,decrypt,3522,4778,1256,38.748,0,,,
00:29:04.070,58.6,RN_FOG,gateway_B,gatewayB,4,RPi->ESP32,encrypt,3522,4778,1256,33.797,1,,,
00:29:18.019,72.6,RN_FOG,gateway_B,gatewayB,4,ESP32->RPi,decrypt,117,233,116,4.015,1,esp32_edge_normal_2,0,normal
00:29:18.051,72.6,RN_FOG,gateway_B,gatewayB,4,ESP32->RPi,decrypt,121,241,120,3.81,1,esp32_edge_normal_1,0,normal
00:29:18.076,72.6,RN_FOG,gateway_B,gatewayB,4,ESP32->RPi,decrypt,121,241,120,3.624,1,esp32_edge_normal_3,0,normal
00:29:23.041,77.6,RN_FOG,gateway_B,gatewayB,4,ESP32->RPi,decrypt,118,237,119,1.284,1,esp32_edge_normal_2,0,normal
00:29:23.046,77.6,RN_FOG,gateway_B,gatewayB,4,ESP32->RPi,decrypt,114,229,115,1.365,1,esp32_edge_normal_1,0,normal
00:29:23.084,77.6,RN_FOG,gateway_B,gatewayB,4,ESP32->RPi,decrypt,115,233,118,1.383,1,esp32_edge_normal_3,0,normal
00:29:28.018,82.5,RN_FOG,gateway_B,gatewayB,4,ESP32->RPi,decrypt,120,237,117,1.5,1,esp32_edge_normal_2,0,normal
00:29:28.048,82.6,RN_FOG,gateway_B,gatewayB,4,ESP32->RPi,decrypt,119,237,118,1.683,1,esp32_edge_normal_1,0,normal
00:29:28.084,82.6,RN_FOG,gateway_B,gatewayB,4,ESP32->RPi,decrypt,121,241,120,1.412,1,esp32_edge_normal_3,0,normal
00:29:33.013,87.5,RN_FOG,gateway_B,gatewayB,4,ESP32->RPi,decrypt,116,233,117,1.286,1,esp32_edge_normal_2,0,normal
00:29:33.050,87.6,RN_FOG,gateway_B,gatewayB,4,ESP32->RPi,decrypt,117,233,116,1.426,1,esp32_edge_normal_1,0,normal
00:29:33.079,87.6,RN_FOG,gateway_B,gatewayB,4,ESP32->RPi,decrypt,121,241,120,1.351,1,esp32_edge_normal_3,0,normal
00:29:38.014,92.5,RN_FOG,gateway_B,gatewayB,4,ESP32->RPi,decrypt,120,237,117,3.986,1,esp32_edge_normal_2,0,normal
00:29:38.054,92.6,RN_FOG,gateway_B,gatewayB,4,ESP32->RPi,decrypt,117,233,116,3.938,1,esp32_edge_normal_1,0,normal
00:29:38.088,92.6,RN_FOG,gateway_B,gatewayB,4,ESP32->RPi,decrypt,116,233,117,2.563,1,esp32_edge_normal_3,0,normal
00:29:43.011,97.5,RN_FOG,gateway_B,gatewayB,4,ESP32->RPi,decrypt,114,229,115,1.312,1,esp32_edge_normal_2,0,normal
00:29:43.048,97.6,RN_FOG,gateway_B,gatewayB,4,ESP32->RPi,decrypt,117,233,116,1.327,1,esp32_edge_normal_1,0,normal
00:29:43.081,97.6,RN_FOG,gateway_B,gatewayB,4,ESP32->RPi,decrypt,120,237,117,1.475,1,esp32_edge_normal_3,0,normal
00:29:48.006,102.5,RN_FOG,gateway_B,gatewayB,4,ESP32->RPi,decrypt,117,233,116,1.455,1,esp32_edge_normal_2,0,normal
00:29:48.047,102.6,RN_FOG,gateway_B,gatewayB,4,ESP32->RPi,decrypt,121,241,120,1.664,1,esp32_edge_normal_1,0,normal
00:29:48.082,102.6,RN_FOG,gateway_B,gatewayB,4,ESP32->RPi,decrypt,119,237,118,1.49,1,esp32_edge_normal_3,0,normal
00:29:53.010,107.5,RN_FOG,gateway_B,gatewayB,4,ESP32->RPi,decrypt,115,233,118,3.324,1,esp32_edge_normal_2,0,normal
00:29:53.050,107.6,RN_FOG,gateway_B,gatewayB,4,ESP32->RPi,decrypt,115,233,118,3.37,1,esp32_edge_normal_1,0,normal
00:29:53.080,107.6,RN_FOG,gateway_B,gatewayB,4,ESP32->RPi,decrypt,119,237,118,3.657,1,esp32_edge_normal_3,0,normal
00:29:58.009,112.5,RN_FOG,gateway_B,gatewayB,4,ESP32->RPi,decrypt,120,237,117,1.356,1,esp32_edge_normal_2,0,normal
00:29:59.206,113.7,RN_FOG,gateway_B,gatewayB,4,RPi_peer->RPi_leader,encrypt,3635,4930,1295,37.935,1,,,
00:29:59.211,113.7,RN_FOG,gateway_B,gatewayB,4,ESP32->RPi,decrypt,119,237,118,1.641,1,esp32_edge_normal_1,0,normal
00:29:59.213,113.7,RN_FOG,gateway_B,gatewayB,4,ESP32->RPi,decrypt,119,237,118,1.682,1,esp32_edge_normal_3,0,normal
00:29:59.595,114.1,RN_FOG,gateway_B,gatewayB,4,RPi_leader->RPi_peer,decrypt,3541,4806,1265,35.665,1,,,
00:29:59.636,114.2,RN_FOG,gateway_B,gatewayB,4,RPi->ESP32,encrypt,3541,4806,1265,35.171,2,,,
00:30:12.492,127.0,RN_FOG,gateway_B,gatewayB,4,ESP32->RPi,decrypt,117,233,116,1.355,2,esp32_edge_normal_2,0,normal
00:30:12.546,127.1,RN_FOG,gateway_B,gatewayB,4,ESP32->RPi,decrypt,115,233,118,1.441,2,esp32_edge_normal_1,0,normal
00:30:12.554,127.1,RN_FOG,gateway_B,gatewayB,4,ESP32->RPi,decrypt,115,233,118,1.37,2,esp32_edge_normal_3,0,normal
00:30:17.489,132.0,RN_FOG,gateway_B,gatewayB,4,ESP32->RPi,decrypt,121,241,120,1.412,2,esp32_edge_normal_2,0,normal
00:30:17.554,132.1,RN_FOG,gateway_B,gatewayB,4,ESP32->RPi,decrypt,116,233,117,1.344,2,esp32_edge_normal_1,0,normal
00:30:17.558,132.1,RN_FOG,gateway_B,gatewayB,4,ESP32->RPi,decrypt,116,233,117,1.327,2,esp32_edge_normal_3,0,normal
00:30:22.522,137.1,RN_FOG,gateway_B,gatewayB,4,ESP32->RPi,decrypt,117,233,116,4.147,2,esp32_edge_normal_2,0,normal
00:30:22.555,137.1,RN_FOG,gateway_B,gatewayB,4,ESP32->RPi,decrypt,121,241,120,4.765,2,esp32_edge_normal_1,0,normal
00:30:22.563,137.1,RN_FOG,gateway_B,gatewayB,4,ESP32->RPi,decrypt,117,233,116,5.848,2,esp32_edge_normal_3,0,normal
00:30:27.490,142.0,RN_FOG,gateway_B,gatewayB,4,ESP32->RPi,decrypt,112,229,117,1.41,2,esp32_edge_normal_2,0,normal
00:30:27.545,142.1,RN_FOG,gateway_B,gatewayB,4,ESP32->RPi,decrypt,116,233,117,1.349,2,esp32_edge_normal_1,0,normal
00:30:27.547,142.1,RN_FOG,gateway_B,gatewayB,4,ESP32->RPi,decrypt,117,233,116,1.309,2,esp32_edge_normal_3,0,normal
00:30:32.487,147.0,RN_FOG,gateway_B,gatewayB,4,ESP32->RPi,decrypt,118,237,119,1.464,2,esp32_edge_normal_2,0,normal
00:30:32.551,147.1,RN_FOG,gateway_B,gatewayB,4,ESP32->RPi,decrypt,115,233,118,1.424,2,esp32_edge_normal_3,0,normal
00:30:32.559,147.1,RN_FOG,gateway_B,gatewayB,4,ESP32->RPi,decrypt,119,237,118,1.396,2,esp32_edge_normal_1,0,normal
00:30:37.494,152.0,RN_FOG,gateway_B,gatewayB,4,ESP32->RPi,decrypt,119,237,118,1.441,2,esp32_edge_normal_2,0,normal
00:30:37.552,152.1,RN_FOG,gateway_B,gatewayB,4,ESP32->RPi,decrypt,116,233,117,1.405,2,esp32_edge_normal_3,0,normal
00:30:37.564,152.1,RN_FOG,gateway_B,gatewayB,4,ESP32->RPi,decrypt,121,241,120,1.605,2,esp32_edge_normal_1,0,normal
00:30:42.491,157.0,RN_FOG,gateway_B,gatewayB,4,ESP32->RPi,decrypt,112,229,117,3.867,2,esp32_edge_normal_2,0,normal
00:30:42.553,157.1,RN_FOG,gateway_B,gatewayB,4,ESP32->RPi,decrypt,116,233,117,3.67,2,esp32_edge_normal_1,0,normal
00:30:42.558,157.1,RN_FOG,gateway_B,gatewayB,4,ESP32->RPi,decrypt,115,233,118,3.501,2,esp32_edge_normal_3,0,normal
00:30:47.485,162.0,RN_FOG,gateway_B,gatewayB,4,ESP32->RPi,decrypt,113,229,116,1.397,2,esp32_edge_normal_2,0,normal
00:30:47.553,162.1,RN_FOG,gateway_B,gatewayB,4,ESP32->RPi,decrypt,117,233,116,1.428,2,esp32_edge_normal_3,0,normal
00:30:47.563,162.1,RN_FOG,gateway_B,gatewayB,4,ESP32->RPi,decrypt,107,221,114,1.324,2,esp32_edge_normal_1,0,normal
00:30:52.491,167.0,RN_FOG,gateway_B,gatewayB,4,ESP32->RPi,decrypt,121,241,120,1.37,2,esp32_edge_normal_2,0,normal
00:30:52.543,167.1,RN_FOG,gateway_B,gatewayB,4,ESP32->RPi,decrypt,120,237,117,1.504,2,esp32_edge_normal_1,0,normal
00:30:52.547,167.1,RN_FOG,gateway_B,gatewayB,4,ESP32->RPi,decrypt,112,229,117,1.454,2,esp32_edge_normal_3,0,normal
00:30:57.500,172.0,RN_FOG,gateway_B,gatewayB,4,ESP32->RPi,decrypt,119,237,118,1.416,2,esp32_edge_normal_2,0,normal
00:30:58.808,173.3,RN_FOG,gateway_B,gatewayB,4,RPi_peer->RPi_leader,encrypt,3634,4930,1296,36.702,2,,,
00:30:58.812,173.3,RN_FOG,gateway_B,gatewayB,4,ESP32->RPi,decrypt,117,233,116,1.501,2,esp32_edge_normal_1,0,normal
00:30:58.814,173.3,RN_FOG,gateway_B,gatewayB,4,ESP32->RPi,decrypt,119,237,118,1.592,2,esp32_edge_normal_3,0,normal
00:30:59.173,173.7,RN_FOG,gateway_B,gatewayB,4,RPi_leader->RPi_peer,decrypt,3526,4786,1260,34.946,2,,,
00:30:59.214,173.7,RN_FOG,gateway_B,gatewayB,4,RPi->ESP32,encrypt,3526,4786,1260,35.066,3,,,
00:31:11.143,185.7,RN_FOG,gateway_B,gatewayB,4,ESP32->RPi,decrypt,120,237,117,1.528,3,esp32_edge_normal_3,0,normal
00:31:11.617,186.1,RN_FOG,gateway_B,gatewayB,4,ESP32->RPi,decrypt,117,233,116,1.387,3,esp32_edge_normal_2,0,normal
00:31:11.645,186.2,RN_FOG,gateway_B,gatewayB,4,ESP32->RPi,decrypt,118,237,119,1.387,3,esp32_edge_normal_1,0,normal
00:31:16.142,190.7,RN_FOG,gateway_B,gatewayB,4,ESP32->RPi,decrypt,116,233,117,1.387,3,esp32_edge_normal_3,0,normal
00:31:16.622,191.2,RN_FOG,gateway_B,gatewayB,4,ESP32->RPi,decrypt,116,233,117,1.375,3,esp32_edge_normal_2,0,normal
00:31:16.665,191.2,RN_FOG,gateway_B,gatewayB,4,ESP32->RPi,decrypt,116,233,117,1.377,3,esp32_edge_normal_1,0,normal
00:31:21.159,195.7,RN_FOG,gateway_B,gatewayB,4,ESP32->RPi,decrypt,118,237,119,4.02,3,esp32_edge_normal_3,0,normal
00:31:21.622,196.2,RN_FOG,gateway_B,gatewayB,4,ESP32->RPi,decrypt,116,233,117,1.314,3,esp32_edge_normal_2,0,normal
00:31:21.649,196.2,RN_FOG,gateway_B,gatewayB,4,ESP32->RPi,decrypt,116,233,117,1.31,3,esp32_edge_normal_1,0,normal
00:31:26.142,200.7,RN_FOG,gateway_B,gatewayB,4,ESP32->RPi,decrypt,121,241,120,1.405,3,esp32_edge_normal_3,0,normal
00:31:26.623,201.2,RN_FOG,gateway_B,gatewayB,4,ESP32->RPi,decrypt,114,229,115,1.398,3,esp32_edge_normal_2,0,normal
00:31:26.654,201.2,RN_FOG,gateway_B,gatewayB,4,ESP32->RPi,decrypt,116,233,117,1.426,3,esp32_edge_normal_1,0,normal
00:31:31.147,205.7,RN_FOG,gateway_B,gatewayB,4,ESP32->RPi,decrypt,116,233,117,1.427,3,esp32_edge_normal_3,0,normal
00:31:31.623,206.2,RN_FOG,gateway_B,gatewayB,4,ESP32->RPi,decrypt,116,233,117,4.339,3,esp32_edge_normal_2,0,normal
00:31:31.658,206.2,RN_FOG,gateway_B,gatewayB,4,ESP32->RPi,decrypt,120,237,117,5.119,3,esp32_edge_normal_1,0,normal
00:31:36.149,210.7,RN_FOG,gateway_B,gatewayB,4,ESP32->RPi,decrypt,117,233,116,1.551,3,esp32_edge_normal_3,0,normal
00:31:36.613,211.1,RN_FOG,gateway_B,gatewayB,4,ESP32->RPi,decrypt,120,237,117,1.563,3,esp32_edge_normal_2,0,normal
00:31:36.649,211.2,RN_FOG,gateway_B,gatewayB,4,ESP32->RPi,decrypt,121,241,120,1.588,3,esp32_edge_normal_1,0,normal
00:31:41.144,215.7,RN_FOG,gateway_B,gatewayB,4,ESP32->RPi,decrypt,115,233,118,1.385,3,esp32_edge_normal_3,0,normal
00:31:41.621,216.2,RN_FOG,gateway_B,gatewayB,4,ESP32->RPi,decrypt,118,237,119,1.48,3,esp32_edge_normal_2,0,normal
00:31:41.650,216.2,RN_FOG,gateway_B,gatewayB,4,ESP32->RPi,decrypt,116,233,117,1.506,3,esp32_edge_normal_1,0,normal
00:31:46.144,220.7,RN_FOG,gateway_B,gatewayB,4,ESP32->RPi,decrypt,118,237,119,1.44,3,esp32_edge_normal_3,0,normal
00:31:46.613,221.1,RN_FOG,gateway_B,gatewayB,4,ESP32->RPi,decrypt,120,237,117,1.475,3,esp32_edge_normal_2,0,normal
00:31:46.647,221.2,RN_FOG,gateway_B,gatewayB,4,ESP32->RPi,decrypt,113,229,116,1.456,3,esp32_edge_normal_1,0,normal
00:31:51.147,225.7,RN_FOG,gateway_B,gatewayB,4,ESP32->RPi,decrypt,118,237,119,4.163,3,esp32_edge_normal_3,0,normal
00:31:51.616,226.1,RN_FOG,gateway_B,gatewayB,4,ESP32->RPi,decrypt,114,229,115,4.17,3,esp32_edge_normal_2,0,normal
00:31:51.649,226.2,RN_FOG,gateway_B,gatewayB,4,ESP32->RPi,decrypt,115,233,118,4.046,3,esp32_edge_normal_1,0,normal
00:31:56.145,230.7,RN_FOG,gateway_B,gatewayB,4,ESP32->RPi,decrypt,119,237,118,1.297,3,esp32_edge_normal_3,0,normal
00:31:57.413,231.9,RN_FOG,gateway_B,gatewayB,4,RPi_peer->RPi_leader,encrypt,3619,4910,1291,38.118,3,,,
00:31:57.417,231.9,RN_FOG,gateway_B,gatewayB,4,ESP32->RPi,decrypt,121,241,120,1.494,3,esp32_edge_normal_2,0,normal
00:31:57.419,232.0,RN_FOG,gateway_B,gatewayB,4,ESP32->RPi,decrypt,119,237,118,1.514,3,esp32_edge_normal_1,0,normal
00:31:57.798,232.3,RN_FOG,gateway_B,gatewayB,4,RPi_leader->RPi_peer,decrypt,3530,4790,1260,33.517,3,,,
00:31:57.844,232.4,RN_FOG,gateway_B,gatewayB,4,RPi->ESP32,encrypt,3530,4790,1260,33.692,4,,,
00:32:11.761,246.3,RN_FOG,gateway_B,gatewayB,4,ESP32->RPi,decrypt,116,233,117,1.447,4,esp32_edge_normal_2,0,normal
00:32:11.815,246.3,RN_FOG,gateway_B,gatewayB,4,ESP32->RPi,decrypt,116,233,117,1.507,4,esp32_edge_normal_3,0,normal
00:32:11.818,246.4,RN_FOG,gateway_B,gatewayB,4,ESP32->RPi,decrypt,121,241,120,1.52,4,esp32_edge_normal_1,0,normal
00:32:16.765,251.3,RN_FOG,gateway_B,gatewayB,4,ESP32->RPi,decrypt,118,237,119,3.921,4,esp32_edge_normal_2,0,normal
00:32:16.814,251.3,RN_FOG,gateway_B,gatewayB,4,ESP32->RPi,decrypt,121,241,120,4.097,4,esp32_edge_normal_1,0,normal
00:32:16.822,251.4,RN_FOG,gateway_B,gatewayB,4,ESP32->RPi,decrypt,114,229,115,4.385,4,esp32_edge_normal_3,0,normal
00:32:21.763,256.3,RN_FOG,gateway_B,gatewayB,4,ESP32->RPi,decrypt,115,233,118,1.409,4,esp32_edge_normal_2,0,normal
00:32:21.807,256.3,RN_FOG,gateway_B,gatewayB,4,ESP32->RPi,decrypt,113,229,116,1.466,4,esp32_edge_normal_1,0,normal
00:32:21.817,256.3,RN_FOG,gateway_B,gatewayB,4,ESP32->RPi,decrypt,119,237,118,1.444,4,esp32_edge_normal_3,0,normal
00:32:26.763,261.3,RN_FOG,gateway_B,gatewayB,4,ESP32->RPi,decrypt,113,229,116,1.34,4,esp32_edge_normal_2,0,normal
00:32:26.809,261.3,RN_FOG,gateway_B,gatewayB,4,ESP32->RPi,decrypt,121,241,120,1.425,4,esp32_edge_normal_3,0,normal
00:32:26.821,261.4,RN_FOG,gateway_B,gatewayB,4,ESP32->RPi,decrypt,120,237,117,1.421,4,esp32_edge_normal_1,0,normal
00:32:31.832,266.4,RN_FOG,gateway_B,gatewayB,4,ESP32->RPi,decrypt,115,233,118,1.404,4,esp32_edge_normal_2,0,normal
00:32:31.835,266.4,RN_FOG,gateway_B,gatewayB,4,ESP32->RPi,decrypt,117,233,116,1.409,4,esp32_edge_normal_1,0,normal
00:32:31.837,266.4,RN_FOG,gateway_B,gatewayB,4,ESP32->RPi,decrypt,120,237,117,1.442,4,esp32_edge_normal_3,0,normal
00:32:36.755,271.3,RN_FOG,gateway_B,gatewayB,4,ESP32->RPi,decrypt,121,241,120,1.482,4,esp32_edge_normal_2,0,normal
00:32:36.802,271.3,RN_FOG,gateway_B,gatewayB,4,ESP32->RPi,decrypt,114,229,115,1.518,4,esp32_edge_normal_3,0,normal
00:32:36.812,271.3,RN_FOG,gateway_B,gatewayB,4,ESP32->RPi,decrypt,117,233,116,1.439,4,esp32_edge_normal_1,0,normal
00:32:52.923,287.5,RN_FOG,gateway_B,gatewayB,4,ESP32->RPi,decrypt,119,237,118,4.276,4,esp32_edge_normal_3,0,normal
00:32:52.939,287.5,RN_FOG,gateway_B,gatewayB,4,ESP32->RPi,decrypt,116,233,117,4.333,4,esp32_edge_normal_2,0,normal
00:32:53.458,288.0,RN_FOG,gateway_B,gatewayB,4,ESP32->RPi,decrypt,116,233,117,4.213,4,esp32_edge_normal_1,0,normal
00:32:57.921,292.5,RN_FOG,gateway_B,gatewayB,4,ESP32->RPi,decrypt,121,241,120,1.45,4,esp32_edge_normal_3,0,normal
00:32:57.929,292.5,RN_FOG,gateway_B,gatewayB,4,ESP32->RPi,decrypt,107,221,114,1.204,4,esp32_edge_normal_2,0,normal
00:32:58.457,293.0,RN_FOG,gateway_B,gatewayB,4,ESP32->RPi,decrypt,121,241,120,1.367,4,esp32_edge_normal_1,0,normal
00:33:02.920,297.5,RN_FOG,gateway_B,gatewayB,4,ESP32->RPi,decrypt,118,237,119,1.301,4,esp32_edge_normal_3,0,normal
00:33:02.933,297.5,RN_FOG,gateway_B,gatewayB,4,ESP32->RPi,decrypt,117,233,116,1.278,4,esp32_edge_normal_2,0,normal
00:33:03.454,298.0,RN_FOG,gateway_B,gatewayB,4,ESP32->RPi,decrypt,113,229,116,1.331,4,esp32_edge_normal_1,0,normal
00:33:07.918,302.4,RN_FOG,gateway_B,gatewayB,4,ESP32->RPi,decrypt,116,233,117,1.367,4,esp32_edge_normal_3,0,normal
00:33:09.173,303.7,RN_FOG,gateway_B,gatewayB,4,RPi_peer->RPi_leader,encrypt,3632,4926,1294,36.776,4,,,
00:33:09.178,303.7,RN_FOG,gateway_B,gatewayB,4,ESP32->RPi,decrypt,116,233,117,1.449,4,esp32_edge_normal_2,0,normal
00:33:09.180,303.7,RN_FOG,gateway_B,gatewayB,4,ESP32->RPi,decrypt,118,237,119,1.389,4,esp32_edge_normal_1,0,normal
00:33:09.635,304.2,RN_FOG,gateway_B,gatewayB,4,RPi_leader->RPi_peer,decrypt,3531,4790,1259,40.339,4,,,
00:33:09.680,304.2,RN_FOG,gateway_B,gatewayB,4,RPi->ESP32,encrypt,3531,4790,1259,33.475,5,,,
00:33:22.074,316.6,RN_FOG,gateway_B,gatewayB,4,ESP32->RPi,decrypt,115,233,118,1.406,5,esp32_edge_normal_2,0,normal
00:33:22.652,317.2,RN_FOG,gateway_B,gatewayB,4,ESP32->RPi,decrypt,117,233,116,1.48,5,esp32_edge_normal_3,0,normal
00:33:22.655,317.2,RN_FOG,gateway_B,gatewayB,4,ESP32->RPi,decrypt,120,237,117,1.467,5,esp32_edge_normal_1,0,normal
00:33:27.073,321.6,RN_FOG,gateway_B,gatewayB,4,ESP32->RPi,decrypt,118,237,119,1.416,5,esp32_edge_normal_2,0,normal
00:33:27.601,322.1,RN_FOG,gateway_B,gatewayB,4,ESP32->RPi,decrypt,114,229,115,1.412,5,esp32_edge_normal_3,0,normal
00:33:27.610,322.1,RN_FOG,gateway_B,gatewayB,4,ESP32->RPi,decrypt,114,229,115,1.426,5,esp32_edge_normal_1,0,normal
00:33:32.071,326.6,RN_FOG,gateway_B,gatewayB,4,ESP32->RPi,decrypt,115,233,118,1.407,5,esp32_edge_normal_2,0,normal
00:33:32.597,327.1,RN_FOG,gateway_B,gatewayB,4,ESP32->RPi,decrypt,113,229,116,1.351,5,esp32_edge_normal_3,0,normal
00:33:32.611,327.1,RN_FOG,gateway_B,gatewayB,4,ESP32->RPi,decrypt,118,237,119,1.405,5,esp32_edge_normal_1,0,normal
00:33:37.066,331.6,RN_FOG,gateway_B,gatewayB,4,ESP32->RPi,decrypt,116,233,117,1.432,5,esp32_edge_normal_2,0,normal
00:33:37.596,332.1,RN_FOG,gateway_B,gatewayB,4,ESP32->RPi,decrypt,114,229,115,1.357,5,esp32_edge_normal_3,0,normal
00:33:37.615,332.1,RN_FOG,gateway_B,gatewayB,4,ESP32->RPi,decrypt,118,237,119,1.306,5,esp32_edge_normal_1,0,normal
00:33:42.071,336.6,RN_FOG,gateway_B,gatewayB,4,ESP32->RPi,decrypt,116,233,117,3.357,5,esp32_edge_normal_2,0,normal
00:33:42.601,337.1,RN_FOG,gateway_B,gatewayB,4,ESP32->RPi,decrypt,115,233,118,1.291,5,esp32_edge_normal_3,0,normal
00:33:42.611,337.1,RN_FOG,gateway_B,gatewayB,4,ESP32->RPi,decrypt,116,233,117,1.272,5,esp32_edge_normal_1,0,normal
00:33:47.070,341.6,RN_FOG,gateway_B,gatewayB,4,ESP32->RPi,decrypt,117,233,116,1.377,5,esp32_edge_normal_2,0,normal
00:33:47.601,342.1,RN_FOG,gateway_B,gatewayB,4,ESP32->RPi,decrypt,115,233,118,4.239,5,esp32_edge_normal_3,0,normal
00:33:47.616,342.1,RN_FOG,gateway_B,gatewayB,4,ESP32->RPi,decrypt,115,233,118,4.143,5,esp32_edge_normal_1,0,normal
00:33:52.067,346.6,RN_FOG,gateway_B,gatewayB,4,ESP32->RPi,decrypt,116,233,117,1.416,5,esp32_edge_normal_2,0,normal
00:33:52.597,347.1,RN_FOG,gateway_B,gatewayB,4,ESP32->RPi,decrypt,111,225,114,1.307,5,esp32_edge_normal_3,0,normal
00:33:52.635,347.2,RN_FOG,gateway_B,gatewayB,4,ESP32->RPi,decrypt,117,233,116,1.304,5,esp32_edge_normal_1,0,normal
00:33:57.597,352.1,RN_FOG,gateway_B,gatewayB,4,ESP32->RPi,decrypt,114,229,115,1.309,5,esp32_edge_normal_3,0,normal
00:33:57.614,352.1,RN_FOG,gateway_B,gatewayB,4,ESP32->RPi,decrypt,116,233,117,1.407,5,esp32_edge_normal_1,0,normal
00:33:58.325,352.9,RN_FOG,gateway_B,gatewayB,4,ESP32->RPi,decrypt,111,225,114,1.268,5,esp32_edge_normal_2,0,normal
00:34:02.074,356.6,RN_FOG,gateway_B,gatewayB,4,ESP32->RPi,decrypt,114,229,115,1.356,5,esp32_edge_normal_2,0,normal
00:34:02.596,357.1,RN_FOG,gateway_B,gatewayB,4,ESP32->RPi,decrypt,116,233,117,1.314,5,esp32_edge_normal_3,0,normal
00:34:02.614,357.1,RN_FOG,gateway_B,gatewayB,4,ESP32->RPi,decrypt,119,237,118,1.536,5,esp32_edge_normal_1,0,normal
00:34:07.066,361.6,RN_FOG,gateway_B,gatewayB,4,ESP32->RPi,decrypt,115,233,118,1.308,5,esp32_edge_normal_2,0,normal
00:34:08.388,362.9,RN_FOG,gateway_B,gatewayB,4,RPi_peer->RPi_leader,encrypt,3625,4918,1293,34.866,5,,,
00:34:08.394,362.9,RN_FOG,gateway_B,gatewayB,4,ESP32->RPi,decrypt,106,221,115,1.28,5,esp32_edge_normal_3,0,normal
00:34:08.396,362.9,RN_FOG,gateway_B,gatewayB,4,ESP32->RPi,decrypt,118,237,119,1.309,5,esp32_edge_normal_1,0,normal
00:34:08.853,363.4,RN_FOG,gateway_B,gatewayB,4,RPi_leader->RPi_peer,decrypt,3533,4794,1261,31.4,5,,,
00:34:08.894,363.4,RN_FOG,gateway_B,gatewayB,4,RPi->ESP32,encrypt,3533,4794,1261,33.694,6,,,
00:34:21.305,375.8,RN_FOG,gateway_B,gatewayB,4,ESP32->RPi,decrypt,120,237,117,1.456,6,esp32_edge_normal_1,0,normal
00:34:21.735,376.3,RN_FOG,gateway_B,gatewayB,4,ESP32->RPi,decrypt,121,241,120,1.548,6,esp32_edge_normal_2,0,normal
00:34:21.790,376.3,RN_FOG,gateway_B,gatewayB,4,ESP32->RPi,decrypt,106,221,115,1.476,6,esp32_edge_normal_3,0,normal
00:34:26.286,380.8,RN_FOG,gateway_B,gatewayB,4,ESP32->RPi,decrypt,115,233,118,1.415,6,esp32_edge_normal_1,0,normal
00:34:26.737,381.3,RN_FOG,gateway_B,gatewayB,4,ESP32->RPi,decrypt,116,233,117,1.344,6,esp32_edge_normal_2,0,normal
00:34:26.792,381.3,RN_FOG,gateway_B,gatewayB,4,ESP32->RPi,decrypt,117,233,116,1.359,6,esp32_edge_normal_3,0,normal
00:34:31.295,385.8,RN_FOG,gateway_B,gatewayB,4,ESP32->RPi,decrypt,113,229,116,4.13,6,esp32_edge_normal_1,0,normal
00:34:31.744,386.3,RN_FOG,gateway_B,gatewayB,4,ESP32->RPi,decrypt,106,221,115,1.336,6,esp32_edge_normal_2,0,normal
00:34:31.798,386.3,RN_FOG,gateway_B,gatewayB,4,ESP32->RPi,decrypt,120,237,117,1.477,6,esp32_edge_normal_3,0,normal
00:34:36.286,390.8,RN_FOG,gateway_B,gatewayB,4,ESP32->RPi,decrypt,117,233,116,1.4,6,esp32_edge_normal_1,0,normal
00:34:36.741,391.3,RN_FOG,gateway_B,gatewayB,4,ESP32->RPi,decrypt,120,237,117,4.091,6,esp32_edge_normal_2,0,normal
00:34:36.793,391.3,RN_FOG,gateway_B,gatewayB,4,ESP32->RPi,decrypt,120,237,117,4.133,6,esp32_edge_normal_3,0,normal
00:34:41.294,395.8,RN_FOG,gateway_B,gatewayB,4,ESP32->RPi,decrypt,116,233,117,1.33,6,esp32_edge_normal_1,0,normal
00:34:41.738,396.3,RN_FOG,gateway_B,gatewayB,4,ESP32->RPi,decrypt,120,237,117,1.411,6,esp32_edge_normal_2,0,normal
00:34:41.787,396.3,RN_FOG,gateway_B,gatewayB,4,ESP32->RPi,decrypt,113,229,116,1.363,6,esp32_edge_normal_3,0,normal
00:34:46.298,400.8,RN_FOG,gateway_B,gatewayB,4,ESP32->RPi,decrypt,115,233,118,1.477,6,esp32_edge_normal_1,0,normal
00:34:46.737,401.3,RN_FOG,gateway_B,gatewayB,4,ESP32->RPi,decrypt,115,233,118,1.429,6,esp32_edge_normal_2,0,normal
00:34:46.788,401.3,RN_FOG,gateway_B,gatewayB,4,ESP32->RPi,decrypt,120,237,117,1.474,6,esp32_edge_normal_3,0,normal
00:34:51.297,405.8,RN_FOG,gateway_B,gatewayB,4,ESP32->RPi,decrypt,117,233,116,1.379,6,esp32_edge_normal_1,0,normal
00:34:51.735,406.3,RN_FOG,gateway_B,gatewayB,4,ESP32->RPi,decrypt,115,233,118,1.306,6,esp32_edge_normal_2,0,normal
00:34:51.789,406.3,RN_FOG,gateway_B,gatewayB,4,ESP32->RPi,decrypt,114,229,115,1.329,6,esp32_edge_normal_3,0,normal
00:34:56.293,410.8,RN_FOG,gateway_B,gatewayB,4,ESP32->RPi,decrypt,117,233,116,3.858,6,esp32_edge_normal_1,0,normal
00:34:56.737,411.3,RN_FOG,gateway_B,gatewayB,4,ESP32->RPi,decrypt,117,233,116,1.307,6,esp32_edge_normal_2,0,normal
00:34:56.790,411.3,RN_FOG,gateway_B,gatewayB,4,ESP32->RPi,decrypt,119,237,118,1.337,6,esp32_edge_normal_3,0,normal
00:35:01.288,415.8,RN_FOG,gateway_B,gatewayB,4,ESP32->RPi,decrypt,120,237,117,1.42,6,esp32_edge_normal_1,0,normal
00:35:01.738,416.3,RN_FOG,gateway_B,gatewayB,4,ESP32->RPi,decrypt,120,237,117,4.088,6,esp32_edge_normal_2,0,normal
00:35:01.791,416.3,RN_FOG,gateway_B,gatewayB,4,ESP32->RPi,decrypt,121,241,120,4.696,6,esp32_edge_normal_3,0,normal
00:35:06.288,420.8,RN_FOG,gateway_B,gatewayB,4,ESP32->RPi,decrypt,120,237,117,1.511,6,esp32_edge_normal_1,0,normal
00:35:07.513,422.0,RN_FOG,gateway_B,gatewayB,4,RPi_peer->RPi_leader,encrypt,3619,4910,1291,35.848,6,,,
00:35:07.518,422.0,RN_FOG,gateway_B,gatewayB,4,ESP32->RPi,decrypt,113,229,116,1.478,6,esp32_edge_normal_2,0,normal
00:35:07.520,422.1,RN_FOG,gateway_B,gatewayB,4,ESP32->RPi,decrypt,120,237,117,1.767,6,esp32_edge_normal_3,0,normal
00:35:08.015,422.5,RN_FOG,gateway_B,gatewayB,4,RPi_leader->RPi_peer,decrypt,3541,4806,1265,33.088,6,,,
00:35:08.059,422.6,RN_FOG,gateway_B,gatewayB,4,RPi->ESP32,encrypt,3541,4806,1265,37.547,7,,,
00:35:20.439,435.0,RN_FOG,gateway_B,gatewayB,4,ESP32->RPi,decrypt,118,237,119,4.216,7,esp32_edge_normal_2,0,normal
00:35:20.469,435.0,RN_FOG,gateway_B,gatewayB,4,ESP32->RPi,decrypt,115,233,118,4.111,7,esp32_edge_normal_3,0,normal
00:35:20.485,435.0,RN_FOG,gateway_B,gatewayB,4,ESP32->RPi,decrypt,118,237,119,5.795,7,esp32_edge_normal_1,0,normal
00:35:25.479,440.0,RN_FOG,gateway_B,gatewayB,4,ESP32->RPi,decrypt,115,233,118,1.362,7,esp32_edge_normal_2,0,normal
00:35:25.482,440.0,RN_FOG,gateway_B,gatewayB,4,ESP32->RPi,decrypt,112,229,117,1.312,7,esp32_edge_normal_3,0,normal
00:35:25.484,440.0,RN_FOG,gateway_B,gatewayB,4,ESP32->RPi,decrypt,117,233,116,1.307,7,esp32_edge_normal_1,0,normal
00:35:30.426,445.0,RN_FOG,gateway_B,gatewayB,4,ESP32->RPi,decrypt,116,233,117,1.477,7,esp32_edge_normal_2,0,normal
00:35:30.468,445.0,RN_FOG,gateway_B,gatewayB,4,ESP32->RPi,decrypt,107,221,114,1.573,7,esp32_edge_normal_3,0,normal
00:35:30.475,445.0,RN_FOG,gateway_B,gatewayB,4,ESP32->RPi,decrypt,117,233,116,1.544,7,esp32_edge_normal_1,0,normal
00:35:35.425,450.0,RN_FOG,gateway_B,gatewayB,4,ESP32->RPi,decrypt,117,233,116,1.462,7,esp32_edge_normal_2,0,normal
00:35:35.467,450.0,RN_FOG,gateway_B,gatewayB,4,ESP32->RPi,decrypt,117,233,116,1.41,7,esp32_edge_normal_3,0,normal
00:35:35.477,450.0,RN_FOG,gateway_B,gatewayB,4,ESP32->RPi,decrypt,116,233,117,1.442,7,esp32_edge_normal_1,0,normal
00:35:40.425,455.0,RN_FOG,gateway_B,gatewayB,4,ESP32->RPi,decrypt,116,233,117,1.519,7,esp32_edge_normal_2,0,normal
00:35:40.464,455.0,RN_FOG,gateway_B,gatewayB,4,ESP32->RPi,decrypt,118,237,119,1.467,7,esp32_edge_normal_3,0,normal
00:35:40.487,455.0,RN_FOG,gateway_B,gatewayB,4,ESP32->RPi,decrypt,121,241,120,1.627,7,esp32_edge_normal_1,0,normal
00:35:45.430,460.0,RN_FOG,gateway_B,gatewayB,4,ESP32->RPi,decrypt,115,233,118,4.087,7,esp32_edge_normal_2,0,normal
00:35:45.469,460.0,RN_FOG,gateway_B,gatewayB,4,ESP32->RPi,decrypt,117,233,116,4.397,7,esp32_edge_normal_3,0,normal
00:35:45.491,460.0,RN_FOG,gateway_B,gatewayB,4,ESP32->RPi,decrypt,115,233,118,4.135,7,esp32_edge_normal_1,0,normal
00:35:50.425,465.0,RN_FOG,gateway_B,gatewayB,4,ESP32->RPi,decrypt,120,237,117,1.413,7,esp32_edge_normal_2,0,normal
00:35:50.474,465.0,RN_FOG,gateway_B,gatewayB,4,ESP32->RPi,decrypt,116,233,117,1.434,7,esp32_edge_normal_1,0,normal
00:35:50.480,465.0,RN_FOG,gateway_B,gatewayB,4,ESP32->RPi,decrypt,113,229,116,1.48,7,esp32_edge_normal_3,0,normal
00:35:55.431,470.0,RN_FOG,gateway_B,gatewayB,4,ESP32->RPi,decrypt,118,237,119,1.436,7,esp32_edge_normal_2,0,normal
00:35:55.467,470.0,RN_FOG,gateway_B,gatewayB,4,ESP32->RPi,decrypt,121,241,120,1.616,7,esp32_edge_normal_3,0,normal
00:35:55.470,470.0,RN_FOG,gateway_B,gatewayB,4,ESP32->RPi,decrypt,117,233,116,1.463,7,esp32_edge_normal_1,0,normal
00:36:00.425,475.0,RN_FOG,gateway_B,gatewayB,4,ESP32->RPi,decrypt,115,233,118,1.293,7,esp32_edge_normal_2,0,normal
00:36:00.464,475.0,RN_FOG,gateway_B,gatewayB,4,ESP32->RPi,decrypt,117,233,116,1.329,7,esp32_edge_normal_3,0,normal
00:36:00.473,475.0,RN_FOG,gateway_B,gatewayB,4,ESP32->RPi,decrypt,116,233,117,1.478,7,esp32_edge_normal_1,0,normal
00:36:05.424,480.0,RN_FOG,gateway_B,gatewayB,4,ESP32->RPi,decrypt,117,233,116,1.399,7,esp32_edge_normal_2,0,normal
00:36:06.538,481.1,RN_FOG,gateway_B,gatewayB,4,RPi_peer->RPi_leader,encrypt,3644,4942,1298,37.034,7,,,
00:36:06.543,481.1,RN_FOG,gateway_B,gatewayB,4,ESP32->RPi,decrypt,113,229,116,1.754,7,esp32_edge_normal_3,0,normal
00:36:06.546,481.1,RN_FOG,gateway_B,gatewayB,4,ESP32->RPi,decrypt,115,233,118,1.717,7,esp32_edge_normal_1,0,normal
00:36:06.881,481.4,RN_FOG,gateway_B,gatewayB,4,RPi_leader->RPi_peer,decrypt,3531,4790,1259,36.142,7,,,
00:36:06.938,481.5,RN_FOG,gateway_B,gatewayB,4,RPi->ESP32,encrypt,3531,4790,1259,43.767,8,,,
00:36:19.340,493.9,RN_FOG,gateway_B,gatewayB,4,ESP32->RPi,decrypt,118,237,119,5.285,8,esp32_edge_normal_2,0,normal
00:36:19.373,493.9,RN_FOG,gateway_B,gatewayB,4,ESP32->RPi,decrypt,115,233,118,4.771,8,esp32_edge_normal_1,0,normal
00:36:19.855,494.4,RN_FOG,gateway_B,gatewayB,4,ESP32->RPi,decrypt,118,237,119,1.415,8,esp32_edge_normal_3,0,normal
00:36:24.356,498.9,RN_FOG,gateway_B,gatewayB,4,ESP32->RPi,decrypt,114,229,115,1.388,8,esp32_edge_normal_2,0,normal
00:36:24.372,498.9,RN_FOG,gateway_B,gatewayB,4,ESP32->RPi,decrypt,119,237,118,1.483,8,esp32_edge_normal_1,0,normal
00:36:24.872,499.4,RN_FOG,gateway_B,gatewayB,4,ESP32->RPi,decrypt,117,233,116,1.347,8,esp32_edge_normal_3,0,normal
00:36:29.317,503.8,RN_FOG,gateway_B,gatewayB,4,ESP32->RPi,decrypt,120,237,117,1.43,8,esp32_edge_normal_2,0,normal
00:36:29.376,503.9,RN_FOG,gateway_B,gatewayB,4,ESP32->RPi,decrypt,116,233,117,1.466,8,esp32_edge_normal_1,0,normal
00:36:29.861,504.4,RN_FOG,gateway_B,gatewayB,4,ESP32->RPi,decrypt,114,229,115,2.933,8,esp32_edge_normal_3,0,normal
00:36:34.305,508.8,RN_FOG,gateway_B,gatewayB,4,ESP32->RPi,decrypt,115,233,118,1.303,8,esp32_edge_normal_2,0,normal
00:36:34.673,509.2,RN_FOG,gateway_B,gatewayB,4,ESP32->RPi,decrypt,113,229,116,1.374,8,esp32_edge_normal_1,0,normal
00:36:34.864,509.4,RN_FOG,gateway_B,gatewayB,4,ESP32->RPi,decrypt,117,233,116,1.454,8,esp32_edge_normal_3,0,normal
00:36:39.329,513.9,RN_FOG,gateway_B,gatewayB,4,ESP32->RPi,decrypt,120,237,117,1.491,8,esp32_edge_normal_2,0,normal
00:36:39.363,513.9,RN_FOG,gateway_B,gatewayB,4,ESP32->RPi,decrypt,120,237,117,1.88,8,esp32_edge_normal_1,0,normal
00:36:39.864,514.4,RN_FOG,gateway_B,gatewayB,4,ESP32->RPi,decrypt,115,233,118,1.499,8,esp32_edge_normal_3,0,normal
00:36:44.339,518.9,RN_FOG,gateway_B,gatewayB,4,ESP32->RPi,decrypt,116,233,117,4.574,8,esp32_edge_normal_2,0,normal
00:36:44.367,518.9,RN_FOG,gateway_B,gatewayB,4,ESP32->RPi,decrypt,119,237,118,4.725,8,esp32_edge_normal_1,0,normal
00:36:44.855,519.4,RN_FOG,gateway_B,gatewayB,4,ESP32->RPi,decrypt,117,233,116,1.418,8,esp32_edge_normal_3,0,normal
00:36:49.329,523.9,RN_FOG,gateway_B,gatewayB,4,ESP32->RPi,decrypt,120,237,117,1.429,8,esp32_edge_normal_2,0,normal
00:36:49.354,523.9,RN_FOG,gateway_B,gatewayB,4,ESP32->RPi,decrypt,115,233,118,1.566,8,esp32_edge_normal_1,0,normal
00:36:49.855,524.4,RN_FOG,gateway_B,gatewayB,4,ESP32->RPi,decrypt,120,237,117,1.396,8,esp32_edge_normal_3,0,normal
00:36:54.329,528.9,RN_FOG,gateway_B,gatewayB,4,ESP32->RPi,decrypt,116,233,117,1.365,8,esp32_edge_normal_2,0,normal
00:36:54.359,528.9,RN_FOG,gateway_B,gatewayB,4,ESP32->RPi,decrypt,121,241,120,1.54,8,esp32_edge_normal_1,0,normal
00:36:54.862,529.4,RN_FOG,gateway_B,gatewayB,4,ESP32->RPi,decrypt,118,237,119,4.276,8,esp32_edge_normal_3,0,normal
00:36:59.327,533.9,RN_FOG,gateway_B,gatewayB,4,ESP32->RPi,decrypt,121,241,120,1.47,8,esp32_edge_normal_2,0,normal
00:36:59.360,533.9,RN_FOG,gateway_B,gatewayB,4,ESP32->RPi,decrypt,120,237,117,1.841,8,esp32_edge_normal_1,0,normal
00:36:59.855,534.4,RN_FOG,gateway_B,gatewayB,4,ESP32->RPi,decrypt,117,233,116,1.41,8,esp32_edge_normal_3,0,normal
00:37:04.345,538.9,RN_FOG,gateway_B,gatewayB,4,ESP32->RPi,decrypt,117,233,116,3.986,8,esp32_edge_normal_2,0,normal
00:37:05.738,540.3,RN_FOG,gateway_B,gatewayB,4,RPi_peer->RPi_leader,encrypt,3626,4918,1292,38.624,8,,,
00:37:05.743,540.3,RN_FOG,gateway_B,gatewayB,4,ESP32->RPi,decrypt,121,241,120,1.677,8,esp32_edge_normal_1,0,normal
00:37:05.745,540.3,RN_FOG,gateway_B,gatewayB,4,ESP32->RPi,decrypt,112,229,117,1.409,8,esp32_edge_normal_3,0,normal
00:37:06.099,540.6,RN_FOG,gateway_B,gatewayB,4,RPi_leader->RPi_peer,decrypt,3540,4802,1262,32.691,8,,,
00:37:06.144,540.7,RN_FOG,gateway_B,gatewayB,4,RPi->ESP32,encrypt,3540,4802,1262,38.057,9,,,
00:37:18.497,553.0,RN_FOG,gateway_B,gatewayB,4,ESP32->RPi,decrypt,120,237,117,4.645,9,esp32_edge_normal_2,0,normal
00:37:18.548,553.1,RN_FOG,gateway_B,gatewayB,4,ESP32->RPi,decrypt,121,241,120,4.563,9,esp32_edge_normal_3,0,normal
00:37:18.555,553.1,RN_FOG,gateway_B,gatewayB,4,ESP32->RPi,decrypt,119,237,118,4.559,9,esp32_edge_normal_1,0,normal
00:37:23.582,558.1,RN_FOG,gateway_B,gatewayB,4,ESP32->RPi,decrypt,116,233,117,1.517,9,esp32_edge_normal_2,0,normal
00:37:23.586,558.1,RN_FOG,gateway_B,gatewayB,4,ESP32->RPi,decrypt,116,233,117,1.433,9,esp32_edge_normal_3,0,normal
00:37:23.588,558.1,RN_FOG,gateway_B,gatewayB,4,ESP32->RPi,decrypt,116,233,117,1.377,9,esp32_edge_normal_1,0,normal
00:37:28.513,563.0,RN_FOG,gateway_B,gatewayB,4,ESP32->RPi,decrypt,117,233,116,1.41,9,esp32_edge_normal_2,0,normal
00:37:28.541,563.1,RN_FOG,gateway_B,gatewayB,4,ESP32->RPi,decrypt,121,241,120,1.44,9,esp32_edge_normal_3,0,normal
00:37:28.555,563.1,RN_FOG,gateway_B,gatewayB,4,ESP32->RPi,decrypt,120,237,117,1.459,9,esp32_edge_normal_1,0,normal
00:37:33.493,568.0,RN_FOG,gateway_B,gatewayB,4,ESP32->RPi,decrypt,114,229,115,1.401,9,esp32_edge_normal_2,0,normal
00:37:33.539,568.1,RN_FOG,gateway_B,gatewayB,4,ESP32->RPi,decrypt,114,229,115,1.338,9,esp32_edge_normal_3,0,normal
00:37:33.553,568.1,RN_FOG,gateway_B,gatewayB,4,ESP32->RPi,decrypt,115,233,118,1.266,9,esp32_edge_normal_1,0,normal
00:37:38.495,573.0,RN_FOG,gateway_B,gatewayB,4,ESP32->RPi,decrypt,114,229,115,1.277,9,esp32_edge_normal_2,0,normal
00:37:38.548,573.1,RN_FOG,gateway_B,gatewayB,4,ESP32->RPi,decrypt,118,237,119,1.37,9,esp32_edge_normal_1,0,normal
00:37:38.568,573.1,RN_FOG,gateway_B,gatewayB,4,ESP32->RPi,decrypt,119,237,118,1.438,9,esp32_edge_normal_3,0,normal
00:37:43.497,578.0,RN_FOG,gateway_B,gatewayB,4,ESP32->RPi,decrypt,117,233,116,4.326,9,esp32_edge_normal_2,0,normal
00:37:43.546,578.1,RN_FOG,gateway_B,gatewayB,4,ESP32->RPi,decrypt,116,233,117,5.672,9,esp32_edge_normal_3,0,normal
00:37:43.554,578.1,RN_FOG,gateway_B,gatewayB,4,ESP32->RPi,decrypt,113,229,116,4.796,9,esp32_edge_normal_1,0,normal
00:37:48.498,583.0,RN_FOG,gateway_B,gatewayB,4,ESP32->RPi,decrypt,114,229,115,1.453,9,esp32_edge_normal_2,0,normal
00:37:48.540,583.1,RN_FOG,gateway_B,gatewayB,4,ESP32->RPi,decrypt,114,229,115,1.351,9,esp32_edge_normal_3,0,normal
00:37:48.558,583.1,RN_FOG,gateway_B,gatewayB,4,ESP32->RPi,decrypt,117,233,116,1.349,9,esp32_edge_normal_1,0,normal
00:37:53.502,588.0,RN_FOG,gateway_B,gatewayB,4,ESP32->RPi,decrypt,117,233,116,1.326,9,esp32_edge_normal_2,0,normal
00:37:53.541,588.1,RN_FOG,gateway_B,gatewayB,4,ESP32->RPi,decrypt,120,237,117,1.336,9,esp32_edge_normal_1,0,normal
00:37:53.547,588.1,RN_FOG,gateway_B,gatewayB,4,ESP32->RPi,decrypt,117,233,116,1.409,9,esp32_edge_normal_3,0,normal
00:37:58.491,593.0,RN_FOG,gateway_B,gatewayB,4,ESP32->RPi,decrypt,117,233,116,1.324,9,esp32_edge_normal_2,0,normal
00:37:58.543,593.1,RN_FOG,gateway_B,gatewayB,4,ESP32->RPi,decrypt,119,237,118,1.323,9,esp32_edge_normal_3,0,normal
00:37:58.546,593.1,RN_FOG,gateway_B,gatewayB,4,ESP32->RPi,decrypt,117,233,116,1.41,9,esp32_edge_normal_1,0,normal
00:38:03.497,598.0,RN_FOG,gateway_B,gatewayB,4,ESP32->RPi,decrypt,113,229,116,3.904,9,esp32_edge_normal_2,0,normal
00:38:04.822,599.4,RN_FOG,gateway_B,gatewayB,4,RPi_peer->RPi_leader,encrypt,3625,4918,1293,38.621,9,,,
00:38:04.827,599.4,RN_FOG,gateway_B,gatewayB,4,ESP32->RPi,decrypt,120,237,117,1.534,9,esp32_edge_normal_3,0,normal
00:38:04.829,599.4,RN_FOG,gateway_B,gatewayB,4,ESP32->RPi,decrypt,115,233,118,1.432,9,esp32_edge_normal_1,0,normal
00:38:05.260,599.8,RN_FOG,gateway_B,gatewayB,4,RPi_leader->RPi_peer,decrypt,3522,4778,1256,34.151,9,,,
00:38:05.299,599.8,RN_FOG,gateway_B,gatewayB,4,RPi->ESP32,encrypt,3522,4778,1256,33.015,10,,,
00:38:17.714,612.2,RN_FOG,gateway_B,gatewayB,4,ESP32->RPi,decrypt,120,237,117,1.435,10,esp32_edge_normal_2,0,normal
00:38:17.741,612.3,RN_FOG,gateway_B,gatewayB,4,ESP32->RPi,decrypt,121,241,120,1.454,10,esp32_edge_normal_3,0,normal
00:38:17.774,612.3,RN_FOG,gateway_B,gatewayB,4,ESP32->RPi,decrypt,117,233,116,1.504,10,esp32_edge_normal_1,0,normal
00:38:22.796,617.3,RN_FOG,gateway_B,gatewayB,4,ESP32->RPi,decrypt,121,241,120,1.465,10,esp32_edge_normal_2,0,normal
00:38:22.800,617.3,RN_FOG,gateway_B,gatewayB,4,ESP32->RPi,decrypt,121,241,120,1.436,10,esp32_edge_normal_3,0,normal
00:38:22.802,617.3,RN_FOG,gateway_B,gatewayB,4,ESP32->RPi,decrypt,118,237,119,1.352,10,esp32_edge_normal_1,0,normal
00:38:27.713,622.2,RN_FOG,gateway_B,gatewayB,4,ESP32->RPi,decrypt,115,233,118,3.847,10,esp32_edge_normal_2,0,normal
00:38:27.743,622.3,RN_FOG,gateway_B,gatewayB,4,ESP32->RPi,decrypt,120,237,117,4.463,10,esp32_edge_normal_3,0,normal
00:38:27.750,622.3,RN_FOG,gateway_B,gatewayB,4,ESP32->RPi,decrypt,117,233,116,4.473,10,esp32_edge_normal_1,0,normal
00:38:32.708,627.2,RN_FOG,gateway_B,gatewayB,4,ESP32->RPi,decrypt,114,229,115,1.301,10,esp32_edge_normal_2,0,normal
00:38:32.743,627.3,RN_FOG,gateway_B,gatewayB,4,ESP32->RPi,decrypt,121,241,120,1.391,10,esp32_edge_normal_3,0,normal
00:38:32.747,627.3,RN_FOG,gateway_B,gatewayB,4,ESP32->RPi,decrypt,117,233,116,1.423,10,esp32_edge_normal_1,0,normal
00:38:37.729,632.3,RN_FOG,gateway_B,gatewayB,4,ESP32->RPi,decrypt,119,237,118,1.28,10,esp32_edge_normal_2,0,normal
00:38:37.738,632.3,RN_FOG,gateway_B,gatewayB,4,ESP32->RPi,decrypt,116,233,117,1.381,10,esp32_edge_normal_3,0,normal
00:38:37.754,632.3,RN_FOG,gateway_B,gatewayB,4,ESP32->RPi,decrypt,120,237,117,1.471,10,esp32_edge_normal_1,0,normal
00:38:42.720,637.3,RN_FOG,gateway_B,gatewayB,4,ESP32->RPi,decrypt,121,241,120,1.478,10,esp32_edge_normal_2,0,normal
00:38:42.754,637.3,RN_FOG,gateway_B,gatewayB,4,ESP32->RPi,decrypt,114,229,115,1.481,10,esp32_edge_normal_1,0,normal
00:38:42.758,637.3,RN_FOG,gateway_B,gatewayB,4,ESP32->RPi,decrypt,117,233,116,1.404,10,esp32_edge_normal_3,0,normal
00:38:47.705,642.2,RN_FOG,gateway_B,gatewayB,4,ESP32->RPi,decrypt,107,221,114,1.209,10,esp32_edge_normal_2,0,normal
00:38:47.746,642.3,RN_FOG,gateway_B,gatewayB,4,ESP32->RPi,decrypt,121,241,120,1.379,10,esp32_edge_normal_1,0,normal
00:38:47.755,642.3,RN_FOG,gateway_B,gatewayB,4,ESP32->RPi,decrypt,117,233,116,1.361,10,esp32_edge_normal_3,0,normal
00:38:52.708,647.2,RN_FOG,gateway_B,gatewayB,4,ESP32->RPi,decrypt,115,233,118,1.329,10,esp32_edge_normal_2,0,normal
00:38:52.743,647.3,RN_FOG,gateway_B,gatewayB,4,ESP32->RPi,decrypt,117,233,116,1.47,10,esp32_edge_normal_3,0,normal
00:38:52.747,647.3,RN_FOG,gateway_B,gatewayB,4,ESP32->RPi,decrypt,119,237,118,1.554,10,esp32_edge_normal_1,0,normal
00:38:57.720,652.3,RN_FOG,gateway_B,gatewayB,4,ESP32->RPi,decrypt,118,237,119,4.535,10,esp32_edge_normal_2,0,normal
00:38:57.755,652.3,RN_FOG,gateway_B,gatewayB,4,ESP32->RPi,decrypt,115,233,118,5.561,10,esp32_edge_normal_3,0,normal
00:38:57.761,652.3,RN_FOG,gateway_B,gatewayB,4,ESP32->RPi,decrypt,119,237,118,5.033,10,esp32_edge_normal_1,0,normal
00:39:02.706,657.2,RN_FOG,gateway_B,gatewayB,4,ESP32->RPi,decrypt,117,233,116,1.392,10,esp32_edge_normal_2,0,normal
00:39:03.879,658.4,RN_FOG,gateway_B,gatewayB,4,RPi_peer->RPi_leader,encrypt,3628,4922,1294,35.604,10,,,
00:39:03.884,658.4,RN_FOG,gateway_B,gatewayB,4,ESP32->RPi,decrypt,113,229,116,1.572,10,esp32_edge_normal_1,0,normal
00:39:03.887,658.4,RN_FOG,gateway_B,gatewayB,4,ESP32->RPi,decrypt,121,241,120,1.531,10,esp32_edge_normal_3,0,normal
00:39:04.348,658.9,RN_FOG,gateway_B,gatewayB,4,RPi_leader->RPi_peer,decrypt,3530,4790,1260,34.778,10,,,
00:39:04.390,658.9,RN_FOG,gateway_B,gatewayB,4,RPi->ESP32,encrypt,3530,4790,1260,35.667,11,,,
00:39:16.259,670.8,RN_FOG,gateway_B,gatewayB,4,ESP32->RPi,decrypt,113,229,116,1.311,11,esp32_edge_normal_2,0,normal
00:39:16.322,670.9,RN_FOG,gateway_B,gatewayB,4,ESP32->RPi,decrypt,118,237,119,1.408,11,esp32_edge_normal_1,0,normal
00:39:16.330,670.9,RN_FOG,gateway_B,gatewayB,4,ESP32->RPi,decrypt,116,233,117,2.939,11,esp32_edge_normal_3,0,normal
00:39:21.263,675.8,RN_FOG,gateway_B,gatewayB,4,ESP32->RPi,decrypt,118,237,119,3.725,11,esp32_edge_normal_2,0,normal
00:39:21.316,675.8,RN_FOG,gateway_B,gatewayB,4,ESP32->RPi,decrypt,114,229,115,4.102,11,esp32_edge_normal_1,0,normal
00:39:21.329,675.9,RN_FOG,gateway_B,gatewayB,4,ESP32->RPi,decrypt,121,241,120,3.589,11,esp32_edge_normal_3,0,normal
00:39:26.296,680.8,RN_FOG,gateway_B,gatewayB,4,ESP32->RPi,decrypt,117,233,116,1.313,11,esp32_edge_normal_2,0,normal
00:39:26.316,680.8,RN_FOG,gateway_B,gatewayB,4,ESP32->RPi,decrypt,119,237,118,1.514,11,esp32_edge_normal_3,0,normal
00:39:26.319,680.9,RN_FOG,gateway_B,gatewayB,4,ESP32->RPi,decrypt,120,237,117,1.727,11,esp32_edge_normal_1,0,normal
00:39:31.260,685.8,RN_FOG,gateway_B,gatewayB,4,ESP32->RPi,decrypt,117,233,116,1.437,11,esp32_edge_normal_2,0,normal
00:39:31.314,685.8,RN_FOG,gateway_B,gatewayB,4,ESP32->RPi,decrypt,119,237,118,1.546,11,esp32_edge_normal_3,0,normal
00:39:31.320,685.9,RN_FOG,gateway_B,gatewayB,4,ESP32->RPi,decrypt,117,233,116,1.784,11,esp32_edge_normal_1,0,normal
00:39:36.262,690.8,RN_FOG,gateway_B,gatewayB,4,ESP32->RPi,decrypt,117,233,116,1.439,11,esp32_edge_normal_2,0,normal
00:39:36.313,690.8,RN_FOG,gateway_B,gatewayB,4,ESP32->RPi,decrypt,116,233,117,1.377,11,esp32_edge_normal_3,0,normal
00:39:36.320,690.9,RN_FOG,gateway_B,gatewayB,4,ESP32->RPi,decrypt,114,229,115,1.336,11,esp32_edge_normal_1,0,normal
00:39:41.258,695.8,RN_FOG,gateway_B,gatewayB,4,ESP32->RPi,decrypt,121,241,120,1.412,11,esp32_edge_normal_2,0,normal
00:39:41.311,695.8,RN_FOG,gateway_B,gatewayB,4,ESP32->RPi,decrypt,117,233,116,1.417,11,esp32_edge_normal_3,0,normal
00:39:41.319,695.9,RN_FOG,gateway_B,gatewayB,4,ESP32->RPi,decrypt,116,233,117,1.385,11,esp32_edge_normal_1,0,normal
00:39:46.262,700.8,RN_FOG,gateway_B,gatewayB,4,ESP32->RPi,decrypt,119,237,118,1.458,11,esp32_edge_normal_2,0,normal
00:39:46.311,700.8,RN_FOG,gateway_B,gatewayB,4,ESP32->RPi,decrypt,119,237,118,1.419,11,esp32_edge_normal_3,0,normal
00:39:46.321,700.9,RN_FOG,gateway_B,gatewayB,4,ESP32->RPi,decrypt,120,237,117,1.456,11,esp32_edge_normal_1,0,normal
00:39:51.261,705.8,RN_FOG,gateway_B,gatewayB,4,ESP32->RPi,decrypt,120,237,117,1.35,11,esp32_edge_normal_2,0,normal
00:39:51.315,705.8,RN_FOG,gateway_B,gatewayB,4,ESP32->RPi,decrypt,118,237,119,1.472,11,esp32_edge_normal_3,0,normal
00:39:51.319,705.9,RN_FOG,gateway_B,gatewayB,4,ESP32->RPi,decrypt,116,233,117,1.458,11,esp32_edge_normal_1,0,normal
00:39:56.264,710.8,RN_FOG,gateway_B,gatewayB,4,ESP32->RPi,decrypt,118,237,119,3.868,11,esp32_edge_normal_2,0,normal
00:39:56.319,710.9,RN_FOG,gateway_B,gatewayB,4,ESP32->RPi,decrypt,117,233,116,4.093,11,esp32_edge_normal_1,0,normal
00:39:56.325,710.9,RN_FOG,gateway_B,gatewayB,4,ESP32->RPi,decrypt,116,233,117,3.912,11,esp32_edge_normal_3,0,normal
00:40:01.260,715.8,RN_FOG,gateway_B,gatewayB,4,ESP32->RPi,decrypt,119,237,118,1.305,11,esp32_edge_normal_2,0,normal
00:40:02.504,717.0,RN_FOG,gateway_B,gatewayB,4,RPi_peer->RPi_leader,encrypt,3639,4934,1295,38.446,11,,,
00:40:02.509,717.0,RN_FOG,gateway_B,gatewayB,4,ESP32->RPi,decrypt,115,233,118,1.529,11,esp32_edge_normal_1,0,normal
00:40:02.511,717.0,RN_FOG,gateway_B,gatewayB,4,ESP32->RPi,decrypt,116,233,117,1.366,11,esp32_edge_normal_3,0,normal
00:40:02.863,717.4,RN_FOG,gateway_B,gatewayB,4,RPi_leader->RPi_peer,decrypt,3544,4810,1266,33.619,11,,,
00:40:02.908,717.4,RN_FOG,gateway_B,gatewayB,4,RPi->ESP32,encrypt,3544,4810,1266,39.731,12,,,
00:40:15.735,730.3,RN_FOG,gateway_B,gatewayB,4,ESP32->RPi,decrypt,115,233,118,1.471,12,esp32_edge_normal_2,0,normal
00:40:15.781,730.3,RN_FOG,gateway_B,gatewayB,4,ESP32->RPi,decrypt,121,241,120,1.473,12,esp32_edge_normal_3,0,normal
00:40:15.790,730.3,RN_FOG,gateway_B,gatewayB,4,ESP32->RPi,decrypt,116,233,117,1.489,12,esp32_edge_normal_1,0,normal
00:40:20.741,735.3,RN_FOG,gateway_B,gatewayB,4,ESP32->RPi,decrypt,119,237,118,4.253,12,esp32_edge_normal_2,0,normal
00:40:20.787,735.3,RN_FOG,gateway_B,gatewayB,4,ESP32->RPi,decrypt,121,241,120,5.015,12,esp32_edge_normal_3,0,normal
00:40:20.806,735.3,RN_FOG,gateway_B,gatewayB,4,ESP32->RPi,decrypt,116,233,117,2.986,12,esp32_edge_normal_1,0,normal
00:40:25.740,740.3,RN_FOG,gateway_B,gatewayB,4,ESP32->RPi,decrypt,118,237,119,1.463,12,esp32_edge_normal_2,0,normal
00:40:27.034,741.6,RN_FOG,gateway_B,gatewayB,4,ESP32->RPi,decrypt,118,237,119,1.517,12,esp32_edge_normal_3,0,normal
00:40:27.540,742.1,RN_FOG,gateway_B,gatewayB,4,ESP32->RPi,decrypt,120,237,117,1.448,12,esp32_edge_normal_1,0,normal
00:40:30.736,745.3,RN_FOG,gateway_B,gatewayB,4,ESP32->RPi,decrypt,113,229,116,1.377,12,esp32_edge_normal_2,0,normal
00:40:30.783,745.3,RN_FOG,gateway_B,gatewayB,4,ESP32->RPi,decrypt,114,229,115,1.34,12,esp32_edge_normal_1,0,normal
00:40:30.788,745.3,RN_FOG,gateway_B,gatewayB,4,ESP32->RPi,decrypt,114,229,115,1.388,12,esp32_edge_normal_3,0,normal
00:40:35.737,750.3,RN_FOG,gateway_B,gatewayB,4,ESP32->RPi,decrypt,119,237,118,1.268,12,esp32_edge_normal_2,0,normal
00:40:35.782,750.3,RN_FOG,gateway_B,gatewayB,4,ESP32->RPi,decrypt,114,229,115,1.402,12,esp32_edge_normal_1,0,normal
00:40:35.784,750.3,RN_FOG,gateway_B,gatewayB,4,ESP32->RPi,decrypt,116,233,117,1.499,12,esp32_edge_normal_3,0,normal
00:40:40.736,755.3,RN_FOG,gateway_B,gatewayB,4,ESP32->RPi,decrypt,117,233,116,1.484,12,esp32_edge_normal_2,0,normal
00:40:40.782,755.3,RN_FOG,gateway_B,gatewayB,4,ESP32->RPi,decrypt,116,233,117,1.512,12,esp32_edge_normal_3,0,normal
00:40:40.796,755.3,RN_FOG,gateway_B,gatewayB,4,ESP32->RPi,decrypt,117,233,116,1.422,12,esp32_edge_normal_1,0,normal
00:40:45.736,760.3,RN_FOG,gateway_B,gatewayB,4,ESP32->RPi,decrypt,118,237,119,1.314,12,esp32_edge_normal_2,0,normal
00:40:45.784,760.3,RN_FOG,gateway_B,gatewayB,4,ESP32->RPi,decrypt,109,225,116,1.312,12,esp32_edge_normal_3,0,normal
00:40:45.793,760.3,RN_FOG,gateway_B,gatewayB,4,ESP32->RPi,decrypt,120,237,117,1.527,12,esp32_edge_normal_1,0,normal
00:40:50.742,765.3,RN_FOG,gateway_B,gatewayB,4,ESP32->RPi,decrypt,116,233,117,3.861,12,esp32_edge_normal_2,0,normal
00:40:50.787,765.3,RN_FOG,gateway_B,gatewayB,4,ESP32->RPi,decrypt,113,229,116,4.341,12,esp32_edge_normal_3,0,normal
00:40:50.792,765.3,RN_FOG,gateway_B,gatewayB,4,ESP32->RPi,decrypt,118,237,119,3.854,12,esp32_edge_normal_1,0,normal
00:40:55.734,770.3,RN_FOG,gateway_B,gatewayB,4,ESP32->RPi,decrypt,114,229,115,1.345,12,esp32_edge_normal_2,0,normal
00:40:55.781,770.3,RN_FOG,gateway_B,gatewayB,4,ESP32->RPi,decrypt,121,241,120,1.433,12,esp32_edge_normal_1,0,normal
00:40:55.786,770.3,RN_FOG,gateway_B,gatewayB,4,ESP32->RPi,decrypt,120,237,117,1.637,12,esp32_edge_normal_3,0,normal
00:41:00.736,775.3,RN_FOG,gateway_B,gatewayB,4,ESP32->RPi,decrypt,121,241,120,1.455,12,esp32_edge_normal_2,0,normal
00:41:02.062,776.6,RN_FOG,gateway_B,gatewayB,4,RPi_peer->RPi_leader,encrypt,3638,4934,1296,37.375,12,,,
00:41:02.068,776.6,RN_FOG,gateway_B,gatewayB,4,ESP32->RPi,decrypt,117,233,116,1.388,12,esp32_edge_normal_1,0,normal
00:41:02.071,776.6,RN_FOG,gateway_B,gatewayB,4,ESP32->RPi,decrypt,121,241,120,1.738,12,esp32_edge_normal_3,0,normal
00:41:02.390,776.9,RN_FOG,gateway_B,gatewayB,4,RPi_leader->RPi_peer,decrypt,3530,4790,1260,31.2,12,,,
00:41:02.433,777.0,RN_FOG,gateway_B,gatewayB,4,RPi->ESP32,encrypt,3530,4790,1260,35.307,13,,,
00:41:14.338,788.9,RN_FOG,gateway_B,gatewayB,4,ESP32->RPi,decrypt,116,233,117,3.883,13,esp32_edge_normal_2,0,normal
00:41:14.377,788.9,RN_FOG,gateway_B,gatewayB,4,ESP32->RPi,decrypt,121,241,120,3.1,13,esp32_edge_normal_3,0,normal
00:41:14.884,789.4,RN_FOG,gateway_B,gatewayB,4,ESP32->RPi,decrypt,119,237,118,1.28,13,esp32_edge_normal_1,0,normal
00:41:19.332,793.9,RN_FOG,gateway_B,gatewayB,4,ESP32->RPi,decrypt,116,233,117,1.289,13,esp32_edge_normal_2,0,normal
00:41:19.376,793.9,RN_FOG,gateway_B,gatewayB,4,ESP32->RPi,decrypt,119,237,118,1.448,13,esp32_edge_normal_3,0,normal
00:41:19.886,794.4,RN_FOG,gateway_B,gatewayB,4,ESP32->RPi,decrypt,113,229,116,1.42,13,esp32_edge_normal_1,0,normal
00:41:24.333,798.9,RN_FOG,gateway_B,gatewayB,4,ESP32->RPi,decrypt,116,233,117,1.404,13,esp32_edge_normal_2,0,normal
00:41:24.483,799.0,RN_FOG,gateway_B,gatewayB,4,ESP32->RPi,decrypt,118,237,119,1.423,13,esp32_edge_normal_3,0,normal
00:41:25.003,799.5,RN_FOG,gateway_B,gatewayB,4,ESP32->RPi,decrypt,120,237,117,1.486,13,esp32_edge_normal_1,0,normal
00:41:29.331,803.9,RN_FOG,gateway_B,gatewayB,4,ESP32->RPi,decrypt,121,241,120,1.41,13,esp32_edge_normal_2,0,normal
00:41:29.383,803.9,RN_FOG,gateway_B,gatewayB,4,ESP32->RPi,decrypt,117,233,116,1.478,13,esp32_edge_normal_3,0,normal
00:41:29.885,804.4,RN_FOG,gateway_B,gatewayB,4,ESP32->RPi,decrypt,116,233,117,3.847,13,esp32_edge_normal_1,0,normal
00:41:34.333,808.9,RN_FOG,gateway_B,gatewayB,4,ESP32->RPi,decrypt,113,229,116,1.316,13,esp32_edge_normal_2,0,normal
00:41:34.376,808.9,RN_FOG,gateway_B,gatewayB,4,ESP32->RPi,decrypt,117,233,116,1.59,13,esp32_edge_normal_3,0,normal
00:41:34.892,809.4,RN_FOG,gateway_B,gatewayB,4,ESP32->RPi,decrypt,116,233,117,1.512,13,esp32_edge_normal_1,0,normal
00:41:39.331,813.9,RN_FOG,gateway_B,gatewayB,4,ESP32->RPi,decrypt,118,237,119,1.496,13,esp32_edge_normal_2,0,normal
00:41:39.375,813.9,RN_FOG,gateway_B,gatewayB,4,ESP32->RPi,decrypt,114,229,115,1.933,13,esp32_edge_normal_3,0,normal
00:41:39.884,814.4,RN_FOG,gateway_B,gatewayB,4,ESP32->RPi,decrypt,118,237,119,1.428,13,esp32_edge_normal_1,0,normal
00:41:44.339,818.9,RN_FOG,gateway_B,gatewayB,4,ESP32->RPi,decrypt,117,233,116,4.004,13,esp32_edge_normal_2,0,normal
00:41:44.378,818.9,RN_FOG,gateway_B,gatewayB,4,ESP32->RPi,decrypt,116,233,117,4.339,13,esp32_edge_normal_3,0,normal
00:41:44.879,819.4,RN_FOG,gateway_B,gatewayB,4,ESP32->RPi,decrypt,116,233,117,1.286,13,esp32_edge_normal_1,0,normal
00:41:49.332,823.9,RN_FOG,gateway_B,gatewayB,4,ESP32->RPi,decrypt,107,221,114,1.278,13,esp32_edge_normal_2,0,normal
00:41:49.382,823.9,RN_FOG,gateway_B,gatewayB,4,ESP32->RPi,decrypt,120,237,117,1.492,13,esp32_edge_normal_3,0,normal
00:41:49.881,824.4,RN_FOG,gateway_B,gatewayB,4,ESP32->RPi,decrypt,113,229,116,1.305,13,esp32_edge_normal_1,0,normal
00:41:54.331,828.9,RN_FOG,gateway_B,gatewayB,4,ESP32->RPi,decrypt,119,237,118,1.661,13,esp32_edge_normal_2,0,normal
00:41:54.373,828.9,RN_FOG,gateway_B,gatewayB,4,ESP32->RPi,decrypt,117,233,116,1.747,13,esp32_edge_normal_3,0,normal
00:41:54.885,829.4,RN_FOG,gateway_B,gatewayB,4,ESP32->RPi,decrypt,119,237,118,4.619,13,esp32_edge_normal_1,0,normal
00:41:59.332,833.9,RN_FOG,gateway_B,gatewayB,4,ESP32->RPi,decrypt,113,229,116,1.554,13,esp32_edge_normal_2,0,normal
00:42:00.573,835.1,RN_FOG,gateway_B,gatewayB,4,RPi_peer->RPi_leader,encrypt,3626,4918,1292,35.7,13,,,
00:42:00.578,835.1,RN_FOG,gateway_B,gatewayB,4,ESP32->RPi,decrypt,114,229,115,1.606,13,esp32_edge_normal_3,0,normal
00:42:00.580,835.1,RN_FOG,gateway_B,gatewayB,4,ESP32->RPi,decrypt,120,237,117,1.374,13,esp32_edge_normal_1,0,normal
00:42:00.897,835.4,RN_FOG,gateway_B,gatewayB,4,RPi_leader->RPi_peer,decrypt,3532,4794,1262,33.274,13,,,
00:42:00.939,835.5,RN_FOG,gateway_B,gatewayB,4,RPi->ESP32,encrypt,3532,4794,1262,35.835,14,,,
00:42:13.837,848.4,RN_FOG,gateway_B,gatewayB,4,ESP32->RPi,decrypt,120,237,117,4.896,14,esp32_edge_normal_2,0,normal
00:42:13.873,848.4,RN_FOG,gateway_B,gatewayB,4,ESP32->RPi,decrypt,113,229,116,5.154,14,esp32_edge_normal_3,0,normal
00:42:13.879,848.4,RN_FOG,gateway_B,gatewayB,4,ESP32->RPi,decrypt,116,233,117,4.937,14,esp32_edge_normal_1,0,normal
00:42:18.833,853.4,RN_FOG,gateway_B,gatewayB,4,ESP32->RPi,decrypt,119,237,118,1.454,14,esp32_edge_normal_2,0,normal
00:42:18.867,853.4,RN_FOG,gateway_B,gatewayB,4,ESP32->RPi,decrypt,117,233,116,1.384,14,esp32_edge_normal_3,0,normal
00:42:18.871,853.4,RN_FOG,gateway_B,gatewayB,4,ESP32->RPi,decrypt,117,233,116,1.404,14,esp32_edge_normal_1,0,normal
00:42:23.861,858.4,RN_FOG,gateway_B,gatewayB,4,ESP32->RPi,decrypt,118,237,119,1.446,14,esp32_edge_normal_2,0,normal
00:42:23.867,858.4,RN_FOG,gateway_B,gatewayB,4,ESP32->RPi,decrypt,107,221,114,1.397,14,esp32_edge_normal_1,0,normal
00:42:23.869,858.4,RN_FOG,gateway_B,gatewayB,4,ESP32->RPi,decrypt,115,233,118,1.495,14,esp32_edge_normal_3,0,normal
00:42:28.832,863.4,RN_FOG,gateway_B,gatewayB,4,ESP32->RPi,decrypt,115,233,118,1.448,14,esp32_edge_normal_2,0,normal
00:42:28.864,863.4,RN_FOG,gateway_B,gatewayB,4,ESP32->RPi,decrypt,117,233,116,1.387,14,esp32_edge_normal_1,0,normal
00:42:28.868,863.4,RN_FOG,gateway_B,gatewayB,4,ESP32->RPi,decrypt,119,237,118,1.275,14,esp32_edge_normal_3,0,normal
00:42:33.835,868.4,RN_FOG,gateway_B,gatewayB,4,ESP32->RPi,decrypt,121,241,120,1.344,14,esp32_edge_normal_2,0,normal
00:42:33.872,868.4,RN_FOG,gateway_B,gatewayB,4,ESP32->RPi,decrypt,118,237,119,1.276,14,esp32_edge_normal_3,0,normal
00:42:33.880,868.4,RN_FOG,gateway_B,gatewayB,4,ESP32->RPi,decrypt,113,229,116,1.301,14,esp32_edge_normal_1,0,normal
00:42:38.837,873.4,RN_FOG,gateway_B,gatewayB,4,ESP32->RPi,decrypt,119,237,118,4.334,14,esp32_edge_normal_2,0,normal
00:42:38.872,873.4,RN_FOG,gateway_B,gatewayB,4,ESP32->RPi,decrypt,120,237,117,4.463,14,esp32_edge_normal_3,0,normal
00:42:38.899,873.4,RN_FOG,gateway_B,gatewayB,4,ESP32->RPi,decrypt,107,221,114,3.119,14,esp32_edge_normal_1,0,normal
00:42:43.831,878.4,RN_FOG,gateway_B,gatewayB,4,ESP32->RPi,decrypt,114,229,115,1.356,14,esp32_edge_normal_2,0,normal
00:42:43.873,878.4,RN_FOG,gateway_B,gatewayB,4,ESP32->RPi,decrypt,120,237,117,1.434,14,esp32_edge_normal_3,0,normal
00:42:43.875,878.4,RN_FOG,gateway_B,gatewayB,4,ESP32->RPi,decrypt,121,241,120,1.366,14,esp32_edge_normal_1,0,normal
00:42:48.832,883.4,RN_FOG,gateway_B,gatewayB,4,ESP32->RPi,decrypt,117,233,116,1.336,14,esp32_edge_normal_2,0,normal
00:42:48.866,883.4,RN_FOG,gateway_B,gatewayB,4,ESP32->RPi,decrypt,116,233,117,1.362,14,esp32_edge_normal_3,0,normal
00:42:48.875,883.4,RN_FOG,gateway_B,gatewayB,4,ESP32->RPi,decrypt,120,237,117,1.424,14,esp32_edge_normal_1,0,normal
00:42:53.832,888.4,RN_FOG,gateway_B,gatewayB,4,ESP32->RPi,decrypt,119,237,118,1.297,14,esp32_edge_normal_2,0,normal
00:42:53.867,888.4,RN_FOG,gateway_B,gatewayB,4,ESP32->RPi,decrypt,120,237,117,1.761,14,esp32_edge_normal_3,0,normal
00:42:53.872,888.4,RN_FOG,gateway_B,gatewayB,4,ESP32->RPi,decrypt,113,229,116,1.463,14,esp32_edge_normal_1,0,normal
00:42:58.832,893.4,RN_FOG,gateway_B,gatewayB,4,ESP32->RPi,decrypt,119,237,118,1.483,14,esp32_edge_normal_2,0,normal
00:43:00.069,894.6,RN_FOG,gateway_B,gatewayB,4,RPi_peer->RPi_leader,encrypt,3642,4938,1296,37.794,14,,,
00:43:00.075,894.6,RN_FOG,gateway_B,gatewayB,4,ESP32->RPi,decrypt,118,237,119,1.648,14,esp32_edge_normal_3,0,normal
00:43:00.077,894.6,RN_FOG,gateway_B,gatewayB,4,ESP32->RPi,decrypt,119,237,118,1.612,14,esp32_edge_normal_1,0,normal
00:43:00.402,894.9,RN_FOG,gateway_B,gatewayB,4,RPi_leader->RPi_peer,decrypt,3540,4802,1262,35.536,14,,,
00:43:00.446,895.0,RN_FOG,gateway_B,gatewayB,4,RPi->ESP32,encrypt,3540,4802,1262,37.7,15,,,
00:43:12.309,906.8,RN_FOG,gateway_B,gatewayB,4,ESP32->RPi,decrypt,117,233,116,1.386,15,esp32_edge_normal_2,0,normal
00:43:12.861,907.4,RN_FOG,gateway_B,gatewayB,4,ESP32->RPi,decrypt,119,237,118,1.282,15,esp32_edge_normal_3,0,normal
00:43:12.866,907.4,RN_FOG,gateway_B,gatewayB,4,ESP32->RPi,decrypt,115,233,118,1.279,15,esp32_edge_normal_1,0,normal
00:43:17.312,911.8,RN_FOG,gateway_B,gatewayB,4,ESP32->RPi,decrypt,116,233,117,3.994,15,esp32_edge_normal_2,0,normal
00:43:17.855,912.4,RN_FOG,gateway_B,gatewayB,4,ESP32->RPi,decrypt,121,241,120,1.418,15,esp32_edge_normal_3,0,normal
00:43:17.858,912.4,RN_FOG,gateway_B,gatewayB,4,ESP32->RPi,decrypt,113,229,116,1.407,15,esp32_edge_normal_1,0,normal
00:43:22.309,916.8,RN_FOG,gateway_B,gatewayB,4,ESP32->RPi,decrypt,121,241,120,1.508,15,esp32_edge_normal_2,0,normal
00:43:22.932,917.5,RN_FOG,gateway_B,gatewayB,4,ESP32->RPi,decrypt,106,221,115,4.145,15,esp32_edge_normal_3,0,normal
00:43:22.937,917.5,RN_FOG,gateway_B,gatewayB,4,ESP32->RPi,decrypt,116,233,117,4.137,15,esp32_edge_normal_1,0,normal
00:43:27.327,921.9,RN_FOG,gateway_B,gatewayB,4,ESP32->RPi,decrypt,120,237,117,1.393,15,esp32_edge_normal_2,0,normal
00:43:27.861,922.4,RN_FOG,gateway_B,gatewayB,4,ESP32->RPi,decrypt,117,233,116,1.366,15,esp32_edge_normal_3,0,normal
00:43:27.863,922.4,RN_FOG,gateway_B,gatewayB,4,ESP32->RPi,decrypt,114,229,115,1.424,15,esp32_edge_normal_1,0,normal
00:43:32.308,926.8,RN_FOG,gateway_B,gatewayB,4,ESP32->RPi,decrypt,116,233,117,1.512,15,esp32_edge_normal_2,0,normal
00:43:32.859,927.4,RN_FOG,gateway_B,gatewayB,4,ESP32->RPi,decrypt,114,229,115,1.484,15,esp32_edge_normal_1,0,normal
00:43:32.866,927.4,RN_FOG,gateway_B,gatewayB,4,ESP32->RPi,decrypt,116,233,117,1.429,15,esp32_edge_normal_3,0,normal
00:43:37.308,931.8,RN_FOG,gateway_B,gatewayB,4,ESP32->RPi,decrypt,120,237,117,1.42,15,esp32_edge_normal_2,0,normal
00:43:37.854,932.4,RN_FOG,gateway_B,gatewayB,4,ESP32->RPi,decrypt,117,233,116,1.374,15,esp32_edge_normal_1,0,normal
00:43:37.867,932.4,RN_FOG,gateway_B,gatewayB,4,ESP32->RPi,decrypt,120,237,117,1.48,15,esp32_edge_normal_3,0,normal
00:43:42.312,936.8,RN_FOG,gateway_B,gatewayB,4,ESP32->RPi,decrypt,113,229,116,4.43,15,esp32_edge_normal_2,0,normal
00:43:42.858,937.4,RN_FOG,gateway_B,gatewayB,4,ESP32->RPi,decrypt,118,237,119,1.514,15,esp32_edge_normal_3,0,normal
00:43:42.860,937.4,RN_FOG,gateway_B,gatewayB,4,ESP32->RPi,decrypt,120,237,117,1.505,15,esp32_edge_normal_1,0,normal
00:43:47.308,941.8,RN_FOG,gateway_B,gatewayB,4,ESP32->RPi,decrypt,118,237,119,1.434,15,esp32_edge_normal_2,0,normal
00:43:47.859,942.4,RN_FOG,gateway_B,gatewayB,4,ESP32->RPi,decrypt,117,233,116,4.2,15,esp32_edge_normal_3,0,normal
00:43:47.871,942.4,RN_FOG,gateway_B,gatewayB,4,ESP32->RPi,decrypt,119,237,118,4.207,15,esp32_edge_normal_1,0,normal
00:43:52.310,946.8,RN_FOG,gateway_B,gatewayB,4,ESP32->RPi,decrypt,115,233,118,1.43,15,esp32_edge_normal_2,0,normal
00:43:52.852,947.4,RN_FOG,gateway_B,gatewayB,4,ESP32->RPi,decrypt,120,237,117,1.388,15,esp32_edge_normal_1,0,normal
00:43:52.858,947.4,RN_FOG,gateway_B,gatewayB,4,ESP32->RPi,decrypt,120,237,117,1.342,15,esp32_edge_normal_3,0,normal
00:43:57.312,951.8,RN_FOG,gateway_B,gatewayB,4,ESP32->RPi,decrypt,119,237,118,1.324,15,esp32_edge_normal_2,0,normal
00:43:58.634,953.2,RN_FOG,gateway_B,gatewayB,4,RPi_peer->RPi_leader,encrypt,3628,4922,1294,37.394,15,,,
00:43:58.639,953.2,RN_FOG,gateway_B,gatewayB,4,ESP32->RPi,decrypt,114,229,115,1.801,15,esp32_edge_normal_3,0,normal
00:43:58.642,953.2,RN_FOG,gateway_B,gatewayB,4,ESP32->RPi,decrypt,116,233,117,1.815,15,esp32_edge_normal_1,0,normal
00:43:59.107,953.6,RN_FOG,gateway_B,gatewayB,4,RPi_leader->RPi_peer,decrypt,3530,4790,1260,33.481,15,,,
00:43:59.151,953.7,RN_FOG,gateway_B,gatewayB,4,RPi->ESP32,encrypt,3530,4790,1260,35.538,16,,,
00:44:13.072,967.6,RN_FOG,gateway_B,gatewayB,4,ESP32->RPi,decrypt,115,233,118,1.382,16,esp32_edge_normal_2,0,normal
00:44:13.131,967.7,RN_FOG,gateway_B,gatewayB,4,ESP32->RPi,decrypt,121,241,120,1.534,16,esp32_edge_normal_3,0,normal
00:44:13.137,967.7,RN_FOG,gateway_B,gatewayB,4,ESP32->RPi,decrypt,116,233,117,1.579,16,esp32_edge_normal_1,0,normal
00:44:18.077,972.6,RN_FOG,gateway_B,gatewayB,4,ESP32->RPi,decrypt,117,233,116,4.222,16,esp32_edge_normal_2,0,normal
00:44:18.130,972.7,RN_FOG,gateway_B,gatewayB,4,ESP32->RPi,decrypt,121,241,120,4.668,16,esp32_edge_normal_3,0,normal
00:44:18.143,972.7,RN_FOG,gateway_B,gatewayB,4,ESP32->RPi,decrypt,114,229,115,4.282,16,esp32_edge_normal_1,0,normal
00:44:23.074,977.6,RN_FOG,gateway_B,gatewayB,4,ESP32->RPi,decrypt,120,237,117,1.559,16,esp32_edge_normal_2,0,normal
00:44:23.213,977.7,RN_FOG,gateway_B,gatewayB,4,ESP32->RPi,decrypt,114,229,115,1.536,16,esp32_edge_normal_3,0,normal
00:44:23.215,977.7,RN_FOG,gateway_B,gatewayB,4,ESP32->RPi,decrypt,116,233,117,1.48,16,esp32_edge_normal_1,0,normal
00:44:28.082,982.6,RN_FOG,gateway_B,gatewayB,4,ESP32->RPi,decrypt,117,233,116,1.55,16,esp32_edge_normal_2,0,normal
00:44:28.123,982.7,RN_FOG,gateway_B,gatewayB,4,ESP32->RPi,decrypt,119,237,118,1.414,16,esp32_edge_normal_3,0,normal
00:44:28.126,982.7,RN_FOG,gateway_B,gatewayB,4,ESP32->RPi,decrypt,121,241,120,1.704,16,esp32_edge_normal_1,0,normal
00:44:33.081,987.6,RN_FOG,gateway_B,gatewayB,4,ESP32->RPi,decrypt,115,233,118,1.44,16,esp32_edge_normal_2,0,normal
00:44:33.121,987.7,RN_FOG,gateway_B,gatewayB,4,ESP32->RPi,decrypt,120,237,117,1.449,16,esp32_edge_normal_3,0,normal
00:44:33.128,987.7,RN_FOG,gateway_B,gatewayB,4,ESP32->RPi,decrypt,115,233,118,1.398,16,esp32_edge_normal_1,0,normal
00:44:38.091,992.6,RN_FOG,gateway_B,gatewayB,4,ESP32->RPi,decrypt,119,237,118,1.481,16,esp32_edge_normal_2,0,normal
00:44:38.132,992.7,RN_FOG,gateway_B,gatewayB,4,ESP32->RPi,decrypt,121,241,120,1.557,16,esp32_edge_normal_3,0,normal
00:44:38.136,992.7,RN_FOG,gateway_B,gatewayB,4,ESP32->RPi,decrypt,116,233,117,1.42,16,esp32_edge_normal_1,0,normal
00:44:43.079,997.6,RN_FOG,gateway_B,gatewayB,4,ESP32->RPi,decrypt,119,237,118,1.412,16,esp32_edge_normal_2,0,normal
00:44:43.122,997.7,RN_FOG,gateway_B,gatewayB,4,ESP32->RPi,decrypt,116,233,117,1.444,16,esp32_edge_normal_3,0,normal
00:44:43.124,997.7,RN_FOG,gateway_B,gatewayB,4,ESP32->RPi,decrypt,117,233,116,1.292,16,esp32_edge_normal_1,0,normal
00:44:48.084,1002.6,RN_FOG,gateway_B,gatewayB,4,ESP32->RPi,decrypt,119,237,118,3.978,16,esp32_edge_normal_2,0,normal
00:44:48.125,1002.7,RN_FOG,gateway_B,gatewayB,4,ESP32->RPi,decrypt,117,233,116,4.413,16,esp32_edge_normal_3,0,normal
00:44:48.132,1002.7,RN_FOG,gateway_B,gatewayB,4,ESP32->RPi,decrypt,112,229,117,4.72,16,esp32_edge_normal_1,0,normal
00:44:53.074,1007.6,RN_FOG,gateway_B,gatewayB,4,ESP32->RPi,decrypt,120,237,117,1.524,16,esp32_edge_normal_2,0,normal
00:44:53.131,1007.7,RN_FOG,gateway_B,gatewayB,4,ESP32->RPi,decrypt,117,233,116,1.445,16,esp32_edge_normal_3,0,normal
00:44:53.140,1007.7,RN_FOG,gateway_B,gatewayB,4,ESP32->RPi,decrypt,121,241,120,1.427,16,esp32_edge_normal_1,0,normal
00:44:58.077,1012.6,RN_FOG,gateway_B,gatewayB,4,ESP32->RPi,decrypt,118,237,119,1.344,16,esp32_edge_normal_2,0,normal
00:44:59.274,1013.8,RN_FOG,gateway_B,gatewayB,4,RPi_peer->RPi_leader,encrypt,3630,4922,1292,36.044,16,,,
00:44:59.279,1013.8,RN_FOG,gateway_B,gatewayB,4,ESP32->RPi,decrypt,120,237,117,1.582,16,esp32_edge_normal_3,0,normal
00:44:59.281,1013.8,RN_FOG,gateway_B,gatewayB,4,ESP32->RPi,decrypt,119,237,118,1.447,16,esp32_edge_normal_1,0,normal
00:44:59.636,1014.2,RN_FOG,gateway_B,gatewayB,4,RPi_leader->RPi_peer,decrypt,3526,4786,1260,36.654,16,,,
00:44:59.684,1014.2,RN_FOG,gateway_B,gatewayB,4,RPi->ESP32,encrypt,3526,4786,1260,38.642,17,,,
00:45:13.604,1028.1,RN_FOG,gateway_B,gatewayB,4,ESP32->RPi,decrypt,117,233,116,1.467,17,esp32_edge_normal_2,0,normal
00:45:13.640,1028.2,RN_FOG,gateway_B,gatewayB,4,ESP32->RPi,decrypt,117,233,116,1.474,17,esp32_edge_normal_3,0,normal
00:45:13.656,1028.2,RN_FOG,gateway_B,gatewayB,4,ESP32->RPi,decrypt,116,233,117,1.508,17,esp32_edge_normal_1,0,normal
00:45:18.600,1033.1,RN_FOG,gateway_B,gatewayB,4,ESP32->RPi,decrypt,116,233,117,1.464,17,esp32_edge_normal_2,0,normal
00:45:18.644,1033.2,RN_FOG,gateway_B,gatewayB,4,ESP32->RPi,decrypt,112,229,117,1.421,17,esp32_edge_normal_3,0,normal
00:45:18.651,1033.2,RN_FOG,gateway_B,gatewayB,4,ESP32->RPi,decrypt,116,233,117,1.433,17,esp32_edge_normal_1,0,normal
00:45:23.606,1038.1,RN_FOG,gateway_B,gatewayB,4,ESP32->RPi,decrypt,117,233,116,3.83,17,esp32_edge_normal_2,0,normal
00:45:23.766,1038.3,RN_FOG,gateway_B,gatewayB,4,ESP32->RPi,decrypt,114,229,115,3.359,17,esp32_edge_normal_3,0,normal
00:45:23.770,1038.3,RN_FOG,gateway_B,gatewayB,4,ESP32->RPi,decrypt,111,225,114,2.719,17,esp32_edge_normal_1,0,normal
00:45:28.597,1043.1,RN_FOG,gateway_B,gatewayB,4,ESP32->RPi,decrypt,117,233,116,1.405,17,esp32_edge_normal_2,0,normal
00:45:28.642,1043.2,RN_FOG,gateway_B,gatewayB,4,ESP32->RPi,decrypt,112,229,117,1.407,17,esp32_edge_normal_3,0,normal
00:45:28.649,1043.2,RN_FOG,gateway_B,gatewayB,4,ESP32->RPi,decrypt,120,237,117,1.444,17,esp32_edge_normal_1,0,normal
00:45:33.596,1048.1,RN_FOG,gateway_B,gatewayB,4,ESP32->RPi,decrypt,120,237,117,1.397,17,esp32_edge_normal_2,0,normal
00:45:33.644,1048.2,RN_FOG,gateway_B,gatewayB,4,ESP32->RPi,decrypt,119,237,118,1.334,17,esp32_edge_normal_3,0,normal
00:45:33.652,1048.2,RN_FOG,gateway_B,gatewayB,4,ESP32->RPi,decrypt,117,233,116,1.407,17,esp32_edge_normal_1,0,normal
00:45:38.600,1053.1,RN_FOG,gateway_B,gatewayB,4,ESP32->RPi,decrypt,117,233,116,3.114,17,esp32_edge_normal_2,0,normal
00:45:38.642,1053.2,RN_FOG,gateway_B,gatewayB,4,ESP32->RPi,decrypt,120,237,117,3.209,17,esp32_edge_normal_3,0,normal
00:45:38.649,1053.2,RN_FOG,gateway_B,gatewayB,4,ESP32->RPi,decrypt,120,237,117,3.175,17,esp32_edge_normal_1,0,normal
00:45:43.592,1058.1,RN_FOG,gateway_B,gatewayB,4,ESP32->RPi,decrypt,115,233,118,1.462,17,esp32_edge_normal_2,0,normal
00:45:43.641,1058.2,RN_FOG,gateway_B,gatewayB,4,ESP32->RPi,decrypt,120,237,117,1.571,17,esp32_edge_normal_3,0,normal
00:45:43.650,1058.2,RN_FOG,gateway_B,gatewayB,4,ESP32->RPi,decrypt,117,233,116,1.51,17,esp32_edge_normal_1,0,normal
00:45:48.594,1063.1,RN_FOG,gateway_B,gatewayB,4,ESP32->RPi,decrypt,117,233,116,1.55,17,esp32_edge_normal_2,0,normal
00:45:48.639,1063.2,RN_FOG,gateway_B,gatewayB,4,ESP32->RPi,decrypt,113,229,116,1.49,17,esp32_edge_normal_3,0,normal
00:45:48.647,1063.2,RN_FOG,gateway_B,gatewayB,4,ESP32->RPi,decrypt,113,229,116,1.425,17,esp32_edge_normal_1,0,normal
00:45:53.596,1068.1,RN_FOG,gateway_B,gatewayB,4,ESP32->RPi,decrypt,117,233,116,1.423,17,esp32_edge_normal_2,0,normal
00:45:53.640,1068.2,RN_FOG,gateway_B,gatewayB,4,ESP32->RPi,decrypt,121,241,120,1.451,17,esp32_edge_normal_3,0,normal
00:45:53.650,1068.2,RN_FOG,gateway_B,gatewayB,4,ESP32->RPi,decrypt,121,241,120,1.412,17,esp32_edge_normal_1,0,normal
00:45:58.594,1073.1,RN_FOG,gateway_B,gatewayB,4,ESP32->RPi,decrypt,120,237,117,1.59,17,esp32_edge_normal_2,0,normal
00:45:59.451,1074.0,RN_FOG,gateway_B,gatewayB,4,RPi_peer->RPi_leader,encrypt,3614,4902,1288,35.16,17,,,
00:45:59.455,1074.0,RN_FOG,gateway_B,gatewayB,4,ESP32->RPi,decrypt,117,233,116,1.491,17,esp32_edge_normal_1,0,normal
00:45:59.458,1074.0,RN_FOG,gateway_B,gatewayB,4,ESP32->RPi,decrypt,120,237,117,1.584,17,esp32_edge_normal_3,0,normal
00:45:59.807,1074.3,RN_FOG,gateway_B,gatewayB,4,RPi_leader->RPi_peer,decrypt,3535,4798,1263,36.295,17,,,
00:45:59.847,1074.4,RN_FOG,gateway_B,gatewayB,4,RPi->ESP32,encrypt,3535,4798,1263,34.211,18,,,
00:46:12.718,1087.3,RN_FOG,gateway_B,gatewayB,4,ESP32->RPi,decrypt,118,237,119,4.263,18,esp32_edge_normal_2,0,normal
00:46:12.781,1087.3,RN_FOG,gateway_B,gatewayB,4,ESP32->RPi,decrypt,117,233,116,3.047,18,esp32_edge_normal_3,0,normal
00:46:12.789,1087.3,RN_FOG,gateway_B,gatewayB,4,ESP32->RPi,decrypt,117,233,116,2.936,18,esp32_edge_normal_1,0,normal
00:46:17.714,1092.2,RN_FOG,gateway_B,gatewayB,4,ESP32->RPi,decrypt,119,237,118,1.388,18,esp32_edge_normal_2,0,normal
00:46:17.772,1092.3,RN_FOG,gateway_B,gatewayB,4,ESP32->RPi,decrypt,118,237,119,1.471,18,esp32_edge_normal_3,0,normal
00:46:17.778,1092.3,RN_FOG,gateway_B,gatewayB,4,ESP32->RPi,decrypt,120,237,117,1.429,18,esp32_edge_normal_1,0,normal
00:46:22.798,1097.3,RN_FOG,gateway_B,gatewayB,4,ESP32->RPi,decrypt,117,233,116,1.425,18,esp32_edge_normal_2,0,normal
00:46:22.801,1097.3,RN_FOG,gateway_B,gatewayB,4,ESP32->RPi,decrypt,121,241,120,1.432,18,esp32_edge_normal_1,0,normal
00:46:22.803,1097.3,RN_FOG,gateway_B,gatewayB,4,ESP32->RPi,decrypt,116,233,117,1.249,18,esp32_edge_normal_3,0,normal
00:46:27.728,1102.3,RN_FOG,gateway_B,gatewayB,4,ESP32->RPi,decrypt,120,237,117,1.342,18,esp32_edge_normal_2,0,normal
00:46:27.771,1102.3,RN_FOG,gateway_B,gatewayB,4,ESP32->RPi,decrypt,120,237,117,1.43,18,esp32_edge_normal_3,0,normal
00:46:27.774,1102.3,RN_FOG,gateway_B,gatewayB,4,ESP32->RPi,decrypt,119,237,118,1.464,18,esp32_edge_normal_1,0,normal
00:46:32.711,1107.2,RN_FOG,gateway_B,gatewayB,4,ESP32->RPi,decrypt,120,237,117,1.348,18,esp32_edge_normal_2,0,normal
00:46:32.772,1107.3,RN_FOG,gateway_B,gatewayB,4,ESP32->RPi,decrypt,112,229,117,1.298,18,esp32_edge_normal_1,0,normal
00:46:32.791,1107.3,RN_FOG,gateway_B,gatewayB,4,ESP32->RPi,decrypt,120,237,117,1.363,18,esp32_edge_normal_3,0,normal
00:46:37.711,1112.2,RN_FOG,gateway_B,gatewayB,4,ESP32->RPi,decrypt,120,237,117,1.446,18,esp32_edge_normal_2,0,normal
00:46:37.770,1112.3,RN_FOG,gateway_B,gatewayB,4,ESP32->RPi,decrypt,114,229,115,1.516,18,esp32_edge_normal_1,0,normal
00:46:37.775,1112.3,RN_FOG,gateway_B,gatewayB,4,ESP32->RPi,decrypt,114,229,115,1.519,18,esp32_edge_normal_3,0,normal
00:46:42.715,1117.2,RN_FOG,gateway_B,gatewayB,4,ESP32->RPi,decrypt,116,233,117,4.404,18,esp32_edge_normal_2,0,normal
00:46:42.774,1117.3,RN_FOG,gateway_B,gatewayB,4,ESP32->RPi,decrypt,114,229,115,3.346,18,esp32_edge_normal_1,0,normal
00:46:42.783,1117.3,RN_FOG,gateway_B,gatewayB,4,ESP32->RPi,decrypt,118,237,119,3.449,18,esp32_edge_normal_3,0,normal
00:46:47.710,1122.2,RN_FOG,gateway_B,gatewayB,4,ESP32->RPi,decrypt,112,229,117,1.443,18,esp32_edge_normal_2,0,normal
00:46:47.774,1122.3,RN_FOG,gateway_B,gatewayB,4,ESP32->RPi,decrypt,121,241,120,1.561,18,esp32_edge_normal_1,0,normal
00:46:47.781,1122.3,RN_FOG,gateway_B,gatewayB,4,ESP32->RPi,decrypt,107,221,114,1.534,18,esp32_edge_normal_3,0,normal
00:46:52.709,1127.2,RN_FOG,gateway_B,gatewayB,4,ESP32->RPi,decrypt,116,233,117,1.299,18,esp32_edge_normal_2,0,normal
00:46:52.770,1127.3,RN_FOG,gateway_B,gatewayB,4,ESP32->RPi,decrypt,120,237,117,1.447,18,esp32_edge_normal_1,0,normal
00:46:52.773,1127.3,RN_FOG,gateway_B,gatewayB,4,ESP32->RPi,decrypt,114,229,115,1.287,18,esp32_edge_normal_3,0,normal
00:46:57.709,1132.2,RN_FOG,gateway_B,gatewayB,4,ESP32->RPi,decrypt,116,233,117,1.29,18,esp32_edge_normal_2,0,normal
00:46:58.896,1133.4,RN_FOG,gateway_B,gatewayB,4,RPi_peer->RPi_leader,encrypt,3614,4902,1288,41.32,18,,,
00:46:58.902,1133.4,RN_FOG,gateway_B,gatewayB,4,ESP32->RPi,decrypt,115,233,118,1.658,18,esp32_edge_normal_1,0,normal
00:46:58.905,1133.4,RN_FOG,gateway_B,gatewayB,4,ESP32->RPi,decrypt,116,233,117,1.565,18,esp32_edge_normal_3,0,normal
00:46:59.279,1133.8,RN_FOG,gateway_B,gatewayB,4,RPi_leader->RPi_peer,decrypt,3537,4798,1261,37.339,18,,,
00:46:59.331,1133.9,RN_FOG,gateway_B,gatewayB,4,RPi->ESP32,encrypt,3537,4798,1261,44.247,19,,,
00:47:11.736,1146.3,RN_FOG,gateway_B,gatewayB,4,ESP32->RPi,decrypt,115,233,118,1.451,19,esp32_edge_normal_2,0,normal
00:47:11.771,1146.3,RN_FOG,gateway_B,gatewayB,4,ESP32->RPi,decrypt,114,229,115,1.569,19,esp32_edge_normal_3,0,normal
00:47:11.781,1146.3,RN_FOG,gateway_B,gatewayB,4,ESP32->RPi,decrypt,119,237,118,1.355,19,esp32_edge_normal_1,0,normal
00:47:16.736,1151.3,RN_FOG,gateway_B,gatewayB,4,ESP32->RPi,decrypt,117,233,116,1.368,19,esp32_edge_normal_2,0,normal
00:47:16.767,1151.3,RN_FOG,gateway_B,gatewayB,4,ESP32->RPi,decrypt,119,237,118,1.335,19,esp32_edge_normal_3,0,normal
00:47:16.777,1151.3,RN_FOG,gateway_B,gatewayB,4,ESP32->RPi,decrypt,116,233,117,1.28,19,esp32_edge_normal_1,0,normal
00:47:21.823,1156.4,RN_FOG,gateway_B,gatewayB,4,ESP32->RPi,decrypt,116,233,117,1.294,19,esp32_edge_normal_2,0,normal
00:47:21.826,1156.4,RN_FOG,gateway_B,gatewayB,4,ESP32->RPi,decrypt,120,237,117,1.371,19,esp32_edge_normal_3,0,normal
00:47:21.828,1156.4,RN_FOG,gateway_B,gatewayB,4,ESP32->RPi,decrypt,120,237,117,1.348,19,esp32_edge_normal_1,0,normal
00:47:26.734,1161.3,RN_FOG,gateway_B,gatewayB,4,ESP32->RPi,decrypt,114,229,115,1.431,19,esp32_edge_normal_2,0,normal
00:47:26.769,1161.3,RN_FOG,gateway_B,gatewayB,4,ESP32->RPi,decrypt,119,237,118,1.407,19,esp32_edge_normal_3,0,normal
00:47:26.775,1161.3,RN_FOG,gateway_B,gatewayB,4,ESP32->RPi,decrypt,120,237,117,1.623,19,esp32_edge_normal_1,0,normal
00:47:31.739,1166.3,RN_FOG,gateway_B,gatewayB,4,ESP32->RPi,decrypt,118,237,119,4.043,19,esp32_edge_normal_2,0,normal
00:47:31.769,1166.3,RN_FOG,gateway_B,gatewayB,4,ESP32->RPi,decrypt,116,233,117,4.245,19,esp32_edge_normal_3,0,normal
00:47:31.783,1166.3,RN_FOG,gateway_B,gatewayB,4,ESP32->RPi,decrypt,121,241,120,4.045,19,esp32_edge_normal_1,0,normal
00:47:36.735,1171.3,RN_FOG,gateway_B,gatewayB,4,ESP32->RPi,decrypt,117,233,116,1.293,19,esp32_edge_normal_2,0,normal
00:47:36.765,1171.3,RN_FOG,gateway_B,gatewayB,4,ESP32->RPi,decrypt,119,237,118,1.311,19,esp32_edge_normal_3,0,normal
00:47:36.781,1171.3,RN_FOG,gateway_B,gatewayB,4,ESP32->RPi,decrypt,116,233,117,1.416,19,esp32_edge_normal_1,0,normal
00:47:41.791,1176.3,RN_FOG,gateway_B,gatewayB,4,ESP32->RPi,decrypt,117,233,116,1.29,19,esp32_edge_normal_2,0,normal
00:47:41.793,1176.3,RN_FOG,gateway_B,gatewayB,4,ESP32->RPi,decrypt,114,229,115,1.314,19,esp32_edge_normal_3,0,normal
00:47:41.795,1176.3,RN_FOG,gateway_B,gatewayB,4,ESP32->RPi,decrypt,118,237,119,1.321,19,esp32_edge_normal_1,0,normal
00:47:46.808,1181.3,RN_FOG,gateway_B,gatewayB,4,ESP32->RPi,decrypt,120,237,117,1.441,19,esp32_edge_normal_2,0,normal
00:47:46.811,1181.3,RN_FOG,gateway_B,gatewayB,4,ESP32->RPi,decrypt,116,233,117,1.358,19,esp32_edge_normal_3,0,normal
00:47:46.813,1181.3,RN_FOG,gateway_B,gatewayB,4,ESP32->RPi,decrypt,117,233,116,1.299,19,esp32_edge_normal_1,0,normal
00:47:51.741,1186.3,RN_FOG,gateway_B,gatewayB,4,ESP32->RPi,decrypt,113,229,116,1.411,19,esp32_edge_normal_2,0,normal
00:47:51.766,1186.3,RN_FOG,gateway_B,gatewayB,4,ESP32->RPi,decrypt,118,237,119,1.507,19,esp32_edge_normal_3,0,normal
00:47:51.793,1186.3,RN_FOG,gateway_B,gatewayB,4,ESP32->RPi,decrypt,118,237,119,1.612,19,esp32_edge_normal_1,0,normal
00:47:56.741,1191.3,RN_FOG,gateway_B,gatewayB,4,ESP32->RPi,decrypt,115,233,118,1.427,19,esp32_edge_normal_2,0,normal
00:47:57.768,1192.3,RN_FOG,gateway_B,gatewayB,4,RPi_peer->RPi_leader,encrypt,3616,4906,1290,35.32,19,,,
00:47:57.776,1192.3,RN_FOG,gateway_B,gatewayB,4,ESP32->RPi,decrypt,117,233,116,1.496,19,esp32_edge_normal_3,0,normal
00:47:57.778,1192.3,RN_FOG,gateway_B,gatewayB,4,ESP32->RPi,decrypt,117,233,116,1.453,19,esp32_edge_normal_1,0,normal
00:47:58.179,1192.7,RN_FOG,gateway_B,gatewayB,4,RPi_leader->RPi_peer,decrypt,3530,4790,1260,33.691,19,,,
00:47:58.219,1192.8,RN_FOG,gateway_B,gatewayB,4,RPi->ESP32,encrypt,3530,4790,1260,33.197,20,,,
