round,time,accuracy,loss,w3_mag,w4_normal,w4_brute,w4_scan,attempt_id,attempt_dir,source_file,source_scope,timestamp_dt,event_type,round_ref,gateway_id,node_id,round_duration_sec,w3_drift_abs,w4_normal_drift_abs,w4_brute_drift_abs,w4_scan_drift_abs,weight_drift_total_abs
1,13:31:07,0.75,0.794337,0.286624,0.291376,0.540607,0.409397,3,C:\Users\VivoBook\Downloads\microproyecto2\microproyecto 2 porque wtf\src\hfl_v7-RN\Results\#3,global_weights_history_2.csv,global_round,2026-04-15 13:31:07,model.global_round,1,aggregate,server,,,,,,0.0
2,13:32:00,1.0,0.093062,0.289352,0.295928,0.554408,0.425073,3,C:\Users\VivoBook\Downloads\microproyecto2\microproyecto 2 porque wtf\src\hfl_v7-RN\Results\#3,global_weights_history_2.csv,global_round,2026-04-15 13:32:00,model.global_round,2,aggregate,server,53.0,0.002728000000000008,0.0045520000000000005,0.013801000000000063,0.015675999999999968,0.03675700000000004
3,13:33:01,0.966667,0.076524,0.292215,0.305762,0.564005,0.441219,3,C:\Users\VivoBook\Downloads\microproyecto2\microproyecto 2 porque wtf\src\hfl_v7-RN\Results\#3,global_weights_history_2.csv,global_round,2026-04-15 13:33:01,model.global_round,3,aggregate,server,61.0,0.0028630000000000044,0.009833999999999954,0.009596999999999967,0.016145999999999994,0.03843999999999992
4,13:34:00,0.983333,0.029888,0.295065,0.312595,0.568785,0.451966,3,C:\Users\VivoBook\Downloads\microproyecto2\microproyecto 2 porque wtf\src\hfl_v7-RN\Results\#3,global_weights_history_2.csv,global_round,2026-04-15 13:34:00,model.global_round,4,aggregate,server,59.0,0.002850000000000019,0.0068330000000000335,0.0047800000000000065,0.010747000000000007,0.025210000000000066
5,13:34:59,1.0,0.015347,0.296527,0.316948,0.571661,0.457559,3,C:\Users\VivoBook\Downloads\microproyecto2\microproyecto 2 porque wtf\src\hfl_v7-RN\Results\#3,global_weights_history_2.csv,global_round,2026-04-15 13:34:59,model.global_round,5,aggregate,server,59.0,0.0014619999999999633,0.004352999999999996,0.0028759999999999897,0.005593000000000015,0.014283999999999963
6,13:39:02,0.85,0.458896,0.287889,0.312742,0.545828,0.452445,3,C:\Users\VivoBook\Downloads\microproyecto2\microproyecto 2 porque wtf\src\hfl_v7-RN\Results\#3,global_weights_history_2.csv,global_round,2026-04-15 13:39:02,model.global_round,6,aggregate,server,243.0,0.008637999999999979,0.0042059999999999875,0.025832999999999995,0.005114000000000007,0.04379099999999997
7,13:40:01,0.85,0.413023,0.285287,0.306858,0.546389,0.440083,3,C:\Users\VivoBook\Downloads\microproyecto2\microproyecto 2 porque wtf\src\hfl_v7-RN\Results\#3,global_weights_history_2.csv,global_round,2026-04-15 13:40:01,model.global_round,7,aggregate,server,59.0,0.002601999999999993,0.005884,0.0005610000000000337,0.012361999999999984,0.02140900000000001
8,13:41:00,0.9,0.263188,0.284624,0.298128,0.542793,0.439427,3,C:\Users\VivoBook\Downloads\microproyecto2\microproyecto 2 porque wtf\src\hfl_v7-RN\Results\#3,global_weights_history_2.csv,global_round,2026-04-15 13:41:00,model.global_round,8,aggregate,server,59.0,0.0006630000000000247,0.008730000000000016,0.0035960000000000436,0.0006559999999999899,0.013645000000000074
9,13:41:59,0.85,0.274526,0.286809,0.290664,0.544432,0.450523,3,C:\Users\VivoBook\Downloads\microproyecto2\microproyecto 2 porque wtf\src\hfl_v7-RN\Results\#3,global_weights_history_2.csv,global_round,2026-04-15 13:41:59,model.global_round,9,aggregate,server,59.0,0.0021849999999999925,0.007464000000000026,0.001639000000000057,0.011095999999999995,0.02238400000000007
10,13:42:58,0.866667,0.305087,0.28823,0.289701,0.546012,0.455912,3,C:\Users\VivoBook\Downloads\microproyecto2\microproyecto 2 porque wtf\src\hfl_v7-RN\Results\#3,global_weights_history_2.csv,global_round,2026-04-15 13:42:58,model.global_round,10,aggregate,server,59.0,0.0014210000000000056,0.0009629999999999916,0.0015800000000000258,0.005388999999999977,0.009353
11,13:43:57,0.866667,0.314123,0.288469,0.291933,0.543137,0.456975,3,C:\Users\VivoBook\Downloads\microproyecto2\microproyecto 2 porque wtf\src\hfl_v7-RN\Results\#3,global_weights_history_2.csv,global_round,2026-04-15 13:43:57,model.global_round,11,aggregate,server,59.0,0.00023899999999998922,0.0022320000000000118,0.002875000000000072,0.0010630000000000361,0.006409000000000109
12,13:44:56,0.916667,0.28475,0.288143,0.291471,0.54332,0.457007,3,C:\Users\VivoBook\Downloads\microproyecto2\microproyecto 2 porque wtf\src\hfl_v7-RN\Results\#3,global_weights_history_2.csv,global_round,2026-04-15 13:44:56,model.global_round,12,aggregate,server,59.0,0.00032599999999999296,0.00046200000000001795,0.00018300000000004424,3.199999999997649e-05,0.0010030000000000316
13,13:45:55,0.866667,0.338932,0.28632,0.287843,0.542472,0.452857,3,C:\Users\VivoBook\Downloads\microproyecto2\microproyecto 2 porque wtf\src\hfl_v7-RN\Results\#3,global_weights_history_2.csv,global_round,2026-04-15 13:45:55,model.global_round,13,aggregate,server,59.0,0.0018229999999999635,0.0036279999999999646,0.0008480000000000709,0.004149999999999987,0.010448999999999986
14,13:46:54,0.883333,0.210639,0.286179,0.281587,0.541347,0.458013,3,C:\Users\VivoBook\Downloads\microproyecto2\microproyecto 2 porque wtf\src\hfl_v7-RN\Results\#3,global_weights_history_2.csv,global_round,2026-04-15 13:46:54,model.global_round,14,aggregate,server,59.0,0.00014100000000000223,0.006256000000000039,0.0011249999999999316,0.005155999999999994,0.012677999999999967
15,13:47:53,0.833333,0.305248,0.286976,0.280347,0.543249,0.46311,3,C:\Users\VivoBook\Downloads\microproyecto2\microproyecto 2 porque wtf\src\hfl_v7-RN\Results\#3,global_weights_history_2.csv,global_round,2026-04-15 13:47:53,model.global_round,15,aggregate,server,59.0,0.0007969999999999922,0.0012399999999999634,0.0019019999999999593,0.005097000000000018,0.009035999999999933
16,13:48:52,0.866667,0.284815,0.285433,0.278381,0.534739,0.470697,3,C:\Users\VivoBook\Downloads\microproyecto2\microproyecto 2 porque wtf\src\hfl_v7-RN\Results\#3,global_weights_history_2.csv,global_round,2026-04-15 13:48:52,model.global_round,16,aggregate,server,59.0,0.0015430000000000166,0.0019660000000000233,0.008510000000000018,0.007586999999999955,0.019606000000000012
17,13:49:51,0.933333,0.237325,0.285825,0.279126,0.535192,0.477389,3,C:\Users\VivoBook\Downloads\microproyecto2\microproyecto 2 porque wtf\src\hfl_v7-RN\Results\#3,global_weights_history_2.csv,global_round,2026-04-15 13:49:51,model.global_round,17,aggregate,server,59.0,0.00039200000000000346,0.0007449999999999957,0.0004530000000000367,0.006692000000000031,0.008282000000000067
18,13:50:49,0.883333,0.242934,0.286735,0.273063,0.539371,0.481652,3,C:\Users\VivoBook\Downloads\microproyecto2\microproyecto 2 porque wtf\src\hfl_v7-RN\Results\#3,global_weights_history_2.csv,global_round,2026-04-15 13:50:49,model.global_round,18,aggregate,server,58.0,0.0009100000000000219,0.006062999999999985,0.004179000000000044,0.004263000000000017,0.015415000000000068
19,13:51:48,0.866667,0.313103,0.288173,0.264862,0.539603,0.484128,3,C:\Users\VivoBook\Downloads\microproyecto2\microproyecto 2 porque wtf\src\hfl_v7-RN\Results\#3,global_weights_history_2.csv,global_round,2026-04-15 13:51:48,model.global_round,19,aggregate,server,59.0,0.0014379999999999948,0.008201000000000014,0.00023200000000000998,0.0024759999999999782,0.012346999999999997
20,13:52:47,0.816667,0.286049,0.289775,0.260785,0.541546,0.486548,3,C:\Users\VivoBook\Downloads\microproyecto2\microproyecto 2 porque wtf\src\hfl_v7-RN\Results\#3,global_weights_history_2.csv,global_round,2026-04-15 13:52:47,model.global_round,20,aggregate,server,59.0,0.0016019999999999923,0.004076999999999997,0.001942999999999917,0.0024199999999999777,0.010041999999999884
21,13:53:47,0.9,0.183971,0.291188,0.261765,0.542794,0.492789,3,C:\Users\VivoBook\Downloads\microproyecto2\microproyecto 2 porque wtf\src\hfl_v7-RN\Results\#3,global_weights_history_2.csv,global_round,2026-04-15 13:53:47,model.global_round,21,aggregate,server,60.0,0.0014129999999999976,0.0009800000000000364,0.0012480000000000269,0.0062409999999999966,0.009882000000000057
22,13:54:46,0.883333,0.233325,0.292073,0.265748,0.541024,0.501445,3,C:\Users\VivoBook\Downloads\microproyecto2\microproyecto 2 porque wtf\src\hfl_v7-RN\Results\#3,global_weights_history_2.csv,global_round,2026-04-15 13:54:46,model.global_round,22,aggregate,server,59.0,0.0008850000000000247,0.003982999999999959,0.0017700000000000493,0.008656000000000053,0.015294000000000085
23,13:55:45,0.9,0.164653,0.29256,0.265108,0.538916,0.510416,3,C:\Users\VivoBook\Downloads\microproyecto2\microproyecto 2 porque wtf\src\hfl_v7-RN\Results\#3,global_weights_history_2.csv,global_round,2026-04-15 13:55:45,model.global_round,23,aggregate,server,59.0,0.0004869999999999597,0.0006399999999999739,0.0021079999999999988,0.008970999999999951,0.012205999999999884
24,13:56:43,0.883333,0.25946,0.293046,0.266632,0.539475,0.517994,3,C:\Users\VivoBook\Downloads\microproyecto2\microproyecto 2 porque wtf\src\hfl_v7-RN\Results\#3,global_weights_history_2.csv,global_round,2026-04-15 13:56:43,model.global_round,24,aggregate,server,58.0,0.00048599999999998644,0.0015239999999999698,0.0005590000000000872,0.007577999999999974,0.010147000000000017
25,13:57:43,0.933333,0.152145,0.292188,0.26395,0.539036,0.515111,3,C:\Users\VivoBook\Downloads\microproyecto2\microproyecto 2 porque wtf\src\hfl_v7-RN\Results\#3,global_weights_history_2.csv,global_round,2026-04-15 13:57:43,model.global_round,25,aggregate,server,60.0,0.0008579999999999699,0.002681999999999962,0.0004390000000000782,0.002882999999999969,0.006861999999999979
26,13:58:41,0.983333,0.129977,0.293986,0.261794,0.54041,0.521326,3,C:\Users\VivoBook\Downloads\microproyecto2\microproyecto 2 porque wtf\src\hfl_v7-RN\Results\#3,global_weights_history_2.csv,global_round,2026-04-15 13:58:41,model.global_round,26,aggregate,server,58.0,0.0017980000000000218,0.0021559999999999913,0.0013739999999999863,0.0062149999999999705,0.01154299999999997
27,13:59:40,0.95,0.169296,0.29598,0.265675,0.543034,0.530928,3,C:\Users\VivoBook\Downloads\microproyecto2\microproyecto 2 porque wtf\src\hfl_v7-RN\Results\#3,global_weights_history_2.csv,global_round,2026-04-15 13:59:40,model.global_round,27,aggregate,server,59.0,0.0019939999999999958,0.003880999999999968,0.0026240000000000707,0.009602,0.018101000000000034
28,14:00:40,0.95,0.124062,0.294557,0.266526,0.542898,0.528572,3,C:\Users\VivoBook\Downloads\microproyecto2\microproyecto 2 porque wtf\src\hfl_v7-RN\Results\#3,global_weights_history_2.csv,global_round,2026-04-15 14:00:40,model.global_round,28,aggregate,server,60.0,0.0014230000000000076,0.0008509999999999907,0.000136000000000025,0.0023559999999999137,0.004765999999999937
29,14:01:38,0.916667,0.198217,0.293142,0.267079,0.540971,0.526204,3,C:\Users\VivoBook\Downloads\microproyecto2\microproyecto 2 porque wtf\src\hfl_v7-RN\Results\#3,global_weights_history_2.csv,global_round,2026-04-15 14:01:38,model.global_round,29,aggregate,server,58.0,0.0014149999999999996,0.0005530000000000257,0.001927000000000012,0.0023680000000000367,0.006263000000000074
30,14:02:39,0.916667,0.214765,0.2931,0.267029,0.541232,0.52372,3,C:\Users\VivoBook\Downloads\microproyecto2\microproyecto 2 porque wtf\src\hfl_v7-RN\Results\#3,global_weights_history_2.csv,global_round,2026-04-15 14:02:39,model.global_round,30,aggregate,server,61.0,4.199999999998649e-05,4.999999999999449e-05,0.00026100000000006673,0.0024840000000000417,0.0028370000000000895
1,15:07:21,0.666667,0.864842,0.286679,0.290714,0.538752,0.409988,4,C:\Users\VivoBook\Downloads\microproyecto2\microproyecto 2 porque wtf\src\hfl_v7-RN\Results\#4,global_weights_history_4.csv,global_round,2026-04-15 15:07:21,model.global_round,1,aggregate,server,,,,,,0.0
2,15:08:15,0.933333,0.157192,0.291812,0.295956,0.553318,0.429886,4,C:\Users\VivoBook\Downloads\microproyecto2\microproyecto 2 porque wtf\src\hfl_v7-RN\Results\#4,global_weights_history_4.csv,global_round,2026-04-15 15:08:15,model.global_round,2,aggregate,server,54.0,0.005132999999999999,0.005242000000000024,0.014565999999999968,0.01989799999999997,0.04483899999999996
3,15:09:13,1.0,0.048108,0.296305,0.306218,0.562694,0.441192,4,C:\Users\VivoBook\Downloads\microproyecto2\microproyecto 2 porque wtf\src\hfl_v7-RN\Results\#4,global_weights_history_4.csv,global_round,2026-04-15 15:09:13,model.global_round,3,aggregate,server,58.0,0.004492999999999969,0.010261999999999993,0.009376000000000051,0.011305999999999983,0.035436999999999996
4,15:10:13,0.983333,0.112293,0.298628,0.311596,0.568524,0.448226,4,C:\Users\VivoBook\Downloads\microproyecto2\microproyecto 2 porque wtf\src\hfl_v7-RN\Results\#4,global_weights_history_4.csv,global_round,2026-04-15 15:10:13,model.global_round,4,aggregate,server,60.0,0.0023230000000000195,0.005377999999999994,0.005830000000000002,0.00703400000000004,0.020565000000000055
5,15:11:12,0.983333,0.050266,0.29966,0.316776,0.571994,0.453153,4,C:\Users\VivoBook\Downloads\microproyecto2\microproyecto 2 porque wtf\src\hfl_v7-RN\Results\#4,global_weights_history_4.csv,global_round,2026-04-15 15:11:12,model.global_round,5,aggregate,server,59.0,0.0010319999999999774,0.005180000000000018,0.003469999999999973,0.004926999999999959,0.014608999999999928
6,15:13:33,0.933333,0.259205,0.296459,0.31393,0.564025,0.453211,4,C:\Users\VivoBook\Downloads\microproyecto2\microproyecto 2 porque wtf\src\hfl_v7-RN\Results\#4,global_weights_history_4.csv,global_round,2026-04-15 15:13:33,model.global_round,6,aggregate,server,141.0,0.0032010000000000094,0.002846000000000015,0.007969000000000004,5.8000000000002494e-05,0.014074000000000031
7,15:14:34,0.95,0.099225,0.294824,0.310327,0.563634,0.457041,4,C:\Users\VivoBook\Downloads\microproyecto2\microproyecto 2 porque wtf\src\hfl_v7-RN\Results\#4,global_weights_history_4.csv,global_round,2026-04-15 15:14:34,model.global_round,7,aggregate,server,61.0,0.0016349999999999976,0.0036029999999999673,0.0003910000000000302,0.00383,0.009458999999999995
8,15:15:33,0.933333,0.23476,0.292602,0.307317,0.553454,0.458644,4,C:\Users\VivoBook\Downloads\microproyecto2\microproyecto 2 porque wtf\src\hfl_v7-RN\Results\#4,global_weights_history_4.csv,global_round,2026-04-15 15:15:33,model.global_round,8,aggregate,server,59.0,0.0022220000000000018,0.0030100000000000127,0.010179999999999967,0.001603000000000021,0.017015000000000002
9,15:16:34,0.916667,0.2334,0.292595,0.30777,0.557593,0.46035,4,C:\Users\VivoBook\Downloads\microproyecto2\microproyecto 2 porque wtf\src\hfl_v7-RN\Results\#4,global_weights_history_4.csv,global_round,2026-04-15 15:16:34,model.global_round,9,aggregate,server,61.0,6.999999999979245e-06,0.0004529999999999812,0.004139000000000004,0.0017059999999999853,0.0063049999999999495
10,15:17:34,0.95,0.122719,0.293919,0.309819,0.561969,0.463633,4,C:\Users\VivoBook\Downloads\microproyecto2\microproyecto 2 porque wtf\src\hfl_v7-RN\Results\#4,global_weights_history_4.csv,global_round,2026-04-15 15:17:34,model.global_round,10,aggregate,server,60.0,0.0013239999999999919,0.002049000000000023,0.0043760000000000465,0.003283000000000036,0.011032000000000097
11,15:18:37,1.0,0.054139,0.29484,0.311823,0.561985,0.467859,4,C:\Users\VivoBook\Downloads\microproyecto2\microproyecto 2 porque wtf\src\hfl_v7-RN\Results\#4,global_weights_history_4.csv,global_round,2026-04-15 15:18:37,model.global_round,11,aggregate,server,63.0,0.0009210000000000051,0.0020040000000000058,1.599999999990498e-05,0.0042260000000000075,0.007166999999999923
12,15:19:36,0.916667,0.198009,0.295724,0.310183,0.565468,0.467967,4,C:\Users\VivoBook\Downloads\microproyecto2\microproyecto 2 porque wtf\src\hfl_v7-RN\Results\#4,global_weights_history_4.csv,global_round,2026-04-15 15:19:36,model.global_round,12,aggregate,server,59.0,0.0008839999999999959,0.0016400000000000303,0.003483000000000014,0.00010799999999999699,0.006115000000000037
13,15:20:34,0.95,0.094147,0.296587,0.310895,0.567884,0.469423,4,C:\Users\VivoBook\Downloads\microproyecto2\microproyecto 2 porque wtf\src\hfl_v7-RN\Results\#4,global_weights_history_4.csv,global_round,2026-04-15 15:20:34,model.global_round,13,aggregate,server,58.0,0.0008630000000000027,0.0007119999999999904,0.0024160000000000847,0.0014559999999999573,0.005447000000000035
14,15:21:33,0.933333,0.106184,0.2967,0.309104,0.568564,0.472239,4,C:\Users\VivoBook\Downloads\microproyecto2\microproyecto 2 porque wtf\src\hfl_v7-RN\Results\#4,global_weights_history_4.csv,global_round,2026-04-15 15:21:33,model.global_round,14,aggregate,server,59.0,0.00011300000000002974,0.001790999999999987,0.0006799999999999029,0.0028160000000000407,0.00539999999999996
15,15:22:33,0.933333,0.181214,0.296536,0.30998,0.567724,0.473163,4,C:\Users\VivoBook\Downloads\microproyecto2\microproyecto 2 porque wtf\src\hfl_v7-RN\Results\#4,global_weights_history_4.csv,global_round,2026-04-15 15:22:33,model.global_round,15,aggregate,server,60.0,0.00016399999999999748,0.0008759999999999879,0.0008399999999999519,0.0009239999999999804,0.0028039999999999177
16,15:23:32,0.933333,0.228008,0.296944,0.309712,0.567364,0.474633,4,C:\Users\VivoBook\Downloads\microproyecto2\microproyecto 2 porque wtf\src\hfl_v7-RN\Results\#4,global_weights_history_4.csv,global_round,2026-04-15 15:23:32,model.global_round,16,aggregate,server,59.0,0.00040799999999996395,0.00026799999999999047,0.00036000000000002697,0.0014700000000000268,0.0025060000000000082
17,15:24:30,0.983333,0.058851,0.296974,0.30796,0.566299,0.471389,4,C:\Users\VivoBook\Downloads\microproyecto2\microproyecto 2 porque wtf\src\hfl_v7-RN\Results\#4,global_weights_history_4.csv,global_round,2026-04-15 15:24:30,model.global_round,17,aggregate,server,58.0,3.0000000000030003e-05,0.0017519999999999758,0.0010649999999999826,0.0032440000000000246,0.006091000000000013
18,15:25:29,0.9,0.168915,0.297886,0.308828,0.566421,0.470042,4,C:\Users\VivoBook\Downloads\microproyecto2\microproyecto 2 porque wtf\src\hfl_v7-RN\Results\#4,global_weights_history_4.csv,global_round,2026-04-15 15:25:29,model.global_round,18,aggregate,server,59.0,0.0009119999999999684,0.0008679999999999799,0.00012199999999995548,0.001346999999999987,0.003248999999999891
19,15:26:29,1.0,0.047993,0.298257,0.311042,0.567103,0.470507,4,C:\Users\VivoBook\Downloads\microproyecto2\microproyecto 2 porque wtf\src\hfl_v7-RN\Results\#4,global_weights_history_4.csv,global_round,2026-04-15 15:26:29,model.global_round,19,aggregate,server,60.0,0.0003710000000000102,0.0022139999999999938,0.0006820000000000714,0.0004649999999999932,0.0037320000000000686
20,15:27:27,0.983333,0.037074,0.299572,0.313864,0.569173,0.47282,4,C:\Users\VivoBook\Downloads\microproyecto2\microproyecto 2 porque wtf\src\hfl_v7-RN\Results\#4,global_weights_history_4.csv,global_round,2026-04-15 15:27:27,model.global_round,20,aggregate,server,58.0,0.0013150000000000106,0.002821999999999991,0.0020700000000000163,0.0023130000000000095,0.008520000000000028
1,16:04:25,0.75,0.842587,0.287569,0.292234,0.538092,0.409783,5,C:\Users\VivoBook\Downloads\microproyecto2\microproyecto 2 porque wtf\src\hfl_v7-RN\Results\#5,global_weights_history_4.csv,global_round,2026-04-15 16:04:25,model.global_round,1,aggregate,server,,,,,,0.0
2,16:05:19,0.983333,0.104869,0.291542,0.297733,0.550952,0.429048,5,C:\Users\VivoBook\Downloads\microproyecto2\microproyecto 2 porque wtf\src\hfl_v7-RN\Results\#5,global_weights_history_4.csv,global_round,2026-04-15 16:05:19,model.global_round,2,aggregate,server,54.0,0.003973000000000004,0.005499000000000032,0.012859999999999983,0.019264999999999977,0.041596999999999995
3,16:06:18,1.0,0.033653,0.294849,0.309401,0.56033,0.442679,5,C:\Users\VivoBook\Downloads\microproyecto2\microproyecto 2 porque wtf\src\hfl_v7-RN\Results\#5,global_weights_history_4.csv,global_round,2026-04-15 16:06:18,model.global_round,3,aggregate,server,59.0,0.0033070000000000044,0.011667999999999956,0.009377999999999997,0.013631000000000004,0.03798399999999996
4,16:07:17,1.0,0.016286,0.297269,0.315451,0.566118,0.452261,5,C:\Users\VivoBook\Downloads\microproyecto2\microproyecto 2 porque wtf\src\hfl_v7-RN\Results\#5,global_weights_history_4.csv,global_round,2026-04-15 16:07:17,model.global_round,4,aggregate,server,59.0,0.0024199999999999777,0.00605,0.005788000000000015,0.009582000000000035,0.023840000000000028
5,16:08:16,1.0,0.015779,0.298594,0.319108,0.569115,0.456659,5,C:\Users\VivoBook\Downloads\microproyecto2\microproyecto 2 porque wtf\src\hfl_v7-RN\Results\#5,global_weights_history_4.csv,global_round,2026-04-15 16:08:16,model.global_round,5,aggregate,server,59.0,0.0013250000000000206,0.0036570000000000213,0.0029970000000000274,0.0043979999999999575,0.012377000000000027
6,16:11:06,0.933333,0.18023,0.294504,0.314604,0.560646,0.454704,5,C:\Users\VivoBook\Downloads\microproyecto2\microproyecto 2 porque wtf\src\hfl_v7-RN\Results\#5,global_weights_history_4.csv,global_round,2026-04-15 16:11:06,model.global_round,6,aggregate,server,170.0,0.004090000000000038,0.004504000000000008,0.00846900000000006,0.0019549999999999845,0.01901800000000009
7,16:12:05,0.9,0.356315,0.293172,0.310296,0.558628,0.452954,5,C:\Users\VivoBook\Downloads\microproyecto2\microproyecto 2 porque wtf\src\hfl_v7-RN\Results\#5,global_weights_history_4.csv,global_round,2026-04-15 16:12:05,model.global_round,7,aggregate,server,59.0,0.0013319999999999999,0.0043079999999999785,0.0020179999999999643,0.0017499999999999738,0.009407999999999916
8,16:13:04,0.966667,0.130994,0.292995,0.311353,0.559567,0.456262,5,C:\Users\VivoBook\Downloads\microproyecto2\microproyecto 2 porque wtf\src\hfl_v7-RN\Results\#5,global_weights_history_4.csv,global_round,2026-04-15 16:13:04,model.global_round,8,aggregate,server,59.0,0.00017699999999998273,0.0010569999999999746,0.0009390000000000231,0.0033079999999999776,0.005480999999999958
9,16:14:03,0.933333,0.167941,0.293115,0.313585,0.558079,0.459074,5,C:\Users\VivoBook\Downloads\microproyecto2\microproyecto 2 porque wtf\src\hfl_v7-RN\Results\#5,global_weights_history_4.csv,global_round,2026-04-15 16:14:03,model.global_round,9,aggregate,server,59.0,0.00012000000000000899,0.0022320000000000118,0.0014880000000000448,0.002811999999999981,0.006652000000000047
10,16:15:02,0.933333,0.187718,0.291573,0.312812,0.550244,0.45812,5,C:\Users\VivoBook\Downloads\microproyecto2\microproyecto 2 porque wtf\src\hfl_v7-RN\Results\#5,global_weights_history_4.csv,global_round,2026-04-15 16:15:02,model.global_round,10,aggregate,server,59.0,0.0015419999999999878,0.0007730000000000237,0.007835000000000036,0.0009539999999999549,0.011104000000000003
11,16:16:01,0.933333,0.208866,0.290943,0.313582,0.548532,0.4626,5,C:\Users\VivoBook\Downloads\microproyecto2\microproyecto 2 porque wtf\src\hfl_v7-RN\Results\#5,global_weights_history_4.csv,global_round,2026-04-15 16:16:01,model.global_round,11,aggregate,server,59.0,0.0006300000000000194,0.0007700000000000484,0.0017119999999999358,0.004479999999999984,0.007591999999999988
12,16:17:00,0.95,0.125099,0.291381,0.313794,0.549032,0.468782,5,C:\Users\VivoBook\Downloads\microproyecto2\microproyecto 2 porque wtf\src\hfl_v7-RN\Results\#5,global_weights_history_4.csv,global_round,2026-04-15 16:17:00,model.global_round,12,aggregate,server,59.0,0.00043799999999999395,0.00021199999999998997,0.0004999999999999449,0.006181999999999965,0.007331999999999894
13,16:17:59,0.933333,0.223421,0.291114,0.313919,0.551636,0.468698,5,C:\Users\VivoBook\Downloads\microproyecto2\microproyecto 2 porque wtf\src\hfl_v7-RN\Results\#5,global_weights_history_4.csv,global_round,2026-04-15 16:17:59,model.global_round,13,aggregate,server,59.0,0.0002670000000000172,0.00012499999999998623,0.0026040000000000507,8.399999999997299e-05,0.003080000000000027
14,16:18:58,0.9,0.22891,0.290867,0.308619,0.554721,0.469559,5,C:\Users\VivoBook\Downloads\microproyecto2\microproyecto 2 porque wtf\src\hfl_v7-RN\Results\#5,global_weights_history_4.csv,global_round,2026-04-15 16:18:58,model.global_round,14,aggregate,server,59.0,0.0002469999999999972,0.005300000000000027,0.0030850000000000044,0.0008610000000000007,0.00949300000000003
15,16:19:58,0.916667,0.18418,0.291372,0.309116,0.551208,0.473293,5,C:\Users\VivoBook\Downloads\microproyecto2\microproyecto 2 porque wtf\src\hfl_v7-RN\Results\#5,global_weights_history_4.csv,global_round,2026-04-15 16:19:58,model.global_round,15,aggregate,server,60.0,0.0005050000000000332,0.0004970000000000252,0.0035129999999999884,0.003734000000000015,0.008249000000000062
16,16:20:57,0.9,0.183416,0.292063,0.308822,0.551891,0.47674,5,C:\Users\VivoBook\Downloads\microproyecto2\microproyecto 2 porque wtf\src\hfl_v7-RN\Results\#5,global_weights_history_4.csv,global_round,2026-04-15 16:20:57,model.global_round,16,aggregate,server,59.0,0.0006909999999999972,0.00029400000000001647,0.0006829999999999892,0.003446999999999978,0.005114999999999981
17,16:21:56,0.983333,0.119328,0.292266,0.31036,0.553824,0.481957,5,C:\Users\VivoBook\Downloads\microproyecto2\microproyecto 2 porque wtf\src\hfl_v7-RN\Results\#5,global_weights_history_4.csv,global_round,2026-04-15 16:21:56,model.global_round,17,aggregate,server,59.0,0.00020300000000000873,0.0015380000000000393,0.0019329999999999625,0.005217000000000027,0.008891000000000038
18,16:22:55,0.983333,0.03503,0.293436,0.311453,0.551835,0.487338,5,C:\Users\VivoBook\Downloads\microproyecto2\microproyecto 2 porque wtf\src\hfl_v7-RN\Results\#5,global_weights_history_4.csv,global_round,2026-04-15 16:22:55,model.global_round,18,aggregate,server,59.0,0.0011699999999999489,0.0010929999999999551,0.0019890000000000185,0.005380999999999969,0.009632999999999892
19,16:23:54,0.966667,0.126519,0.293886,0.313135,0.552828,0.492716,5,C:\Users\VivoBook\Downloads\microproyecto2\microproyecto 2 porque wtf\src\hfl_v7-RN\Results\#5,global_weights_history_4.csv,global_round,2026-04-15 16:23:54,model.global_round,19,aggregate,server,59.0,0.00045000000000000595,0.0016820000000000168,0.0009930000000000216,0.005377999999999994,0.008503000000000038
20,16:24:53,0.983333,0.038647,0.295032,0.308638,0.556409,0.493191,5,C:\Users\VivoBook\Downloads\microproyecto2\microproyecto 2 porque wtf\src\hfl_v7-RN\Results\#5,global_weights_history_4.csv,global_round,2026-04-15 16:24:53,model.global_round,20,aggregate,server,59.0,0.0011460000000000359,0.004496999999999973,0.0035810000000000564,0.0004750000000000032,0.009699000000000069
1,16:32:32,0.75,1.017591,0.288975,0.292089,0.539953,0.408072,6,C:\Users\VivoBook\Downloads\microproyecto2\microproyecto 2 porque wtf\src\hfl_v7-RN\Results\#6,global_weights_history_5.csv,global_round,2026-04-15 16:32:32,model.global_round,1,aggregate,server,,,,,,0.0
2,16:33:51,0.95,0.135244,0.294394,0.299267,0.553973,0.429585,6,C:\Users\VivoBook\Downloads\microproyecto2\microproyecto 2 porque wtf\src\hfl_v7-RN\Results\#6,global_weights_history_5.csv,global_round,2026-04-15 16:33:51,model.global_round,2,aggregate,server,79.0,0.005419000000000007,0.007178000000000018,0.014020000000000032,0.021513000000000004,0.04813000000000006
3,16:34:51,1.0,0.034946,0.297125,0.30913,0.564437,0.444992,6,C:\Users\VivoBook\Downloads\microproyecto2\microproyecto 2 porque wtf\src\hfl_v7-RN\Results\#6,global_weights_history_5.csv,global_round,2026-04-15 16:34:51,model.global_round,3,aggregate,server,60.0,0.0027309999999999834,0.00986300000000001,0.010463999999999918,0.015407000000000004,0.038464999999999916
4,16:35:50,1.0,0.024912,0.29938,0.314236,0.570751,0.453172,6,C:\Users\VivoBook\Downloads\microproyecto2\microproyecto 2 porque wtf\src\hfl_v7-RN\Results\#6,global_weights_history_5.csv,global_round,2026-04-15 16:35:50,model.global_round,4,aggregate,server,59.0,0.002255000000000007,0.005105999999999999,0.006314000000000042,0.00818000000000002,0.02185500000000007
5,16:36:53,1.0,0.010663,0.301085,0.319368,0.575259,0.458191,6,C:\Users\VivoBook\Downloads\microproyecto2\microproyecto 2 porque wtf\src\hfl_v7-RN\Results\#6,global_weights_history_5.csv,global_round,2026-04-15 16:36:53,model.global_round,5,aggregate,server,63.0,0.001705000000000012,0.00513199999999997,0.0045079999999999565,0.005018999999999996,0.016363999999999934
6,16:37:57,0.916667,0.296874,0.297118,0.311699,0.559067,0.456221,6,C:\Users\VivoBook\Downloads\microproyecto2\microproyecto 2 porque wtf\src\hfl_v7-RN\Results\#6,global_weights_history_5.csv,global_round,2026-04-15 16:37:57,model.global_round,6,aggregate,server,64.0,0.003966999999999998,0.007668999999999981,0.016191999999999984,0.0019700000000000273,0.02979799999999999
7,16:38:57,0.95,0.213609,0.295566,0.30442,0.544879,0.461342,6,C:\Users\VivoBook\Downloads\microproyecto2\microproyecto 2 porque wtf\src\hfl_v7-RN\Results\#6,global_weights_history_5.csv,global_round,2026-04-15 16:38:57,model.global_round,7,aggregate,server,60.0,0.0015519999999999978,0.00727899999999998,0.014187999999999978,0.005120999999999987,0.028139999999999943
8,16:39:58,0.983333,0.061959,0.295455,0.298781,0.549632,0.464278,6,C:\Users\VivoBook\Downloads\microproyecto2\microproyecto 2 porque wtf\src\hfl_v7-RN\Results\#6,global_weights_history_5.csv,global_round,2026-04-15 16:39:58,model.global_round,8,aggregate,server,61.0,0.00011099999999997223,0.005639000000000005,0.004753000000000007,0.0029360000000000497,0.013439000000000034
9,16:40:58,0.916667,0.178716,0.295991,0.297613,0.554128,0.468341,6,C:\Users\VivoBook\Downloads\microproyecto2\microproyecto 2 porque wtf\src\hfl_v7-RN\Results\#6,global_weights_history_5.csv,global_round,2026-04-15 16:40:58,model.global_round,9,aggregate,server,60.0,0.0005359999999999809,0.0011680000000000024,0.0044959999999999445,0.004062999999999983,0.010262999999999911
10,16:41:56,0.983333,0.133821,0.295976,0.301686,0.559887,0.469398,6,C:\Users\VivoBook\Downloads\microproyecto2\microproyecto 2 porque wtf\src\hfl_v7-RN\Results\#6,global_weights_history_5.csv,global_round,2026-04-15 16:41:56,model.global_round,10,aggregate,server,58.0,1.4999999999987246e-05,0.004072999999999993,0.00575900000000007,0.0010569999999999746,0.010904000000000025
11,16:42:55,0.916667,0.227894,0.296107,0.298294,0.558136,0.470819,6,C:\Users\VivoBook\Downloads\microproyecto2\microproyecto 2 porque wtf\src\hfl_v7-RN\Results\#6,global_weights_history_5.csv,global_round,2026-04-15 16:42:55,model.global_round,11,aggregate,server,59.0,0.00013099999999999223,0.003392000000000006,0.001751000000000058,0.0014210000000000056,0.006695000000000062
12,16:43:54,0.983333,0.055132,0.296649,0.297872,0.558439,0.474033,6,C:\Users\VivoBook\Downloads\microproyecto2\microproyecto 2 porque wtf\src\hfl_v7-RN\Results\#6,global_weights_history_5.csv,global_round,2026-04-15 16:43:54,model.global_round,12,aggregate,server,59.0,0.0005419999999999869,0.00042199999999997795,0.0003030000000000532,0.0032139999999999946,0.004481000000000013
13,16:44:52,0.966667,0.069748,0.296958,0.297149,0.55682,0.477262,6,C:\Users\VivoBook\Downloads\microproyecto2\microproyecto 2 porque wtf\src\hfl_v7-RN\Results\#6,global_weights_history_5.csv,global_round,2026-04-15 16:44:52,model.global_round,13,aggregate,server,58.0,0.0003090000000000037,0.0007230000000000292,0.001619000000000037,0.0032290000000000374,0.005880000000000107
14,16:45:51,0.983333,0.059501,0.297781,0.301204,0.558331,0.480207,6,C:\Users\VivoBook\Downloads\microproyecto2\microproyecto 2 porque wtf\src\hfl_v7-RN\Results\#6,global_weights_history_5.csv,global_round,2026-04-15 16:45:51,model.global_round,14,aggregate,server,59.0,0.0008230000000000182,0.004055000000000031,0.00151100000000004,0.0029449999999999754,0.009334000000000064
15,16:46:50,0.966667,0.112095,0.29799,0.301554,0.5578,0.482173,6,C:\Users\VivoBook\Downloads\microproyecto2\microproyecto 2 porque wtf\src\hfl_v7-RN\Results\#6,global_weights_history_5.csv,global_round,2026-04-15 16:46:50,model.global_round,15,aggregate,server,59.0,0.00020899999999995922,0.00034999999999996145,0.0005310000000000592,0.0019660000000000233,0.003056000000000003
16,16:47:49,0.966667,0.131776,0.298682,0.302882,0.560203,0.484392,6,C:\Users\VivoBook\Downloads\microproyecto2\microproyecto 2 porque wtf\src\hfl_v7-RN\Results\#6,global_weights_history_5.csv,global_round,2026-04-15 16:47:49,model.global_round,16,aggregate,server,59.0,0.0006920000000000259,0.0013279999999999959,0.002403000000000044,0.002218999999999971,0.006642000000000037
17,16:48:48,0.95,0.176198,0.299182,0.302384,0.562997,0.484466,6,C:\Users\VivoBook\Downloads\microproyecto2\microproyecto 2 porque wtf\src\hfl_v7-RN\Results\#6,global_weights_history_5.csv,global_round,2026-04-15 16:48:48,model.global_round,17,aggregate,server,59.0,0.0005000000000000004,0.0004979999999999984,0.002793999999999963,7.40000000000185e-05,0.0038659999999999806
18,16:49:47,0.983333,0.07476,0.299573,0.298887,0.566557,0.485301,6,C:\Users\VivoBook\Downloads\microproyecto2\microproyecto 2 porque wtf\src\hfl_v7-RN\Results\#6,global_weights_history_5.csv,global_round,2026-04-15 16:49:47,model.global_round,18,aggregate,server,59.0,0.0003909999999999747,0.0034969999999999724,0.0035600000000000076,0.0008349999999999747,0.00828299999999993
19,16:50:46,0.966667,0.18198,0.299438,0.293202,0.570417,0.485618,6,C:\Users\VivoBook\Downloads\microproyecto2\microproyecto 2 porque wtf\src\hfl_v7-RN\Results\#6,global_weights_history_5.csv,global_round,2026-04-15 16:50:46,model.global_round,19,aggregate,server,59.0,0.00013499999999999623,0.005684999999999996,0.0038599999999999746,0.0003170000000000117,0.009996999999999978
20,16:51:44,0.916667,0.237888,0.298845,0.290659,0.572738,0.479677,6,C:\Users\VivoBook\Downloads\microproyecto2\microproyecto 2 porque wtf\src\hfl_v7-RN\Results\#6,global_weights_history_5.csv,global_round,2026-04-15 16:51:44,model.global_round,20,aggregate,server,58.0,0.0005929999999999547,0.0025430000000000175,0.0023210000000000175,0.005940999999999974,0.011397999999999964
1,16:59:29,0.8,0.684,0.28629,0.290266,0.541345,0.412711,7,C:\Users\VivoBook\Downloads\microproyecto2\microproyecto 2 porque wtf\src\hfl_v7-RN\Results\#7,global_weights_history_6.csv,global_round,2026-04-15 16:59:29,model.global_round,1,aggregate,server,,,,,,0.0
2,17:00:23,0.933333,0.247279,0.289536,0.293433,0.557537,0.429422,7,C:\Users\VivoBook\Downloads\microproyecto2\microproyecto 2 porque wtf\src\hfl_v7-RN\Results\#7,global_weights_history_6.csv,global_round,2026-04-15 17:00:23,model.global_round,2,aggregate,server,54.0,0.0032460000000000266,0.0031669999999999754,0.016191999999999984,0.01671100000000003,0.03931600000000002
3,17:01:23,0.95,0.130688,0.293168,0.300483,0.56784,0.438865,7,C:\Users\VivoBook\Downloads\microproyecto2\microproyecto 2 porque wtf\src\hfl_v7-RN\Results\#7,global_weights_history_6.csv,global_round,2026-04-15 17:01:23,model.global_round,3,aggregate,server,60.0,0.0036319999999999686,0.007050000000000001,0.010303000000000062,0.00944299999999998,0.03042800000000001
4,17:02:22,1.0,0.05397,0.295303,0.306371,0.574009,0.447043,7,C:\Users\VivoBook\Downloads\microproyecto2\microproyecto 2 porque wtf\src\hfl_v7-RN\Results\#7,global_weights_history_6.csv,global_round,2026-04-15 17:02:22,model.global_round,4,aggregate,server,59.0,0.002134999999999998,0.005888000000000004,0.00616899999999998,0.008178000000000019,0.02237
5,17:03:22,1.0,0.022362,0.296721,0.311771,0.578663,0.453427,7,C:\Users\VivoBook\Downloads\microproyecto2\microproyecto 2 porque wtf\src\hfl_v7-RN\Results\#7,global_weights_history_6.csv,global_round,2026-04-15 17:03:22,model.global_round,5,aggregate,server,60.0,0.0014180000000000303,0.005400000000000016,0.004654000000000047,0.006384000000000001,0.017856000000000094
6,17:04:27,0.983333,0.071513,0.298001,0.314492,0.582236,0.455349,7,C:\Users\VivoBook\Downloads\microproyecto2\microproyecto 2 porque wtf\src\hfl_v7-RN\Results\#7,global_weights_history_6.csv,global_round,2026-04-15 17:04:27,model.global_round,6,aggregate,server,65.0,0.0012800000000000034,0.0027209999999999734,0.0035729999999999373,0.0019219999999999793,0.009495999999999893
7,17:05:25,0.916667,0.213857,0.294084,0.306426,0.571334,0.449697,7,C:\Users\VivoBook\Downloads\microproyecto2\microproyecto 2 porque wtf\src\hfl_v7-RN\Results\#7,global_weights_history_6.csv,global_round,2026-04-15 17:05:25,model.global_round,7,aggregate,server,58.0,0.003917000000000004,0.008066000000000018,0.010901999999999967,0.00565199999999999,0.02853699999999998
8,17:06:24,0.916667,0.150267,0.294375,0.306382,0.567739,0.451358,7,C:\Users\VivoBook\Downloads\microproyecto2\microproyecto 2 porque wtf\src\hfl_v7-RN\Results\#7,global_weights_history_6.csv,global_round,2026-04-15 17:06:24,model.global_round,8,aggregate,server,59.0,0.0002909999999999857,4.399999999998849e-05,0.003595000000000015,0.001660999999999968,0.005590999999999957
9,17:07:23,0.933333,0.155353,0.295022,0.306937,0.568522,0.453153,7,C:\Users\VivoBook\Downloads\microproyecto2\microproyecto 2 porque wtf\src\hfl_v7-RN\Results\#7,global_weights_history_6.csv,global_round,2026-04-15 17:07:23,model.global_round,9,aggregate,server,59.0,0.0006470000000000087,0.0005550000000000277,0.0007829999999999782,0.001794999999999991,0.0037800000000000056
10,17:08:22,0.916667,0.140416,0.295015,0.305937,0.56766,0.457052,7,C:\Users\VivoBook\Downloads\microproyecto2\microproyecto 2 porque wtf\src\hfl_v7-RN\Results\#7,global_weights_history_6.csv,global_round,2026-04-15 17:08:22,model.global_round,10,aggregate,server,59.0,6.999999999979245e-06,0.0010000000000000009,0.0008619999999999184,0.0038990000000000413,0.00576799999999994
11,17:09:22,0.983333,0.097937,0.295105,0.305004,0.56889,0.456252,7,C:\Users\VivoBook\Downloads\microproyecto2\microproyecto 2 porque wtf\src\hfl_v7-RN\Results\#7,global_weights_history_6.csv,global_round,2026-04-15 17:09:22,model.global_round,11,aggregate,server,60.0,8.999999999997899e-05,0.0009330000000000171,0.0012299999999999534,0.0008000000000000229,0.0030529999999999724
12,17:10:21,1.0,0.023597,0.295524,0.307822,0.569186,0.457594,7,C:\Users\VivoBook\Downloads\microproyecto2\microproyecto 2 porque wtf\src\hfl_v7-RN\Results\#7,global_weights_history_6.csv,global_round,2026-04-15 17:10:21,model.global_round,12,aggregate,server,59.0,0.0004190000000000027,0.002817999999999987,0.00029599999999996296,0.0013420000000000099,0.004874999999999963
13,17:11:19,0.95,0.115079,0.296335,0.312209,0.571624,0.459997,7,C:\Users\VivoBook\Downloads\microproyecto2\microproyecto 2 porque wtf\src\hfl_v7-RN\Results\#7,global_weights_history_6.csv,global_round,2026-04-15 17:11:19,model.global_round,13,aggregate,server,58.0,0.0008110000000000062,0.00438700000000003,0.0024380000000000512,0.0024029999999999885,0.010039000000000076
14,17:12:19,1.0,0.02345,0.297015,0.312109,0.573624,0.463054,7,C:\Users\VivoBook\Downloads\microproyecto2\microproyecto 2 porque wtf\src\hfl_v7-RN\Results\#7,global_weights_history_6.csv,global_round,2026-04-15 17:12:19,model.global_round,14,aggregate,server,60.0,0.0006799999999999584,9.999999999998899e-05,0.0020000000000000018,0.003057000000000032,0.005836999999999981
15,17:13:18,0.95,0.113255,0.298014,0.316229,0.575716,0.465515,7,C:\Users\VivoBook\Downloads\microproyecto2\microproyecto 2 porque wtf\src\hfl_v7-RN\Results\#7,global_weights_history_6.csv,global_round,2026-04-15 17:13:18,model.global_round,15,aggregate,server,59.0,0.0009990000000000276,0.004119999999999957,0.0020919999999999828,0.002460999999999991,0.009671999999999958
16,17:14:18,0.983333,0.075394,0.299196,0.318813,0.576541,0.467661,7,C:\Users\VivoBook\Downloads\microproyecto2\microproyecto 2 porque wtf\src\hfl_v7-RN\Results\#7,global_weights_history_6.csv,global_round,2026-04-15 17:14:18,model.global_round,16,aggregate,server,60.0,0.0011820000000000164,0.0025840000000000307,0.0008249999999999647,0.0021459999999999813,0.006736999999999993
17,17:15:19,0.966667,0.119421,0.299876,0.311598,0.578793,0.464925,7,C:\Users\VivoBook\Downloads\microproyecto2\microproyecto 2 porque wtf\src\hfl_v7-RN\Results\#7,global_weights_history_6.csv,global_round,2026-04-15 17:15:19,model.global_round,17,aggregate,server,61.0,0.0006799999999999584,0.007215000000000027,0.0022520000000000318,0.002736000000000016,0.012883000000000033
18,17:16:18,0.966667,0.104582,0.299973,0.308976,0.582522,0.46911,7,C:\Users\VivoBook\Downloads\microproyecto2\microproyecto 2 porque wtf\src\hfl_v7-RN\Results\#7,global_weights_history_6.csv,global_round,2026-04-15 17:16:18,model.global_round,18,aggregate,server,59.0,9.700000000001374e-05,0.002622000000000013,0.0037289999999999823,0.00418500000000005,0.010633000000000059
19,17:17:19,0.95,0.113864,0.300805,0.310299,0.585905,0.474246,7,C:\Users\VivoBook\Downloads\microproyecto2\microproyecto 2 porque wtf\src\hfl_v7-RN\Results\#7,global_weights_history_6.csv,global_round,2026-04-15 17:17:19,model.global_round,19,aggregate,server,61.0,0.0008319999999999994,0.0013230000000000186,0.003383000000000025,0.005135999999999974,0.010674000000000017
20,17:18:19,0.966667,0.151863,0.301179,0.310335,0.587734,0.482371,7,C:\Users\VivoBook\Downloads\microproyecto2\microproyecto 2 porque wtf\src\hfl_v7-RN\Results\#7,global_weights_history_6.csv,global_round,2026-04-15 17:18:19,model.global_round,20,aggregate,server,60.0,0.00037399999999998546,3.6000000000036e-05,0.0018289999999999695,0.008124999999999993,0.010363999999999984
1,17:24:02,0.783333,0.801066,0.287752,0.29142,0.543978,0.409817,8,C:\Users\VivoBook\Downloads\microproyecto2\microproyecto 2 porque wtf\src\hfl_v7-RN\Results\#8,global_weights_history_7.csv,global_round,2026-04-15 17:24:02,model.global_round,1,aggregate,server,,,,,,0.0
2,17:24:56,0.966667,0.132952,0.290409,0.29573,0.561473,0.42355,8,C:\Users\VivoBook\Downloads\microproyecto2\microproyecto 2 porque wtf\src\hfl_v7-RN\Results\#8,global_weights_history_7.csv,global_round,2026-04-15 17:24:56,model.global_round,2,aggregate,server,54.0,0.002656999999999965,0.0043099999999999805,0.01749500000000004,0.013732999999999995,0.03819499999999998
3,17:25:56,1.0,0.047946,0.294311,0.306617,0.57031,0.43712,8,C:\Users\VivoBook\Downloads\microproyecto2\microproyecto 2 porque wtf\src\hfl_v7-RN\Results\#8,global_weights_history_7.csv,global_round,2026-04-15 17:25:56,model.global_round,3,aggregate,server,60.0,0.0039020000000000166,0.01088699999999998,0.008836999999999984,0.013570000000000026,0.03719600000000001
4,17:26:55,1.0,0.028006,0.29658,0.312339,0.575282,0.445176,8,C:\Users\VivoBook\Downloads\microproyecto2\microproyecto 2 porque wtf\src\hfl_v7-RN\Results\#8,global_weights_history_7.csv,global_round,2026-04-15 17:26:55,model.global_round,4,aggregate,server,59.0,0.002269000000000021,0.005722000000000005,0.0049719999999999764,0.008056000000000008,0.02101900000000001
5,17:27:58,1.0,0.012422,0.298398,0.316205,0.580295,0.450795,8,C:\Users\VivoBook\Downloads\microproyecto2\microproyecto 2 porque wtf\src\hfl_v7-RN\Results\#8,global_weights_history_7.csv,global_round,2026-04-15 17:27:58,model.global_round,5,aggregate,server,63.0,0.0018179999999999863,0.003866000000000036,0.005013000000000045,0.005618999999999985,0.016316000000000053
6,17:28:57,0.883333,0.375871,0.292446,0.31075,0.563132,0.445566,8,C:\Users\VivoBook\Downloads\microproyecto2\microproyecto 2 porque wtf\src\hfl_v7-RN\Results\#8,global_weights_history_7.csv,global_round,2026-04-15 17:28:57,model.global_round,6,aggregate,server,59.0,0.005952000000000013,0.005454999999999988,0.01716300000000004,0.005228999999999984,0.03379900000000002
7,17:29:56,0.983333,0.093956,0.291059,0.31255,0.5598,0.447362,8,C:\Users\VivoBook\Downloads\microproyecto2\microproyecto 2 porque wtf\src\hfl_v7-RN\Results\#8,global_weights_history_7.csv,global_round,2026-04-15 17:29:56,model.global_round,7,aggregate,server,59.0,0.0013869999999999716,0.0017999999999999683,0.0033320000000000016,0.0017959999999999643,0.008314999999999906
8,17:30:55,0.95,0.10189,0.290891,0.318526,0.561403,0.448508,8,C:\Users\VivoBook\Downloads\microproyecto2\microproyecto 2 porque wtf\src\hfl_v7-RN\Results\#8,global_weights_history_7.csv,global_round,2026-04-15 17:30:55,model.global_round,8,aggregate,server,59.0,0.00016800000000000148,0.005975999999999981,0.001603000000000021,0.0011460000000000359,0.00889300000000004
9,17:31:54,0.95,0.141639,0.292237,0.321099,0.563408,0.451129,8,C:\Users\VivoBook\Downloads\microproyecto2\microproyecto 2 porque wtf\src\hfl_v7-RN\Results\#8,global_weights_history_7.csv,global_round,2026-04-15 17:31:54,model.global_round,9,aggregate,server,59.0,0.0013460000000000139,0.0025730000000000475,0.0020050000000000345,0.0026209999999999845,0.00854500000000008
10,17:32:59,0.916667,0.243116,0.293418,0.317993,0.566637,0.449459,8,C:\Users\VivoBook\Downloads\microproyecto2\microproyecto 2 porque wtf\src\hfl_v7-RN\Results\#8,global_weights_history_7.csv,global_round,2026-04-15 17:32:59,model.global_round,10,aggregate,server,65.0,0.0011809999999999876,0.0031059999999999977,0.0032289999999999264,0.0016700000000000048,0.009185999999999916
11,17:33:59,0.933333,0.153539,0.293342,0.315386,0.567262,0.449883,8,C:\Users\VivoBook\Downloads\microproyecto2\microproyecto 2 porque wtf\src\hfl_v7-RN\Results\#8,global_weights_history_7.csv,global_round,2026-04-15 17:33:59,model.global_round,11,aggregate,server,60.0,7.60000000000205e-05,0.002607000000000026,0.0006250000000000977,0.00042399999999997995,0.003732000000000124
12,17:35:00,0.966667,0.114245,0.293876,0.315533,0.568778,0.452352,8,C:\Users\VivoBook\Downloads\microproyecto2\microproyecto 2 porque wtf\src\hfl_v7-RN\Results\#8,global_weights_history_7.csv,global_round,2026-04-15 17:35:00,model.global_round,12,aggregate,server,61.0,0.0005340000000000344,0.00014700000000000824,0.0015159999999999618,0.002468999999999999,0.0046660000000000035
13,17:36:01,0.9,0.167055,0.294627,0.317603,0.570153,0.456091,8,C:\Users\VivoBook\Downloads\microproyecto2\microproyecto 2 porque wtf\src\hfl_v7-RN\Results\#8,global_weights_history_7.csv,global_round,2026-04-15 17:36:01,model.global_round,13,aggregate,server,61.0,0.0007509999999999462,0.0020700000000000163,0.001375000000000015,0.003739000000000048,0.007935000000000025
14,17:37:03,0.983333,0.062423,0.294816,0.318314,0.564176,0.458749,8,C:\Users\VivoBook\Downloads\microproyecto2\microproyecto 2 porque wtf\src\hfl_v7-RN\Results\#8,global_weights_history_7.csv,global_round,2026-04-15 17:37:03,model.global_round,14,aggregate,server,62.0,0.00018900000000005024,0.0007109999999999617,0.00597700000000001,0.0026579999999999937,0.009535000000000016
15,17:38:02,0.966667,0.094135,0.295274,0.320315,0.563621,0.461755,8,C:\Users\VivoBook\Downloads\microproyecto2\microproyecto 2 porque wtf\src\hfl_v7-RN\Results\#8,global_weights_history_7.csv,global_round,2026-04-15 17:38:02,model.global_round,15,aggregate,server,59.0,0.00045799999999995844,0.0020010000000000305,0.0005549999999999722,0.0030060000000000087,0.00601999999999997
16,17:39:01,0.983333,0.052529,0.29577,0.324809,0.564961,0.465382,8,C:\Users\VivoBook\Downloads\microproyecto2\microproyecto 2 porque wtf\src\hfl_v7-RN\Results\#8,global_weights_history_7.csv,global_round,2026-04-15 17:39:01,model.global_round,16,aggregate,server,59.0,0.0004959999999999964,0.004493999999999998,0.0013400000000000079,0.0036269999999999913,0.009956999999999994
17,17:39:59,1.0,0.013581,0.297151,0.328204,0.567134,0.47023,8,C:\Users\VivoBook\Downloads\microproyecto2\microproyecto 2 porque wtf\src\hfl_v7-RN\Results\#8,global_weights_history_7.csv,global_round,2026-04-15 17:39:59,model.global_round,17,aggregate,server,58.0,0.001381000000000021,0.0033949999999999814,0.0021729999999999805,0.0048479999999999634,0.011796999999999946
18,17:40:58,0.933333,0.123744,0.298412,0.329765,0.567874,0.473574,8,C:\Users\VivoBook\Downloads\microproyecto2\microproyecto 2 porque wtf\src\hfl_v7-RN\Results\#8,global_weights_history_7.csv,global_round,2026-04-15 17:40:58,model.global_round,18,aggregate,server,59.0,0.0012610000000000121,0.001560999999999979,0.0007399999999999629,0.0033440000000000136,0.006905999999999968
19,17:41:57,0.966667,0.107467,0.298662,0.323869,0.570641,0.471167,8,C:\Users\VivoBook\Downloads\microproyecto2\microproyecto 2 porque wtf\src\hfl_v7-RN\Results\#8,global_weights_history_7.csv,global_round,2026-04-15 17:41:57,model.global_round,19,aggregate,server,59.0,0.00024999999999997247,0.005895999999999957,0.002766999999999964,0.0024069999999999925,0.011319999999999886
20,17:42:56,0.95,0.151913,0.299321,0.324661,0.574506,0.473727,8,C:\Users\VivoBook\Downloads\microproyecto2\microproyecto 2 porque wtf\src\hfl_v7-RN\Results\#8,global_weights_history_7.csv,global_round,2026-04-15 17:42:56,model.global_round,20,aggregate,server,59.0,0.0006590000000000207,0.0007919999999999594,0.0038650000000000073,0.0025600000000000067,0.007875999999999994
1,17:49:44,0.8,0.558471,0.288657,0.292287,0.54239,0.40808,9,C:\Users\VivoBook\Downloads\microproyecto2\microproyecto 2 porque wtf\src\hfl_v7-RN\Results\#9,global_weights_history_8.csv,global_round,2026-04-15 17:49:44,model.global_round,1,aggregate,server,,,,,,0.0
2,17:50:37,0.966667,0.140777,0.293921,0.29609,0.557061,0.426495,9,C:\Users\VivoBook\Downloads\microproyecto2\microproyecto 2 porque wtf\src\hfl_v7-RN\Results\#9,global_weights_history_8.csv,global_round,2026-04-15 17:50:37,model.global_round,2,aggregate,server,53.0,0.005263999999999991,0.003803000000000001,0.01467099999999999,0.018415000000000015,0.042152999999999996
3,17:51:37,1.0,0.039211,0.297037,0.305357,0.564498,0.439899,9,C:\Users\VivoBook\Downloads\microproyecto2\microproyecto 2 porque wtf\src\hfl_v7-RN\Results\#9,global_weights_history_8.csv,global_round,2026-04-15 17:51:37,model.global_round,3,aggregate,server,60.0,0.0031160000000000077,0.00926699999999997,0.007437000000000027,0.013403999999999971,0.033223999999999976
4,17:52:36,1.0,0.024904,0.298946,0.310883,0.56961,0.447431,9,C:\Users\VivoBook\Downloads\microproyecto2\microproyecto 2 porque wtf\src\hfl_v7-RN\Results\#9,global_weights_history_8.csv,global_round,2026-04-15 17:52:36,model.global_round,4,aggregate,server,59.0,0.001908999999999994,0.005526000000000031,0.005111999999999894,0.007532000000000039,0.020078999999999958
5,17:53:42,0.983333,0.135768,0.29839,0.312233,0.566731,0.452656,9,C:\Users\VivoBook\Downloads\microproyecto2\microproyecto 2 porque wtf\src\hfl_v7-RN\Results\#9,global_weights_history_8.csv,global_round,2026-04-15 17:53:42,model.global_round,5,aggregate,server,66.0,0.0005560000000000009,0.0013499999999999623,0.002878999999999965,0.00522499999999998,0.010009999999999908
6,17:54:40,0.8,0.492693,0.290895,0.300878,0.547329,0.43987,9,C:\Users\VivoBook\Downloads\microproyecto2\microproyecto 2 porque wtf\src\hfl_v7-RN\Results\#9,global_weights_history_8.csv,global_round,2026-04-15 17:54:40,model.global_round,6,aggregate,server,58.0,0.007494999999999974,0.011355000000000004,0.01940200000000003,0.01278600000000002,0.05103800000000003
7,17:55:40,0.883333,0.287913,0.289294,0.300174,0.536179,0.436275,9,C:\Users\VivoBook\Downloads\microproyecto2\microproyecto 2 porque wtf\src\hfl_v7-RN\Results\#9,global_weights_history_8.csv,global_round,2026-04-15 17:55:40,model.global_round,7,aggregate,server,60.0,0.001601000000000019,0.0007039999999999824,0.011149999999999993,0.0035949999999999593,0.017049999999999954
8,17:56:41,0.9,0.256608,0.288525,0.300721,0.532105,0.438657,9,C:\Users\VivoBook\Downloads\microproyecto2\microproyecto 2 porque wtf\src\hfl_v7-RN\Results\#9,global_weights_history_8.csv,global_round,2026-04-15 17:56:41,model.global_round,8,aggregate,server,61.0,0.0007690000000000197,0.0005470000000000197,0.004073999999999911,0.0023819999999999952,0.007771999999999946
9,17:57:40,0.85,0.295224,0.288402,0.296943,0.529922,0.443754,9,C:\Users\VivoBook\Downloads\microproyecto2\microproyecto 2 porque wtf\src\hfl_v7-RN\Results\#9,global_weights_history_8.csv,global_round,2026-04-15 17:57:40,model.global_round,9,aggregate,server,59.0,0.00012299999999998423,0.0037780000000000036,0.002183000000000046,0.005096999999999963,0.011180999999999996
10,17:58:40,0.866667,0.353417,0.289333,0.29048,0.530424,0.450428,9,C:\Users\VivoBook\Downloads\microproyecto2\microproyecto 2 porque wtf\src\hfl_v7-RN\Results\#9,global_weights_history_8.csv,global_round,2026-04-15 17:58:40,model.global_round,10,aggregate,server,60.0,0.0009310000000000151,0.0064629999999999965,0.0005020000000000024,0.006674000000000013,0.014570000000000027
11,17:59:39,0.833333,0.335582,0.2902,0.286114,0.531261,0.45597,9,C:\Users\VivoBook\Downloads\microproyecto2\microproyecto 2 porque wtf\src\hfl_v7-RN\Results\#9,global_weights_history_8.csv,global_round,2026-04-15 17:59:39,model.global_round,11,aggregate,server,59.0,0.0008670000000000067,0.0043660000000000365,0.0008369999999999767,0.005541999999999991,0.011612000000000011
12,18:00:38,0.866667,0.269349,0.289665,0.285368,0.525181,0.459408,9,C:\Users\VivoBook\Downloads\microproyecto2\microproyecto 2 porque wtf\src\hfl_v7-RN\Results\#9,global_weights_history_8.csv,global_round,2026-04-15 18:00:38,model.global_round,12,aggregate,server,59.0,0.0005350000000000077,0.0007459999999999689,0.006079999999999974,0.0034379999999999966,0.010798999999999948
13,18:01:38,0.966667,0.116645,0.290641,0.277249,0.52477,0.463548,9,C:\Users\VivoBook\Downloads\microproyecto2\microproyecto 2 porque wtf\src\hfl_v7-RN\Results\#9,global_weights_history_8.csv,global_round,2026-04-15 18:01:38,model.global_round,13,aggregate,server,60.0,0.0009759999999999769,0.008118999999999987,0.0004110000000000502,0.0041400000000000325,0.013646000000000047
14,18:02:37,0.95,0.206365,0.290886,0.275282,0.525133,0.468658,9,C:\Users\VivoBook\Downloads\microproyecto2\microproyecto 2 porque wtf\src\hfl_v7-RN\Results\#9,global_weights_history_8.csv,global_round,2026-04-15 18:02:37,model.global_round,14,aggregate,server,59.0,0.0002449999999999952,0.0019669999999999965,0.0003630000000000022,0.005110000000000003,0.007684999999999997
15,18:03:36,0.966667,0.134026,0.290639,0.277926,0.524851,0.471884,9,C:\Users\VivoBook\Downloads\microproyecto2\microproyecto 2 porque wtf\src\hfl_v7-RN\Results\#9,global_weights_history_8.csv,global_round,2026-04-15 18:03:36,model.global_round,15,aggregate,server,59.0,0.0002469999999999972,0.0026439999999999797,0.00028200000000000447,0.0032260000000000066,0.006398999999999988
16,18:04:35,0.933333,0.176438,0.291462,0.280342,0.52639,0.475408,9,C:\Users\VivoBook\Downloads\microproyecto2\microproyecto 2 porque wtf\src\hfl_v7-RN\Results\#9,global_weights_history_8.csv,global_round,2026-04-15 18:04:35,model.global_round,16,aggregate,server,59.0,0.0008230000000000182,0.0024159999999999737,0.001539000000000068,0.0035239999999999716,0.008302000000000032
17,18:05:34,0.8,0.413783,0.291955,0.276617,0.53046,0.475422,9,C:\Users\VivoBook\Downloads\microproyecto2\microproyecto 2 porque wtf\src\hfl_v7-RN\Results\#9,global_weights_history_8.csv,global_round,2026-04-15 18:05:34,model.global_round,17,aggregate,server,59.0,0.0004930000000000212,0.0037249999999999783,0.004070000000000018,1.4000000000014001e-05,0.008302000000000032
18,18:06:33,0.95,0.180033,0.291353,0.27255,0.531704,0.47425,9,C:\Users\VivoBook\Downloads\microproyecto2\microproyecto 2 porque wtf\src\hfl_v7-RN\Results\#9,global_weights_history_8.csv,global_round,2026-04-15 18:06:33,model.global_round,18,aggregate,server,59.0,0.0006020000000000469,0.004066999999999987,0.0012439999999999118,0.0011720000000000064,0.0070849999999999524
19,18:07:33,0.933333,0.196686,0.290369,0.272433,0.534747,0.472232,9,C:\Users\VivoBook\Downloads\microproyecto2\microproyecto 2 porque wtf\src\hfl_v7-RN\Results\#9,global_weights_history_8.csv,global_round,2026-04-15 18:07:33,model.global_round,19,aggregate,server,60.0,0.0009839999999999849,0.00011700000000003374,0.003043000000000018,0.0020180000000000198,0.006162000000000056
20,18:08:32,0.933333,0.178108,0.290633,0.265012,0.532505,0.474873,9,C:\Users\VivoBook\Downloads\microproyecto2\microproyecto 2 porque wtf\src\hfl_v7-RN\Results\#9,global_weights_history_8.csv,global_round,2026-04-15 18:08:32,model.global_round,20,aggregate,server,59.0,0.00026399999999998647,0.007420999999999955,0.0022419999999999662,0.0026410000000000045,0.012567999999999913
1,18:15:59,0.766667,0.716873,0.289522,0.292051,0.540919,0.409526,10,C:\Users\VivoBook\Downloads\microproyecto2\microproyecto 2 porque wtf\src\hfl_v7-RN\Results\#10,global_weights_history_9.csv,global_round,2026-04-15 18:15:59,model.global_round,1,aggregate,server,,,,,,0.0
2,18:16:53,0.966667,0.140104,0.293115,0.296928,0.554844,0.425787,10,C:\Users\VivoBook\Downloads\microproyecto2\microproyecto 2 porque wtf\src\hfl_v7-RN\Results\#10,global_weights_history_9.csv,global_round,2026-04-15 18:16:53,model.global_round,2,aggregate,server,54.0,0.003593000000000013,0.00487700000000002,0.013924999999999965,0.016261000000000025,0.038656000000000024
3,18:17:53,1.0,0.037189,0.297042,0.307292,0.563961,0.441028,10,C:\Users\VivoBook\Downloads\microproyecto2\microproyecto 2 porque wtf\src\hfl_v7-RN\Results\#10,global_weights_history_9.csv,global_round,2026-04-15 18:17:53,model.global_round,3,aggregate,server,60.0,0.003926999999999958,0.010363999999999984,0.009117000000000042,0.015240999999999949,0.03864899999999993
4,18:18:51,1.0,0.016519,0.3001,0.31195,0.571498,0.450025,10,C:\Users\VivoBook\Downloads\microproyecto2\microproyecto 2 porque wtf\src\hfl_v7-RN\Results\#10,global_weights_history_9.csv,global_round,2026-04-15 18:18:51,model.global_round,4,aggregate,server,58.0,0.003058000000000005,0.0046579999999999955,0.007536999999999905,0.008997000000000033,0.02424999999999994
5,18:19:50,1.0,0.015542,0.302098,0.318584,0.576711,0.45525,10,C:\Users\VivoBook\Downloads\microproyecto2\microproyecto 2 porque wtf\src\hfl_v7-RN\Results\#10,global_weights_history_9.csv,global_round,2026-04-15 18:19:50,model.global_round,5,aggregate,server,59.0,0.0019979999999999998,0.006633999999999973,0.005213000000000023,0.00522499999999998,0.019069999999999976
6,18:20:49,1.0,0.009494,0.303174,0.323408,0.579545,0.458393,10,C:\Users\VivoBook\Downloads\microproyecto2\microproyecto 2 porque wtf\src\hfl_v7-RN\Results\#10,global_weights_history_9.csv,global_round,2026-04-15 18:20:49,model.global_round,6,aggregate,server,59.0,0.0010760000000000214,0.004823999999999995,0.002834000000000003,0.003143000000000007,0.011877000000000026
7,18:21:54,0.983333,0.111128,0.301722,0.317977,0.573791,0.460998,10,C:\Users\VivoBook\Downloads\microproyecto2\microproyecto 2 porque wtf\src\hfl_v7-RN\Results\#10,global_weights_history_9.csv,global_round,2026-04-15 18:21:54,model.global_round,7,aggregate,server,65.0,0.0014520000000000088,0.005430999999999964,0.005753999999999926,0.002605000000000024,0.015241999999999922
8,18:22:53,0.85,0.433231,0.292267,0.301669,0.546915,0.442942,10,C:\Users\VivoBook\Downloads\microproyecto2\microproyecto 2 porque wtf\src\hfl_v7-RN\Results\#10,global_weights_history_9.csv,global_round,2026-04-15 18:22:53,model.global_round,8,aggregate,server,59.0,0.009454999999999991,0.01630799999999999,0.02687600000000001,0.018056000000000016,0.07069500000000001
9,18:23:52,0.883333,0.37669,0.289169,0.288774,0.54307,0.436605,10,C:\Users\VivoBook\Downloads\microproyecto2\microproyecto 2 porque wtf\src\hfl_v7-RN\Results\#10,global_weights_history_9.csv,global_round,2026-04-15 18:23:52,model.global_round,9,aggregate,server,59.0,0.0030979999999999897,0.012895000000000045,0.0038449999999999873,0.0063369999999999815,0.026175000000000004
10,18:24:51,0.866667,0.425706,0.288379,0.290679,0.536432,0.441932,10,C:\Users\VivoBook\Downloads\microproyecto2\microproyecto 2 porque wtf\src\hfl_v7-RN\Results\#10,global_weights_history_9.csv,global_round,2026-04-15 18:24:51,model.global_round,10,aggregate,server,59.0,0.0007900000000000129,0.0019050000000000455,0.006638000000000033,0.005326999999999971,0.014660000000000062
11,18:25:50,0.85,0.323838,0.287489,0.282784,0.522886,0.447355,10,C:\Users\VivoBook\Downloads\microproyecto2\microproyecto 2 porque wtf\src\hfl_v7-RN\Results\#10,global_weights_history_9.csv,global_round,2026-04-15 18:25:50,model.global_round,11,aggregate,server,59.0,0.0008900000000000019,0.007895000000000041,0.013546000000000058,0.005423000000000011,0.027754000000000112
12,18:26:49,0.933333,0.186699,0.287973,0.286204,0.519452,0.45504,10,C:\Users\VivoBook\Downloads\microproyecto2\microproyecto 2 porque wtf\src\hfl_v7-RN\Results\#10,global_weights_history_9.csv,global_round,2026-04-15 18:26:49,model.global_round,12,aggregate,server,59.0,0.00048399999999998444,0.003420000000000034,0.003433999999999937,0.007684999999999997,0.015022999999999953
13,18:27:48,0.85,0.288288,0.288239,0.285236,0.519241,0.460709,10,C:\Users\VivoBook\Downloads\microproyecto2\microproyecto 2 porque wtf\src\hfl_v7-RN\Results\#10,global_weights_history_9.csv,global_round,2026-04-15 18:27:48,model.global_round,13,aggregate,server,59.0,0.000266000000000044,0.0009680000000000244,0.00021100000000007224,0.00566899999999998,0.00711400000000012
14,18:28:49,0.916667,0.21706,0.288728,0.285937,0.519346,0.464721,10,C:\Users\VivoBook\Downloads\microproyecto2\microproyecto 2 porque wtf\src\hfl_v7-RN\Results\#10,global_weights_history_9.csv,global_round,2026-04-15 18:28:49,model.global_round,14,aggregate,server,61.0,0.0004889999999999617,0.0007010000000000072,0.00010500000000002174,0.0040120000000000156,0.005307000000000006
15,18:29:48,0.883333,0.224941,0.290547,0.283087,0.518796,0.467149,10,C:\Users\VivoBook\Downloads\microproyecto2\microproyecto 2 porque wtf\src\hfl_v7-RN\Results\#10,global_weights_history_9.csv,global_round,2026-04-15 18:29:48,model.global_round,15,aggregate,server,59.0,0.001819000000000015,0.002850000000000019,0.0005499999999999394,0.0024279999999999857,0.007646999999999959
16,18:30:49,0.916667,0.278612,0.291154,0.282355,0.519069,0.46797,10,C:\Users\VivoBook\Downloads\microproyecto2\microproyecto 2 porque wtf\src\hfl_v7-RN\Results\#10,global_weights_history_9.csv,global_round,2026-04-15 18:30:49,model.global_round,16,aggregate,server,61.0,0.0006070000000000242,0.0007319999999999549,0.0002729999999999677,0.0008210000000000162,0.002432999999999963
17,18:31:51,0.933333,0.260793,0.292422,0.28274,0.518347,0.472348,10,C:\Users\VivoBook\Downloads\microproyecto2\microproyecto 2 porque wtf\src\hfl_v7-RN\Results\#10,global_weights_history_9.csv,global_round,2026-04-15 18:31:51,model.global_round,17,aggregate,server,62.0,0.0012679999999999914,0.0003849999999999687,0.0007220000000000004,0.004377999999999993,0.0067529999999999535
18,18:32:51,0.883333,0.238404,0.291335,0.279867,0.517161,0.472158,10,C:\Users\VivoBook\Downloads\microproyecto2\microproyecto 2 porque wtf\src\hfl_v7-RN\Results\#10,global_weights_history_9.csv,global_round,2026-04-15 18:32:51,model.global_round,18,aggregate,server,60.0,0.0010870000000000046,0.0028730000000000144,0.0011860000000000204,0.00018999999999996797,0.005336000000000007
19,18:33:50,0.9,0.210023,0.291748,0.278483,0.517165,0.478227,10,C:\Users\VivoBook\Downloads\microproyecto2\microproyecto 2 porque wtf\src\hfl_v7-RN\Results\#10,global_weights_history_9.csv,global_round,2026-04-15 18:33:50,model.global_round,19,aggregate,server,59.0,0.0004129999999999967,0.0013839999999999963,4.000000000004e-06,0.006068999999999991,0.007869999999999988
20,18:34:49,0.933333,0.139853,0.293376,0.280735,0.519042,0.483878,10,C:\Users\VivoBook\Downloads\microproyecto2\microproyecto 2 porque wtf\src\hfl_v7-RN\Results\#10,global_weights_history_9.csv,global_round,2026-04-15 18:34:49,model.global_round,20,aggregate,server,59.0,0.0016280000000000183,0.0022520000000000318,0.0018770000000000175,0.005650999999999962,0.01140800000000003
1,18:40:42,0.75,0.906604,0.288574,0.291733,0.540995,0.41006,11,C:\Users\VivoBook\Downloads\microproyecto2\microproyecto 2 porque wtf\src\hfl_v7-RN\Results\#11,global_weights_history_10.csv,global_round,2026-04-15 18:40:42,model.global_round,1,aggregate,server,,,,,,0.0
2,18:41:35,0.95,0.158162,0.292321,0.295371,0.554168,0.42658,11,C:\Users\VivoBook\Downloads\microproyecto2\microproyecto 2 porque wtf\src\hfl_v7-RN\Results\#11,global_weights_history_10.csv,global_round,2026-04-15 18:41:35,model.global_round,2,aggregate,server,53.0,0.0037470000000000003,0.0036379999999999746,0.01317299999999999,0.016520000000000035,0.037078
3,18:42:37,0.983333,0.062502,0.29583,0.306252,0.5637,0.43717,11,C:\Users\VivoBook\Downloads\microproyecto2\microproyecto 2 porque wtf\src\hfl_v7-RN\Results\#11,global_weights_history_10.csv,global_round,2026-04-15 18:42:37,model.global_round,3,aggregate,server,62.0,0.0035089999999999844,0.01088100000000003,0.009531999999999985,0.010589999999999988,0.03451199999999999
4,18:43:36,1.0,0.022675,0.298063,0.312403,0.570028,0.446557,11,C:\Users\VivoBook\Downloads\microproyecto2\microproyecto 2 porque wtf\src\hfl_v7-RN\Results\#11,global_weights_history_10.csv,global_round,2026-04-15 18:43:36,model.global_round,4,aggregate,server,59.0,0.0022330000000000405,0.006150999999999962,0.006328,0.009386999999999979,0.02409899999999998
5,18:44:44,1.0,0.012399,0.299368,0.317495,0.574334,0.451123,11,C:\Users\VivoBook\Downloads\microproyecto2\microproyecto 2 porque wtf\src\hfl_v7-RN\Results\#11,global_weights_history_10.csv,global_round,2026-04-15 18:44:44,model.global_round,5,aggregate,server,68.0,0.0013050000000000006,0.005092000000000041,0.004306000000000032,0.0045660000000000145,0.015269000000000088
6,18:45:43,0.9,0.242563,0.29642,0.313124,0.559022,0.449948,11,C:\Users\VivoBook\Downloads\microproyecto2\microproyecto 2 porque wtf\src\hfl_v7-RN\Results\#11,global_weights_history_10.csv,global_round,2026-04-15 18:45:43,model.global_round,6,aggregate,server,59.0,0.002948000000000006,0.004371000000000014,0.015311999999999992,0.0011749999999999816,0.023805999999999994
7,18:46:42,0.95,0.183978,0.295405,0.309577,0.549455,0.452527,11,C:\Users\VivoBook\Downloads\microproyecto2\microproyecto 2 porque wtf\src\hfl_v7-RN\Results\#11,global_weights_history_10.csv,global_round,2026-04-15 18:46:42,model.global_round,7,aggregate,server,59.0,0.0010150000000000436,0.0035470000000000224,0.009566999999999992,0.002578999999999998,0.016708000000000056
8,18:47:41,0.9,0.254117,0.294932,0.306162,0.549052,0.454881,11,C:\Users\VivoBook\Downloads\microproyecto2\microproyecto 2 porque wtf\src\hfl_v7-RN\Results\#11,global_weights_history_10.csv,global_round,2026-04-15 18:47:41,model.global_round,8,aggregate,server,59.0,0.0004729999999999457,0.0034150000000000014,0.0004030000000000422,0.0023539999999999672,0.0066449999999999565
9,18:48:40,0.966667,0.118733,0.294275,0.304943,0.538166,0.457676,11,C:\Users\VivoBook\Downloads\microproyecto2\microproyecto 2 porque wtf\src\hfl_v7-RN\Results\#11,global_weights_history_10.csv,global_round,2026-04-15 18:48:40,model.global_round,9,aggregate,server,59.0,0.0006570000000000187,0.00121899999999997,0.010885999999999951,0.0027950000000000474,0.015556999999999988
10,18:49:39,0.966667,0.122137,0.294311,0.310791,0.536597,0.463012,11,C:\Users\VivoBook\Downloads\microproyecto2\microproyecto 2 porque wtf\src\hfl_v7-RN\Results\#11,global_weights_history_10.csv,global_round,2026-04-15 18:49:39,model.global_round,10,aggregate,server,59.0,3.599999999998049e-05,0.005847999999999964,0.0015690000000000426,0.005335999999999952,0.01278899999999994
11,18:50:37,0.9,0.238231,0.294509,0.307337,0.53893,0.466877,11,C:\Users\VivoBook\Downloads\microproyecto2\microproyecto 2 porque wtf\src\hfl_v7-RN\Results\#11,global_weights_history_10.csv,global_round,2026-04-15 18:50:37,model.global_round,11,aggregate,server,58.0,0.00019800000000003148,0.003453999999999957,0.0023330000000000295,0.0038650000000000073,0.009850000000000025
12,18:51:36,0.933333,0.184959,0.294214,0.308257,0.539052,0.46931,11,C:\Users\VivoBook\Downloads\microproyecto2\microproyecto 2 porque wtf\src\hfl_v7-RN\Results\#11,global_weights_history_10.csv,global_round,2026-04-15 18:51:36,model.global_round,12,aggregate,server,59.0,0.0002950000000000452,0.0009199999999999764,0.00012199999999995548,0.0024330000000000185,0.0037699999999999956
13,18:52:36,0.883333,0.174798,0.293959,0.302752,0.540146,0.468068,11,C:\Users\VivoBook\Downloads\microproyecto2\microproyecto 2 porque wtf\src\hfl_v7-RN\Results\#11,global_weights_history_10.csv,global_round,2026-04-15 18:52:36,model.global_round,13,aggregate,server,60.0,0.0002549999999999497,0.005504999999999982,0.0010940000000000394,0.0012420000000000209,0.008095999999999992
14,18:53:35,0.95,0.115257,0.294708,0.304459,0.541055,0.471781,11,C:\Users\VivoBook\Downloads\microproyecto2\microproyecto 2 porque wtf\src\hfl_v7-RN\Results\#11,global_weights_history_10.csv,global_round,2026-04-15 18:53:35,model.global_round,14,aggregate,server,59.0,0.0007489999999999997,0.0017069999999999586,0.0009089999999999376,0.003713000000000022,0.007077999999999918
15,18:54:34,0.916667,0.150432,0.295674,0.308001,0.54125,0.475642,11,C:\Users\VivoBook\Downloads\microproyecto2\microproyecto 2 porque wtf\src\hfl_v7-RN\Results\#11,global_weights_history_10.csv,global_round,2026-04-15 18:54:34,model.global_round,15,aggregate,server,59.0,0.0009659999999999669,0.003542000000000045,0.00019500000000005624,0.0038610000000000033,0.008564000000000072
16,18:55:32,0.916667,0.15957,0.296278,0.309255,0.542298,0.478637,11,C:\Users\VivoBook\Downloads\microproyecto2\microproyecto 2 porque wtf\src\hfl_v7-RN\Results\#11,global_weights_history_10.csv,global_round,2026-04-15 18:55:32,model.global_round,16,aggregate,server,58.0,0.0006039999999999934,0.0012539999999999774,0.0010479999999999379,0.00299499999999997,0.0059009999999998786
17,18:56:31,0.916667,0.141149,0.296808,0.30814,0.544766,0.483352,11,C:\Users\VivoBook\Downloads\microproyecto2\microproyecto 2 porque wtf\src\hfl_v7-RN\Results\#11,global_weights_history_10.csv,global_round,2026-04-15 18:56:31,model.global_round,17,aggregate,server,59.0,0.0005300000000000304,0.0011149999999999771,0.0024680000000000257,0.004715000000000025,0.008828000000000058
18,18:57:29,0.933333,0.14123,0.296781,0.310816,0.544545,0.489276,11,C:\Users\VivoBook\Downloads\microproyecto2\microproyecto 2 porque wtf\src\hfl_v7-RN\Results\#11,global_weights_history_10.csv,global_round,2026-04-15 18:57:29,model.global_round,18,aggregate,server,58.0,2.6999999999999247e-05,0.002675999999999956,0.00022100000000002673,0.005923999999999985,0.008847999999999967
19,18:58:30,0.866667,0.231651,0.296781,0.312989,0.543866,0.495593,11,C:\Users\VivoBook\Downloads\microproyecto2\microproyecto 2 porque wtf\src\hfl_v7-RN\Results\#11,global_weights_history_10.csv,global_round,2026-04-15 18:58:30,model.global_round,19,aggregate,server,61.0,0.0,0.002173000000000036,0.0006789999999999852,0.006317000000000017,0.009169000000000038
20,18:59:29,0.933333,0.123043,0.296923,0.312076,0.546035,0.500903,11,C:\Users\VivoBook\Downloads\microproyecto2\microproyecto 2 porque wtf\src\hfl_v7-RN\Results\#11,global_weights_history_10.csv,global_round,2026-04-15 18:59:29,model.global_round,20,aggregate,server,59.0,0.00014199999999997548,0.0009129999999999971,0.0021690000000000875,0.005309999999999981,0.008534000000000042
