trace_id,attempt_id,global_round,global_timestamp,global_accuracy,global_loss,w3_mag,w4_normal,w4_brute,w4_scan,gateway_A_local_accuracy,gateway_A_local_loss,gateway_A_local_num_samples,gateway_A_local_timestamp,gateway_A_gateway_events,gateway_A_gateway_decrypt_avg_ms,gateway_A_gateway_decrypt_p95_ms,gateway_A_gateway_avg_overhead_bytes,gateway_A_gateway_samples_seen,gateway_B_local_accuracy,gateway_B_local_loss,gateway_B_local_num_samples,gateway_B_local_timestamp,gateway_B_gateway_events,gateway_B_gateway_decrypt_avg_ms,gateway_B_gateway_decrypt_p95_ms,gateway_B_gateway_avg_overhead_bytes,gateway_B_gateway_samples_seen,server_rpi_pc_events,server_rpi_pc_avg_ms,server_rpi_pc_p95_ms,server_rpi_pc_avg_overhead_bytes,server_pc_rpi_events,server_pc_rpi_avg_ms,server_pc_rpi_p95_ms,server_pc_rpi_avg_overhead_bytes
attempt:3:round:1,3,1,2026-04-15 13:31:07,0.75,0.794337,0.286624,0.291376,0.540607,0.409397,0.800000011920929,0.6607889533042908,30.0,2026-04-15 13:31:06,37.0,4.2476756756756755,9.645799999999884,179.97297297297297,35.0,0.699999988079071,0.9278846979141236,30,2026-04-15 13:31:07,32.0,6.0804375,17.09489999999998,190.15625,30.0,2.0,10.6555,10.68295,1310.0,1.0,10.38,10.38,1258.0
attempt:3:round:2,3,2,2026-04-15 13:32:00,1.0,0.093062,0.289352,0.295928,0.554408,0.425073,1.0,0.0977795869112014,30.0,2026-04-15 13:32:00,30.0,5.976366666666667,32.87645,232.56666666666666,27.0,1.0,0.0883437544107437,30,2026-04-15 13:32:00,33.0,6.524484848484848,34.994,222.5151515151515,30.0,2.0,10.2165,10.25565,1309.5,1.0,9.737,9.737,1267.0
attempt:3:round:3,3,3,2026-04-15 13:33:01,0.966667,0.076524,0.292215,0.305762,0.564005,0.441219,0.9666666388511658,0.0658856481313705,30.0,2026-04-15 13:32:58,33.0,6.396333333333333,32.8578,223.0,30.0,0.9666666388511658,0.0871630981564521,30,2026-04-15 13:33:01,33.0,6.939090909090909,31.587399999999995,222.6060606060606,30.0,2.0,10.471,10.6042,1313.5,1.0,9.893,9.893,1264.0
attempt:3:round:4,3,4,2026-04-15 13:34:00,0.983333,0.029888,0.295065,0.312595,0.568785,0.451966,0.9666666388511658,0.0386620685458183,30.0,2026-04-15 13:34:00,33.0,5.55130303030303,32.907,222.4848484848485,30.0,1.0,0.0211145672947168,30,2026-04-15 13:34:00,33.0,6.721787878787879,32.584599999999995,222.0909090909091,30.0,2.0,11.3155,12.58585,1311.0,1.0,10.102,10.102,1264.0
attempt:3:round:5,3,5,2026-04-15 13:34:59,1.0,0.015347,0.296527,0.316948,0.571661,0.457559,1.0,0.0200901199132204,30.0,2026-04-15 13:34:59,33.0,5.5974545454545455,32.928599999999996,222.03030303030303,30.0,1.0,0.0106034241616725,30,2026-04-15 13:34:59,33.0,6.624909090909091,35.471399999999996,222.45454545454547,30.0,2.0,13.9805,15.91055,1308.0,1.0,12.292,12.292,1261.0
attempt:3:round:6,3,6,2026-04-15 13:39:02,0.85,0.458896,0.287889,0.312742,0.545828,0.452445,0.8666666746139526,0.3961636424064636,30.0,2026-04-15 13:38:58,34.0,7.1388235294117655,35.4321,219.05882352941177,31.0,0.8333333134651184,0.5216277837753296,30,2026-04-15 13:39:03,33.0,6.149909090909091,32.2472,222.03030303030303,30.0,2.0,11.3225,11.57135,1316.0,1.0,12.227,12.227,1263.0
attempt:3:round:7,3,7,2026-04-15 13:40:01,0.85,0.413023,0.285287,0.306858,0.546389,0.440083,0.8999999761581421,0.310750275850296,30.0,2026-04-15 13:39:57,33.0,6.556272727272727,35.86799999999999,222.15151515151516,30.0,0.800000011920929,0.5152953267097473,30,2026-04-15 13:40:01,33.0,6.3794545454545455,31.2898,221.5151515151515,30.0,2.0,13.0625,13.21415,1316.0,1.0,11.51,11.51,1264.0
attempt:3:round:8,3,8,2026-04-15 13:41:00,0.9,0.263188,0.284624,0.298128,0.542793,0.439427,0.9333333373069764,0.1919773668050766,30.0,2026-04-15 13:40:55,33.0,7.950121212121213,34.217999999999996,221.9090909090909,30.0,0.8666666746139526,0.334399551153183,30,2026-04-15 13:41:00,33.0,5.986606060606061,32.803200000000004,221.96969696969697,30.0,2.0,11.3505,11.72985,1314.5,1.0,14.402,14.402,1259.0
attempt:3:round:9,3,9,2026-04-15 13:41:59,0.85,0.274526,0.286809,0.290664,0.544432,0.450523,0.800000011920929,0.3366148769855499,30.0,2026-04-15 13:41:55,33.0,5.533363636363637,32.9882,220.8181818181818,30.0,0.8999999761581421,0.2124364525079727,30,2026-04-15 13:41:59,33.0,6.536,34.662,221.87878787878788,30.0,2.0,26.414,28.0898,1317.0,1.0,23.262,23.262,1262.0
attempt:3:round:10,3,10,2026-04-15 13:42:58,0.866667,0.305087,0.28823,0.289701,0.546012,0.455912,0.8666666746139526,0.3305416107177734,30.0,2026-04-15 13:42:54,33.0,6.757,34.327799999999996,221.1818181818182,30.0,0.8666666746139526,0.2796331346035003,30,2026-04-15 13:42:58,33.0,6.168727272727273,32.10059999999999,221.42424242424244,30.0,2.0,14.212,16.2973,1314.0,1.0,16.515,16.515,1260.0
attempt:3:round:11,3,11,2026-04-15 13:43:57,0.866667,0.314123,0.288469,0.291933,0.543137,0.456975,0.8666666746139526,0.3338451683521271,30.0,2026-04-15 13:43:52,33.0,7.010151515151515,35.758199999999995,221.21212121212122,30.0,0.8666666746139526,0.2944017350673675,30,2026-04-15 13:43:57,33.0,5.914969696969697,32.53419999999999,221.96969696969697,30.0,2.0,12.4085,12.414349999999999,1313.0,1.0,21.937,21.937,1262.0
attempt:3:round:12,3,12,2026-04-15 13:44:56,0.916667,0.28475,0.288143,0.291471,0.54332,0.457007,1.0,0.0294286180287599,30.0,2026-04-15 13:44:51,33.0,7.095606060606062,35.5624,221.27272727272728,30.0,0.8333333134651184,0.5400710701942444,30,2026-04-15 13:44:56,33.0,6.432484848484848,32.78739999999999,222.0,30.0,2.0,23.741,24.3773,1310.5,1.0,36.342,36.342,1267.0
attempt:3:round:13,3,13,2026-04-15 13:45:55,0.866667,0.338932,0.28632,0.287843,0.542472,0.452857,0.7666666507720947,0.5469943881034851,30.0,2026-04-15 13:45:51,33.0,8.03239393939394,43.22299999999997,222.1818181818182,30.0,0.9666666388511658,0.1308700442314148,30,2026-04-15 13:45:55,33.0,5.79369696969697,31.879799999999992,221.4848484848485,30.0,2.0,13.237,15.541,1311.0,1.0,9.764,9.764,1262.0
attempt:3:round:14,3,14,2026-04-15 13:46:54,0.883333,0.210639,0.286179,0.281587,0.541347,0.458013,0.8666666746139526,0.2552396953105926,30.0,2026-04-15 13:46:50,33.0,7.797878787878789,41.867599999999975,221.6969696969697,30.0,0.8999999761581421,0.1660375446081161,30,2026-04-15 13:46:54,33.0,5.882212121212121,31.799999999999997,221.9090909090909,30.0,2.0,17.9795,19.519849999999998,1313.0,1.0,15.796,15.796,1262.0
attempt:3:round:15,3,15,2026-04-15 13:47:53,0.833333,0.305248,0.286976,0.280347,0.543249,0.46311,0.8333333134651184,0.4282840192317962,30.0,2026-04-15 13:47:49,33.0,8.443666666666665,44.49059999999997,220.54545454545453,30.0,0.8333333134651184,0.182211086153984,30,2026-04-15 13:47:53,33.0,6.593121212121213,32.0314,221.63636363636363,30.0,2.0,20.802500000000002,22.41935,1314.5,1.0,31.258,31.258,1263.0
attempt:3:round:16,3,16,2026-04-15 13:48:52,0.866667,0.284815,0.285433,0.278381,0.534739,0.470697,0.8333333134651184,0.3670010268688202,30.0,2026-04-15 13:48:48,33.0,7.465818181818182,32.46679999999999,221.72727272727272,30.0,0.8999999761581421,0.2026298195123672,30,2026-04-15 13:48:52,33.0,6.451878787878787,36.056999999999995,222.21212121212122,30.0,2.0,10.9635,10.986450000000001,1312.5,1.0,11.734,11.734,1262.0
attempt:3:round:17,3,17,2026-04-15 13:49:51,0.933333,0.237325,0.285825,0.279126,0.535192,0.477389,0.9333333373069764,0.2288724482059478,30.0,2026-04-15 13:49:47,33.0,7.349848484848485,32.2228,221.84848484848484,30.0,0.9333333373069764,0.245778277516365,30,2026-04-15 13:49:51,33.0,6.871575757575757,32.56719999999999,222.1818181818182,30.0,2.0,20.281,28.6708,1312.0,1.0,10.385,10.385,1259.0
attempt:3:round:18,3,18,2026-04-15 13:50:49,0.883333,0.242934,0.286735,0.273063,0.539371,0.481652,0.8999999761581421,0.2067589610815048,30.0,2026-04-15 13:50:45,33.0,6.881848484848485,31.851599999999998,221.42424242424244,30.0,0.8666666746139526,0.2791094779968261,30,2026-04-15 13:50:49,33.0,6.499666666666666,33.6384,221.9090909090909,30.0,2.0,11.45,12.2708,1311.5,1.0,10.237,10.237,1264.0
attempt:3:round:19,3,19,2026-04-15 13:51:48,0.866667,0.313103,0.288173,0.264862,0.539603,0.484128,0.8333333134651184,0.3577796518802643,30.0,2026-04-15 13:51:43,33.0,7.670151515151516,40.852999999999966,222.0909090909091,30.0,0.8999999761581421,0.2684263586997986,30,2026-04-15 13:51:48,33.0,6.372181818181818,31.066199999999995,221.57575757575756,30.0,2.0,13.9365,14.66145,1314.5,1.0,13.338,13.338,1260.0
attempt:3:round:20,3,20,2026-04-15 13:52:47,0.816667,0.286049,0.289775,0.260785,0.541546,0.486548,0.7333333492279053,0.3876812756061554,30.0,2026-04-15 13:52:43,33.0,7.732727272727273,41.850599999999964,221.78787878787878,30.0,0.8999999761581421,0.184416577219963,30,2026-04-15 13:52:47,33.0,6.273606060606061,32.7062,221.84848484848484,30.0,2.0,10.7355,11.36685,1309.0,1.0,9.987,9.987,1264.0
attempt:3:round:21,3,21,2026-04-15 13:53:47,0.9,0.183971,0.291188,0.261765,0.542794,0.492789,0.8999999761581421,0.1882566958665847,30.0,2026-04-15 13:53:42,33.0,7.9126666666666665,44.21959999999997,221.54545454545453,30.0,0.8999999761581421,0.1796846687793731,30,2026-04-15 13:53:47,33.0,6.242303030303031,31.810199999999995,221.66666666666666,30.0,2.0,16.372,21.506500000000003,1312.5,1.0,22.264,22.264,1258.0
attempt:3:round:22,3,22,2026-04-15 13:54:46,0.883333,0.233325,0.292073,0.265748,0.541024,0.501445,0.8333333134651184,0.2701002359390259,30.0,2026-04-15 13:54:41,33.0,7.615818181818182,35.605799999999995,221.6060606060606,30.0,0.9333333373069764,0.196549504995346,30,2026-04-15 13:54:46,33.0,6.149212121212121,33.0698,221.66666666666666,30.0,2.0,10.4725,10.52065,1312.5,1.0,11.488,11.488,1263.0
attempt:3:round:23,3,23,2026-04-15 13:55:45,0.9,0.164653,0.29256,0.265108,0.538916,0.510416,0.8666666746139526,0.1867788881063461,30.0,2026-04-15 13:55:40,33.0,7.978787878787879,35.68339999999999,222.45454545454547,30.0,0.9333333373069764,0.142527163028717,30,2026-04-15 13:55:45,33.0,6.401242424242424,33.3316,222.0909090909091,30.0,2.0,12.5305,13.69195,1312.5,1.0,14.424,14.424,1267.0
attempt:3:round:24,3,24,2026-04-15 13:56:43,0.883333,0.25946,0.293046,0.266632,0.539475,0.517994,0.8999999761581421,0.1688563674688339,30.0,2026-04-15 13:56:39,33.0,7.907636363636364,43.20039999999997,221.45454545454547,30.0,0.8666666746139526,0.350064605474472,30,2026-04-15 13:56:44,33.0,6.151575757575758,32.2698,222.1818181818182,30.0,2.0,13.2805,14.127849999999999,1308.5,1.0,15.814,15.814,1263.0
attempt:3:round:25,3,25,2026-04-15 13:57:43,0.933333,0.152145,0.292188,0.26395,0.539036,0.515111,0.8999999761581421,0.1650479286909103,30.0,2026-04-15 13:57:38,33.0,7.781878787878789,42.09079999999997,221.3030303030303,30.0,0.9666666388511658,0.1392418593168258,30,2026-04-15 13:57:43,33.0,6.9251818181818185,33.3246,221.63636363636363,30.0,2.0,11.3765,11.78465,1313.0,1.0,11.641,11.641,1263.0
attempt:3:round:26,3,26,2026-04-15 13:58:41,0.983333,0.129977,0.293986,0.261794,0.54041,0.521326,0.9666666388511658,0.1786053329706192,30.0,2026-04-15 13:58:37,33.0,7.487272727272727,33.4952,221.4848484848485,30.0,1.0,0.0813494399189949,30,2026-04-15 13:58:41,33.0,6.688212121212121,34.0918,222.03030303030303,30.0,2.0,13.4915,14.05265,1310.5,1.0,11.257,11.257,1261.0
attempt:3:round:27,3,27,2026-04-15 13:59:40,0.95,0.169296,0.29598,0.265675,0.543034,0.530928,0.9333333373069764,0.1983518600463867,30.0,2026-04-15 13:59:36,33.0,7.663151515151515,44.34199999999997,221.27272727272728,30.0,0.9666666388511658,0.1402409970760345,30,2026-04-15 13:59:41,33.0,6.933484848484849,32.9484,222.33333333333334,30.0,2.0,20.012999999999998,25.533599999999996,1310.5,1.0,13.422,13.422,1264.0
attempt:3:round:28,3,28,2026-04-15 14:00:40,0.95,0.124062,0.294557,0.266526,0.542898,0.528572,0.9333333373069764,0.1471989750862121,30.0,2026-04-15 14:00:35,33.0,7.754848484848484,37.504,222.0909090909091,30.0,0.9666666388511658,0.1009245812892913,30,2026-04-15 14:00:39,33.0,6.725303030303031,34.26819999999999,222.21212121212122,30.0,2.0,15.637,18.3379,1313.0,1.0,20.956,20.956,1260.0
attempt:3:round:29,3,29,2026-04-15 14:01:38,0.916667,0.198217,0.293142,0.267079,0.540971,0.526204,0.9333333373069764,0.1001088246703147,30.0,2026-04-15 14:01:34,33.0,6.579272727272728,33.1898,221.03030303030303,30.0,0.8999999761581421,0.2963253259658813,30,2026-04-15 14:01:38,33.0,6.9005757575757585,35.6952,221.33333333333334,30.0,2.0,21.527,27.545299999999997,1309.5,1.0,35.96,35.96,1259.0
attempt:3:round:30,3,30,2026-04-15 14:02:39,0.916667,0.214765,0.2931,0.267029,0.541232,0.52372,0.9333333373069764,0.1777136772871017,30.0,2026-04-15 14:02:34,33.0,7.97918181818182,44.282399999999974,221.15151515151516,30.0,0.8999999761581421,0.2518158555030823,30,2026-04-15 14:02:39,33.0,6.39760606060606,35.520999999999994,221.33333333333334,30.0,2.0,29.399,33.9926,1309.5,1.0,28.37,28.37,1263.0
attempt:4:round:1,4,1,2026-04-15 15:07:21,0.666667,0.864842,0.286679,0.290714,0.538752,0.409988,0.6666666865348816,0.8778215050697327,30.0,2026-04-15 15:07:21,36.0,5.096638888888888,11.717500000000001,181.63888888888889,34.0,0.6666666865348816,0.8518619537353516,30,2026-04-15 15:07:21,32.0,5.73925,16.750099999999982,189.96875,30.0,2.0,10.8305,11.38445,1314.0,1.0,13.679,13.679,1258.0
attempt:4:round:2,4,2,2026-04-15 15:08:15,0.933333,0.157192,0.291812,0.295956,0.553318,0.429886,0.9333333373069764,0.1583544760942459,30.0,2026-04-15 15:08:15,29.0,6.54596551724138,33.8864,237.24137931034483,26.0,0.9333333373069764,0.1560298055410385,30,2026-04-15 15:08:15,34.0,6.602382352941177,35.30004999999999,218.97058823529412,31.0,2.0,10.358,10.6973,1313.5,1.0,10.27,10.27,1266.0
attempt:4:round:3,4,3,2026-04-15 15:09:13,1.0,0.048108,0.296305,0.306218,0.562694,0.441192,1.0,0.06561841070652,30.0,2026-04-15 15:09:13,33.0,6.067030303030304,33.1686,221.72727272727272,30.0,1.0,0.0305981040000915,30,2026-04-15 15:09:13,32.0,6.55046875,36.556850000000004,225.5,29.0,2.0,10.936,11.5525,1305.5,1.0,11.904,11.904,1258.0
attempt:4:round:4,4,4,2026-04-15 15:10:13,0.983333,0.112293,0.298628,0.311596,0.568524,0.448226,0.9666666388511658,0.2073262482881546,30.0,2026-04-15 15:10:12,34.0,6.208970588235294,34.045649999999995,218.8235294117647,31.0,1.0,0.0172589141875505,30,2026-04-15 15:10:14,33.0,7.071272727272728,34.7648,221.6969696969697,30.0,2.0,10.24,10.3579,1311.0,1.0,10.925,10.925,1261.0
attempt:4:round:5,4,5,2026-04-15 15:11:12,0.983333,0.050266,0.29966,0.316776,0.571994,0.453153,0.9666666388511658,0.079812966287136,30.0,2026-04-15 15:11:12,32.0,6.3340625,32.28785,225.65625,29.0,1.0,0.0207184199243783,30,2026-04-15 15:11:12,33.0,6.584090909090909,34.5058,221.66666666666666,30.0,2.0,11.552499999999998,12.120849999999999,1309.5,1.0,11.469,11.469,1259.0
attempt:4:round:6,4,6,2026-04-15 15:13:33,0.933333,0.259205,0.296459,0.31393,0.564025,0.453211,0.8666666746139526,0.4913859665393829,30.0,2026-04-15 15:13:32,34.0,6.20085294117647,33.910999999999994,218.8235294117647,31.0,1.0,0.027023883536458,30,2026-04-15 15:13:33,33.0,6.685090909090909,32.495599999999996,222.21212121212122,30.0,2.0,13.031,14.381,1311.5,1.0,11.998,11.998,1257.0
attempt:4:round:7,4,7,2026-04-15 15:14:34,0.95,0.099225,0.294824,0.310327,0.563634,0.457041,0.8999999761581421,0.1844680607318878,30.0,2026-04-15 15:14:33,33.0,6.397818181818182,33.379599999999996,221.15151515151516,30.0,1.0,0.0139822149649262,30,2026-04-15 15:14:34,33.0,6.429333333333334,32.672,221.93939393939394,30.0,2.0,17.266,18.0454,1311.5,1.0,11.21,11.21,1264.0
attempt:4:round:8,4,8,2026-04-15 15:15:33,0.933333,0.23476,0.292602,0.307317,0.553454,0.458644,0.8666666746139526,0.4348771274089813,30.0,2026-04-15 15:15:33,32.0,5.937906249999999,32.77455,225.03125,29.0,1.0,0.0346436351537704,30,2026-04-15 15:15:33,33.0,7.067363636363637,34.7682,222.57575757575756,30.0,2.0,16.3615,20.945649999999997,1307.5,1.0,10.239,10.239,1265.0
attempt:4:round:9,4,9,2026-04-15 15:16:34,0.916667,0.2334,0.292595,0.30777,0.557593,0.46035,0.8333333134651184,0.4565137922763824,30.0,2026-04-15 15:16:34,33.0,6.205757575757575,32.276399999999995,222.15151515151516,30.0,1.0,0.0102854557335376,30,2026-04-15 15:16:31,33.0,6.410909090909091,35.17679999999999,222.1818181818182,30.0,2.0,11.573,12.7655,1310.0,1.0,10.667,10.667,1267.0
attempt:4:round:10,4,10,2026-04-15 15:17:34,0.95,0.122719,0.293919,0.309819,0.561969,0.463633,0.8999999761581421,0.2309491038322448,30.0,2026-04-15 15:17:34,33.0,6.444060606060606,32.395999999999994,221.9090909090909,30.0,1.0,0.0144890826195478,30,2026-04-15 15:17:32,33.0,6.690212121212121,35.8342,221.87878787878788,30.0,2.0,10.118500000000001,10.25305,1310.5,1.0,14.767,14.767,1259.0
attempt:4:round:11,4,11,2026-04-15 15:18:37,1.0,0.054139,0.29484,0.311823,0.561985,0.467859,1.0,0.0991340577602386,30.0,2026-04-15 15:18:37,33.0,6.354818181818181,33.1888,221.84848484848484,30.0,1.0,0.0091447830200195,30,2026-04-15 15:18:34,34.0,7.9362941176470585,35.387499999999996,219.23529411764707,31.0,2.0,11.724499999999999,13.15505,1307.0,1.0,14.306,14.306,1264.0
attempt:4:round:12,4,12,2026-04-15 15:19:36,0.916667,0.198009,0.295724,0.310183,0.565468,0.467967,0.8333333134651184,0.3806181848049164,30.0,2026-04-15 15:19:36,33.0,5.794272727272728,33.6436,221.6969696969697,30.0,1.0,0.0153994681313633,30,2026-04-15 15:19:35,33.0,7.459393939393939,31.913999999999998,222.54545454545453,30.0,2.0,10.5175,10.96795,1313.0,1.0,12.896,12.896,1263.0
attempt:4:round:13,4,13,2026-04-15 15:20:34,0.95,0.094147,0.296587,0.310895,0.567884,0.469423,0.8999999761581421,0.1604587286710739,30.0,2026-04-15 15:20:34,33.0,6.638393939393939,33.7332,221.8181818181818,30.0,1.0,0.0278361495584249,30,2026-04-15 15:20:34,33.0,6.269878787878788,32.428399999999996,222.0,30.0,2.0,12.288499999999999,13.82255,1310.0,1.0,13.387,13.387,1262.0
attempt:4:round:14,4,14,2026-04-15 15:21:33,0.933333,0.106184,0.2967,0.309104,0.568564,0.472239,0.8666666746139526,0.2047582119703292,30.0,2026-04-15 15:21:33,33.0,5.912848484848485,33.84759999999999,221.03030303030303,30.0,1.0,0.0076103564351797,30,2026-04-15 15:21:33,33.0,6.770575757575759,33.606,222.42424242424244,30.0,2.0,11.178999999999998,11.252799999999999,1312.0,1.0,11.459,11.459,1263.0
attempt:4:round:15,4,15,2026-04-15 15:22:33,0.933333,0.181214,0.296536,0.30998,0.567724,0.473163,0.8666666746139526,0.355570912361145,30.0,2026-04-15 15:22:34,33.0,6.086787878787879,31.807000000000002,221.57575757575756,30.0,1.0,0.0068574091419577,30,2026-04-15 15:22:31,33.0,6.760575757575757,34.1132,222.06060606060606,30.0,2.0,13.3535,15.14495,1309.5,1.0,9.869,9.869,1260.0
attempt:4:round:16,4,16,2026-04-15 15:23:32,0.933333,0.228008,0.296944,0.309712,0.567364,0.474633,0.8666666746139526,0.4492025971412658,30.0,2026-04-15 15:23:32,33.0,5.8863939393939395,31.604,221.54545454545453,30.0,1.0,0.0068125976249575,30,2026-04-15 15:23:32,33.0,6.968515151515151,36.191599999999994,221.5151515151515,30.0,2.0,16.721,21.6818,1308.0,1.0,11.425,11.425,1255.0
attempt:4:round:17,4,17,2026-04-15 15:24:30,0.983333,0.058851,0.296974,0.30796,0.566299,0.471389,0.9666666388511658,0.1135342791676521,30.0,2026-04-15 15:24:30,33.0,5.684090909090909,32.5576,220.72727272727272,30.0,1.0,0.0041675637476146,30,2026-04-15 15:24:30,33.0,7.17,36.0424,221.33333333333334,30.0,2.0,12.3415,13.52185,1306.0,1.0,9.942,9.942,1260.0
attempt:4:round:18,4,18,2026-04-15 15:25:29,0.9,0.168915,0.297886,0.308828,0.566421,0.470042,0.800000011920929,0.3205752670764923,30.0,2026-04-15 15:25:29,33.0,5.917424242424243,33.589600000000004,220.42424242424244,30.0,1.0,0.0172545947134494,30,2026-04-15 15:25:29,33.0,6.418212121212121,35.586,221.8181818181818,30.0,2.0,12.756,15.3399,1306.5,1.0,10.557,10.557,1258.0
attempt:4:round:19,4,19,2026-04-15 15:26:29,1.0,0.047993,0.298257,0.311042,0.567103,0.470507,1.0,0.0898922309279441,30.0,2026-04-15 15:26:29,33.0,6.207333333333333,33.41,222.3939393939394,30.0,1.0,0.0060940161347389,30,2026-04-15 15:26:28,33.0,7.081757575757576,34.9756,222.3030303030303,30.0,2.0,10.435,10.5826,1308.5,1.0,10.407,10.407,1260.0
attempt:4:round:20,4,20,2026-04-15 15:27:27,0.983333,0.037074,0.299572,0.313864,0.569173,0.47282,0.9666666388511658,0.0699544325470924,30.0,2026-04-15 15:27:27,33.0,6.699,33.3574,221.4848484848485,30.0,1.0,0.0041943807154893,30,2026-04-15 15:27:27,33.0,6.491848484848485,35.93319999999999,221.87878787878788,30.0,2.0,13.634,16.630100000000002,1308.0,1.0,13.13,13.13,1254.0
attempt:5:round:1,5,1,2026-04-15 16:04:25,0.75,0.842587,0.287569,0.292234,0.538092,0.409783,0.7333333492279053,0.9979569911956788,30.0,2026-04-15 16:04:24,36.0,4.845194444444444,11.863499999999998,182.11111111111111,34.0,0.7666666507720947,0.6872164607048035,30,2026-04-15 16:04:25,32.0,5.6908125,17.678949999999976,189.71875,30.0,2.0,10.592500000000001,10.99615,1313.0,1.0,13.433,13.433,1261.0
attempt:5:round:2,5,2,2026-04-15 16:05:19,0.983333,0.104869,0.291542,0.297733,0.550952,0.429048,1.0,0.0837436839938163,30.0,2026-04-15 16:05:19,30.0,6.247466666666666,35.701249999999995,232.83333333333334,27.0,0.9666666388511658,0.1259943842887878,30,2026-04-15 16:05:19,33.0,6.269939393939394,35.2908,221.75757575757575,30.0,2.0,11.561,12.173,1309.0,1.0,11.823,11.823,1263.0
attempt:5:round:3,5,3,2026-04-15 16:06:18,1.0,0.033653,0.294849,0.309401,0.56033,0.442679,1.0,0.0367907434701919,30.0,2026-04-15 16:06:18,33.0,5.55330303030303,31.172999999999995,222.1818181818182,30.0,1.0,0.0305142775177955,30,2026-04-15 16:06:18,33.0,5.868393939393941,32.9832,221.96969696969697,30.0,2.0,10.842500000000001,11.47205,1308.5,1.0,10.907,10.907,1266.0
attempt:5:round:4,5,4,2026-04-15 16:07:17,1.0,0.016286,0.297269,0.315451,0.566118,0.452261,1.0,0.0207193829119205,30.0,2026-04-15 16:07:17,33.0,6.099212121212121,33.0666,221.75757575757575,30.0,1.0,0.0118527403101325,30,2026-04-15 16:07:17,33.0,6.512030303030302,36.535199999999996,222.4848484848485,30.0,2.0,10.9575,11.04705,1307.5,1.0,11.906,11.906,1257.0
attempt:5:round:5,5,5,2026-04-15 16:08:16,1.0,0.015779,0.298594,0.319108,0.569115,0.456659,1.0,0.0187919232994318,30.0,2026-04-15 16:08:16,32.0,5.777156250000001,31.97595,225.40625,29.0,1.0,0.0127656739205122,30,2026-04-15 16:08:16,34.0,6.019764705882353,35.34904999999999,218.6764705882353,31.0,2.0,10.436,10.5917,1307.5,1.0,10.217,10.217,1265.0
attempt:5:round:6,5,6,2026-04-15 16:11:06,0.933333,0.18023,0.294504,0.314604,0.560646,0.454704,0.8666666746139526,0.3400307595729828,30.0,2026-04-15 16:11:06,34.0,5.823558823529413,31.690049999999996,219.35294117647058,31.0,1.0,0.0204292554408311,30,2026-04-15 16:11:06,32.0,5.3110625,33.2955,225.84375,29.0,2.0,19.299500000000002,27.17675,1311.5,1.0,10.901,10.901,1262.0
attempt:5:round:7,5,7,2026-04-15 16:12:05,0.9,0.356315,0.293172,0.310296,0.558628,0.452954,0.800000011920929,0.684702455997467,30.0,2026-04-15 16:12:05,33.0,5.611151515151516,32.2112,221.54545454545453,30.0,1.0,0.0279265530407428,30,2026-04-15 16:12:05,33.0,5.896909090909091,33.840799999999994,222.27272727272728,30.0,2.0,10.585999999999999,10.7921,1309.5,1.0,13.548,13.548,1258.0
attempt:5:round:8,5,8,2026-04-15 16:13:04,0.966667,0.130994,0.292995,0.311353,0.559567,0.456262,0.9333333373069764,0.2494259774684906,30.0,2026-04-15 16:13:04,32.0,6.227375,32.4649,225.65625,29.0,1.0,0.0125626716762781,30,2026-04-15 16:13:04,34.0,5.722147058823529,36.0368,219.2941176470588,31.0,2.0,10.966000000000001,11.4178,1312.0,1.0,39.748,39.748,1261.0
attempt:5:round:9,5,9,2026-04-15 16:14:03,0.933333,0.167941,0.293115,0.313585,0.558079,0.459074,0.8666666746139526,0.3235123753547668,30.0,2026-04-15 16:14:03,34.0,6.190470588235294,31.490949999999998,218.47058823529412,31.0,1.0,0.0123695135116577,30,2026-04-15 16:14:03,32.0,6.2568125,36.348,225.375,29.0,2.0,10.949000000000002,11.487200000000001,1310.5,1.0,10.991,10.991,1263.0
attempt:5:round:10,5,10,2026-04-15 16:15:02,0.933333,0.187718,0.291573,0.312812,0.550244,0.45812,0.8666666746139526,0.3537425100803375,30.0,2026-04-15 16:15:02,33.0,6.393212121212121,32.6588,221.5151515151515,30.0,1.0,0.0216938611119985,30,2026-04-15 16:15:02,33.0,6.385363636363636,33.5538,222.6060606060606,30.0,2.0,10.59,10.9176,1308.5,1.0,11.069,11.069,1264.0
attempt:5:round:11,5,11,2026-04-15 16:16:01,0.933333,0.208866,0.290943,0.313582,0.548532,0.4626,0.8666666746139526,0.4047148525714874,30.0,2026-04-15 16:16:01,32.0,6.37896875,33.273649999999996,226.09375,29.0,1.0,0.0130163626745343,30,2026-04-15 16:16:01,34.0,5.577176470588236,34.7547,218.94117647058823,31.0,2.0,10.8965,11.462150000000001,1311.5,1.0,13.869,13.869,1262.0
attempt:5:round:12,5,12,2026-04-15 16:17:00,0.95,0.125099,0.291381,0.313794,0.549032,0.468782,0.8999999761581421,0.2428942173719406,30.0,2026-04-15 16:17:00,33.0,5.978999999999999,32.310599999999994,221.87878787878788,30.0,1.0,0.0073039052076637,30,2026-04-15 16:17:00,33.0,5.235969696969697,31.7934,221.75757575757575,30.0,2.0,12.3715,12.82015,1314.0,1.0,10.743,10.743,1264.0
attempt:5:round:13,5,13,2026-04-15 16:17:59,0.933333,0.223421,0.291114,0.313919,0.551636,0.468698,0.8666666746139526,0.4399670362472534,30.0,2026-04-15 16:17:59,34.0,6.042647058823529,31.377799999999997,218.85294117647058,31.0,1.0,0.006875870283693,30,2026-04-15 16:17:59,32.0,6.16709375,32.98675,225.75,29.0,2.0,14.917,19.1326,1310.5,1.0,15.82,15.82,1264.0
attempt:5:round:14,5,14,2026-04-15 16:18:58,0.9,0.22891,0.290867,0.308619,0.554721,0.469559,0.800000011920929,0.4413631856441498,30.0,2026-04-15 16:18:58,33.0,5.89478787878788,33.826,221.84848484848484,30.0,1.0,0.0164571721106767,30,2026-04-15 16:18:59,33.0,5.526727272727272,33.5792,221.6969696969697,30.0,2.0,10.691500000000001,10.934050000000001,1313.0,1.0,11.304,11.304,1266.0
attempt:5:round:15,5,15,2026-04-15 16:19:58,0.916667,0.18418,0.291372,0.309116,0.551208,0.473293,0.8333333134651184,0.3617232739925384,30.0,2026-04-15 16:19:58,33.0,5.88378787878788,32.795199999999994,221.42424242424244,30.0,1.0,0.0066365203820168,30,2026-04-15 16:19:59,33.0,6.051242424242424,35.88399999999999,222.06060606060606,30.0,2.0,10.666,11.0431,1314.5,1.0,12.951,12.951,1261.0
attempt:5:round:16,5,16,2026-04-15 16:20:57,0.9,0.183416,0.292063,0.308822,0.551891,0.47674,0.800000011920929,0.3585945963859558,30.0,2026-04-15 16:20:57,32.0,6.219625,31.602050000000002,225.0,29.0,1.0,0.0082376208156347,30,2026-04-15 16:20:57,34.0,6.136235294117647,34.12414999999999,219.05882352941177,31.0,2.0,12.534500000000001,13.57895,1309.5,1.0,11.967,11.967,1267.0
attempt:5:round:17,5,17,2026-04-15 16:21:56,0.983333,0.119328,0.292266,0.31036,0.553824,0.481957,0.9666666388511658,0.23537677526474,30.0,2026-04-15 16:21:56,34.0,5.930411764705883,30.581349999999993,218.73529411764707,31.0,1.0,0.0032793716527521,30,2026-04-15 16:21:56,32.0,6.24253125,33.832499999999996,225.5625,29.0,2.0,14.456499999999998,16.17955,1314.0,1.0,14.546,14.546,1259.0
attempt:5:round:18,5,18,2026-04-15 16:22:55,0.983333,0.03503,0.293436,0.311453,0.551835,0.487338,0.9666666388511658,0.058629035949707,30.0,2026-04-15 16:22:55,32.0,6.0555,30.8504,225.1875,29.0,1.0,0.0114304898306727,30,2026-04-15 16:22:55,34.0,5.998264705882353,35.2423,219.26470588235293,31.0,2.0,10.694500000000001,10.75525,1309.0,1.0,13.005,13.005,1265.0
attempt:5:round:19,5,19,2026-04-15 16:23:54,0.966667,0.126519,0.293886,0.313135,0.552828,0.492716,0.9333333373069764,0.243057906627655,30.0,2026-04-15 16:23:55,33.0,6.020515151515152,32.016799999999996,221.75757575757575,30.0,1.0,0.0099791996181011,30,2026-04-15 16:23:54,33.0,5.732181818181817,34.5006,221.93939393939394,30.0,2.0,10.3825,10.645750000000001,1309.0,1.0,10.246,10.246,1258.0
attempt:5:round:20,5,20,2026-04-15 16:24:53,0.983333,0.038647,0.295032,0.308638,0.556409,0.493191,0.9666666388511658,0.074266143143177,30.0,2026-04-15 16:24:53,33.0,5.944,31.241799999999994,221.54545454545453,30.0,1.0,0.0030269373673945,30,2026-04-15 16:24:53,33.0,5.897333333333333,34.452799999999996,221.96969696969697,30.0,2.0,17.4005,22.307750000000002,1311.5,1.0,15.238,15.238,1260.0
attempt:6:round:1,6,1,2026-04-15 16:32:32,0.75,1.017591,0.288975,0.292089,0.539953,0.408072,0.7666666507720947,0.9114301204681396,30.0,2026-04-15 16:32:33,32.0,4.906500000000001,16.863999999999983,189.4375,30.0,0.7333333492279053,1.1237525939941406,30,2026-04-15 16:32:08,52.0,5.2855,4.595099999999999,161.96153846153845,50.0,2.0,11.1015,11.245049999999999,1312.5,1.0,12.671,12.671,1262.0
attempt:6:round:2,6,2,2026-04-15 16:33:51,0.95,0.135244,0.294394,0.299267,0.553973,0.429585,,,,,31.0,6.331,17.863,190.7741935483871,29.0,0.8999999761581421,0.2136500477790832,30,2026-04-15 16:33:01,44.0,6.126886363636364,34.40695,223.0,40.0,2.0,11.528500000000001,12.31555,1311.0,1.0,18.056,18.056,1261.0
attempt:6:round:3,6,3,2026-04-15 16:34:51,1.0,0.034946,0.297125,0.30913,0.564437,0.444992,1.0,0.0387609675526618,30.0,2026-04-15 16:34:04,23.0,9.73317391304348,35.294,267.9130434782609,20.0,1.0,0.031130826100707,30,2026-04-15 16:34:51,33.0,6.828212121212122,33.49979999999999,221.93939393939394,30.0,2.0,10.8065,11.21015,1307.0,1.0,11.677,11.677,1262.0
attempt:6:round:4,6,4,2026-04-15 16:35:50,1.0,0.024912,0.29938,0.314236,0.570751,0.453172,1.0,0.018571900203824,30.0,2026-04-15 16:35:30,23.0,9.343434782608696,36.0028,267.7826086956522,20.0,1.0,0.0312522836029529,30,2026-04-15 16:35:50,33.0,6.722848484848484,34.5598,221.57575757575756,30.0,2.0,10.5015,10.63155,1305.0,1.0,12.433,12.433,1259.0
attempt:6:round:5,6,5,2026-04-15 16:36:53,1.0,0.010663,0.301085,0.319368,0.575259,0.458191,1.0,0.0108089260756969,30.0,2026-04-15 16:36:53,24.0,6.983750000000001,31.829349999999994,260.7916666666667,21.0,1.0,0.0105171296745538,30,2026-04-15 16:36:48,37.0,6.839594594594595,35.56719999999999,210.51351351351352,34.0,2.0,12.372,13.6077,1308.5,1.0,14.739,14.739,1260.0
attempt:6:round:6,6,6,2026-04-15 16:37:57,0.916667,0.296874,0.297118,0.311699,0.559067,0.456221,0.8333333134651184,0.5884392857551575,30.0,2026-04-15 16:37:57,33.0,5.963181818181818,31.079799999999995,221.9090909090909,30.0,1.0,0.0053089414723217,30,2026-04-15 16:37:48,36.0,8.447666666666668,49.88125,213.77777777777777,33.0,2.0,14.864,18.6728,1311.5,1.0,10.16,10.16,1259.0
attempt:6:round:7,6,7,2026-04-15 16:38:57,0.95,0.213609,0.295566,0.30442,0.544879,0.461342,0.8999999761581421,0.4216656386852264,30.0,2026-04-15 16:38:56,33.0,6.0133636363636365,31.506,221.93939393939394,30.0,1.0,0.005552040413022,30,2026-04-15 16:38:45,33.0,9.055333333333333,45.60019999999997,221.75757575757575,30.0,2.0,10.8005,11.04035,1306.5,1.0,9.99,9.99,1263.0
attempt:6:round:8,6,8,2026-04-15 16:39:58,0.983333,0.061959,0.295455,0.298781,0.549632,0.464278,0.9666666388511658,0.1067098453640937,30.0,2026-04-15 16:39:58,33.0,5.751787878787879,31.089199999999998,221.3939393939394,30.0,1.0,0.0172085240483284,30,2026-04-15 16:39:46,33.0,7.834121212121211,38.709999999999994,222.27272727272728,30.0,2.0,11.665500000000002,11.84415,1309.0,1.0,12.226,12.226,1258.0
attempt:6:round:9,6,9,2026-04-15 16:40:58,0.916667,0.178716,0.295991,0.297613,0.554128,0.468341,0.8333333134651184,0.3139874339103699,30.0,2026-04-15 16:40:57,33.0,5.726030303030303,30.795799999999996,221.93939393939394,30.0,1.0,0.0434439517557621,30,2026-04-15 16:40:47,33.0,8.318090909090909,37.44599999999998,222.03030303030303,30.0,2.0,11.030999999999999,11.1336,1312.5,1.0,10.372,10.372,1264.0
attempt:6:round:10,6,10,2026-04-15 16:41:56,0.983333,0.133821,0.295976,0.301686,0.559887,0.469398,0.9666666388511658,0.2536977529525757,30.0,2026-04-15 16:41:56,33.0,5.723121212121212,32.389399999999995,221.72727272727272,30.0,1.0,0.0139446770772337,30,2026-04-15 16:41:47,33.0,7.391939393939395,35.5426,222.27272727272728,30.0,2.0,12.1335,13.70895,1311.5,1.0,10.642,10.642,1263.0
attempt:6:round:11,6,11,2026-04-15 16:42:55,0.916667,0.227894,0.296107,0.298294,0.558136,0.470819,0.8333333134651184,0.4470697343349457,30.0,2026-04-15 16:42:55,33.0,5.985636363636364,32.75739999999999,222.4848484848485,30.0,1.0,0.0087181432172656,30,2026-04-15 16:42:45,33.0,6.571303030303031,33.513,222.42424242424244,30.0,2.0,10.489999999999998,10.788799999999998,1310.0,1.0,10.557,10.557,1267.0
attempt:6:round:12,6,12,2026-04-15 16:43:54,0.983333,0.055132,0.296649,0.297872,0.558439,0.474033,0.9666666388511658,0.1042809784412384,30.0,2026-04-15 16:43:54,33.0,5.7378484848484845,33.5798,222.03030303030303,30.0,1.0,0.0059820665046572,30,2026-04-15 16:43:44,33.0,7.536393939393939,35.206399999999995,222.27272727272728,30.0,2.0,10.381,10.3927,1312.0,1.0,10.353,10.353,1268.0
attempt:6:round:13,6,13,2026-04-15 16:44:52,0.966667,0.069748,0.296958,0.297149,0.55682,0.477262,0.9333333373069764,0.1335808187723159,30.0,2026-04-15 16:44:52,33.0,6.40260606060606,31.606799999999996,221.4848484848485,30.0,1.0,0.0059147202409803,30,2026-04-15 16:44:42,33.0,8.997515151515152,44.61819999999997,222.6969696969697,30.0,2.0,11.471,11.8157,1311.0,1.0,15.683,15.683,1259.0
attempt:6:round:14,6,14,2026-04-15 16:45:51,0.983333,0.059501,0.297781,0.301204,0.558331,0.480207,0.9666666388511658,0.1140563488006591,30.0,2026-04-15 16:45:51,33.0,5.7130909090909086,32.1182,222.45454545454547,30.0,1.0,0.0049460949376225,30,2026-04-15 16:45:41,33.0,5.956787878787877,34.565,222.27272727272728,30.0,2.0,10.658000000000001,10.8002,1311.0,1.0,10.969,10.969,1266.0
attempt:6:round:15,6,15,2026-04-15 16:46:50,0.966667,0.112095,0.29799,0.301554,0.5578,0.482173,0.9333333373069764,0.2188514918088913,30.0,2026-04-15 16:46:50,33.0,5.9449393939393955,31.984199999999998,221.66666666666666,30.0,1.0,0.0053393370471894,30,2026-04-15 16:46:40,33.0,8.077060606060606,34.5948,222.06060606060606,30.0,2.0,11.1955,11.77735,1309.5,1.0,10.626,10.626,1262.0
attempt:6:round:16,6,16,2026-04-15 16:47:49,0.966667,0.131776,0.298682,0.302882,0.560203,0.484392,0.9333333373069764,0.2601090669631958,30.0,2026-04-15 16:47:49,33.0,6.302454545454545,31.750199999999996,221.5151515151515,30.0,1.0,0.0034436960704624,30,2026-04-15 16:47:39,33.0,8.090303030303032,36.053999999999995,221.8181818181818,30.0,2.0,12.3265,13.68235,1310.5,1.0,13.241,13.241,1263.0
attempt:6:round:17,6,17,2026-04-15 16:48:48,0.95,0.176198,0.299182,0.302384,0.562997,0.484466,0.8999999761581421,0.3441801071166992,30.0,2026-04-15 16:48:48,33.0,5.650151515151515,30.061799999999998,221.6969696969697,30.0,1.0,0.0082168318331241,30,2026-04-15 16:48:38,33.0,8.298757575757575,37.05599999999999,222.36363636363637,30.0,2.0,10.832,11.2685,1309.0,1.0,9.976,9.976,1259.0
attempt:6:round:18,6,18,2026-04-15 16:49:47,0.983333,0.07476,0.299573,0.298887,0.566557,0.485301,0.9666666388511658,0.146576702594757,30.0,2026-04-15 16:49:47,33.0,6.151636363636364,30.272399999999998,221.96969696969697,30.0,1.0,0.0029435888864099,30,2026-04-15 16:49:37,33.0,8.897212121212121,43.37179999999998,221.9090909090909,30.0,2.0,10.9285,11.245750000000001,1309.5,1.0,13.262,13.262,1258.0
attempt:6:round:19,6,19,2026-04-15 16:50:46,0.966667,0.18198,0.299438,0.293202,0.570417,0.485618,0.9333333373069764,0.3577962219715118,30.0,2026-04-15 16:50:46,33.0,5.292545454545454,31.637399999999996,221.36363636363637,30.0,1.0,0.0061634718440473,30,2026-04-15 16:50:36,33.0,6.271363636363636,33.365199999999994,222.6969696969697,30.0,2.0,10.855,11.368,1316.5,1.0,10.784,10.784,1261.0
attempt:6:round:20,6,20,2026-04-15 16:51:44,0.916667,0.237888,0.298845,0.290659,0.572738,0.479677,0.8333333134651184,0.471945583820343,30.0,2026-04-15 16:51:45,33.0,5.669393939393941,31.909000000000002,221.15151515151516,30.0,1.0,0.00383031507954,30,2026-04-15 16:51:35,28.0,5.726535714285714,24.431949999999958,199.71428571428572,26.0,2.0,10.613,10.7615,1311.0,1.0,9.908,9.908,1258.0
attempt:7:round:1,7,1,2026-04-15 16:59:29,0.8,0.684,0.28629,0.290266,0.541345,0.412711,0.8333333134651184,0.641818106174469,30.0,2026-04-15 16:59:30,32.0,4.96946875,17.190499999999982,190.25,30.0,0.7666666507720947,0.7261812686920166,30,2026-04-15 16:59:27,37.0,4.535594594594595,10.496799999999872,179.7027027027027,35.0,2.0,10.86,11.4441,1315.0,1.0,11.348,11.348,1262.0
attempt:7:round:2,7,2,2026-04-15 17:00:23,0.933333,0.247279,0.289536,0.293433,0.557537,0.429422,0.9333333373069764,0.1954600661993026,30.0,2026-04-15 17:00:23,33.0,5.822787878787878,31.274999999999995,222.63636363636363,30.0,0.9333333373069764,0.2990980744361877,30,2026-04-15 17:00:18,31.0,6.736935483870968,34.0865,229.58064516129033,28.0,2.0,10.696,10.84,1318.5,1.0,11.689,11.689,1264.0
attempt:7:round:3,7,3,2026-04-15 17:01:23,0.95,0.130688,0.293168,0.300483,0.56784,0.438865,1.0,0.0845387056469917,30.0,2026-04-15 17:01:23,33.0,7.005363636363637,31.9916,222.12121212121212,30.0,0.8999999761581421,0.1768369972705841,30,2026-04-15 17:01:16,33.0,8.235181818181816,36.89999999999999,222.3030303030303,30.0,2.0,10.6795,10.85275,1314.0,1.0,17.499,17.499,1259.0
attempt:7:round:4,7,4,2026-04-15 17:02:22,1.0,0.05397,0.295303,0.306371,0.574009,0.447043,1.0,0.044970329850912,30.0,2026-04-15 17:02:22,33.0,6.529333333333333,34.1354,221.96969696969697,30.0,1.0,0.0629687532782554,30,2026-04-15 17:02:17,33.0,8.996606060606062,39.52699999999999,222.33333333333334,30.0,2.0,11.61,12.6621,1309.5,1.0,11.782,11.782,1260.0
attempt:7:round:5,7,5,2026-04-15 17:03:22,1.0,0.022362,0.296721,0.311771,0.578663,0.453427,1.0,0.0125239193439483,30.0,2026-04-15 17:03:22,33.0,6.4628181818181805,33.806599999999996,222.33333333333334,30.0,1.0,0.0321993045508861,30,2026-04-15 17:03:15,33.0,7.426151515151515,34.589999999999996,222.0,30.0,2.0,17.3365,23.02855,1306.0,1.0,10.068,10.068,1265.0
attempt:7:round:6,7,6,2026-04-15 17:04:27,0.983333,0.071513,0.298001,0.314492,0.582236,0.455349,0.9666666388511658,0.1187634691596031,30.0,2026-04-15 17:04:27,33.0,6.437666666666666,32.371399999999994,222.03030303030303,30.0,1.0,0.0242622401565313,30,2026-04-15 17:04:16,36.0,8.323611111111113,39.181000000000004,213.58333333333334,33.0,2.0,11.4015,12.01215,1313.0,1.0,10.602,10.602,1260.0
attempt:7:round:7,7,7,2026-04-15 17:05:25,0.916667,0.213857,0.294084,0.306426,0.571334,0.449697,0.8333333134651184,0.4210096597671509,30.0,2026-04-15 17:05:25,33.0,6.37530303030303,31.701999999999998,221.84848484848484,30.0,1.0,0.0067052636295557,30,2026-04-15 17:05:15,33.0,8.113939393939393,36.4594,222.15151515151516,30.0,2.0,10.815999999999999,11.075199999999999,1312.0,1.0,11.496,11.496,1262.0
attempt:7:round:8,7,8,2026-04-15 17:06:24,0.916667,0.150267,0.294375,0.306382,0.567739,0.451358,0.8333333134651184,0.2763790190219879,30.0,2026-04-15 17:06:24,33.0,5.959515151515151,32.52459999999999,221.96969696969697,30.0,1.0,0.024155979976058,30,2026-04-15 17:06:14,33.0,7.656727272727274,37.64519999999999,222.45454545454547,30.0,2.0,11.187999999999999,12.2041,1311.0,1.0,13.49,13.49,1263.0
attempt:7:round:9,7,9,2026-04-15 17:07:23,0.933333,0.155353,0.295022,0.306937,0.568522,0.453153,0.8666666746139526,0.3046396672725677,30.0,2026-04-15 17:07:23,33.0,6.051818181818181,30.603199999999998,221.8181818181818,30.0,1.0,0.0060663651674985,30,2026-04-15 17:07:13,33.0,8.615,44.33399999999997,222.3030303030303,30.0,2.0,10.219999999999999,10.4693,1312.5,1.0,11.045,11.045,1265.0
attempt:7:round:10,7,10,2026-04-15 17:08:22,0.916667,0.140416,0.295015,0.305937,0.56766,0.457052,0.8333333134651184,0.2716341018676758,30.0,2026-04-15 17:08:22,33.0,6.343909090909092,31.263399999999997,221.6969696969697,30.0,1.0,0.0091970320791006,30,2026-04-15 17:08:12,33.0,8.527818181818182,43.73439999999997,222.75757575757575,30.0,2.0,11.174,11.1776,1314.0,1.0,11.381,11.381,1265.0
attempt:7:round:11,7,11,2026-04-15 17:09:22,0.983333,0.097937,0.295105,0.305004,0.56889,0.456252,0.9666666388511658,0.1819391399621963,30.0,2026-04-15 17:09:22,33.0,6.218909090909091,32.5682,222.15151515151516,30.0,1.0,0.0139342993497848,30,2026-04-15 17:09:11,33.0,8.566030303030304,34.1376,222.4848484848485,30.0,2.0,12.1395,12.727649999999999,1315.0,1.0,10.871,10.871,1260.0
attempt:7:round:12,7,12,2026-04-15 17:10:21,1.0,0.023597,0.295524,0.307822,0.569186,0.457594,1.0,0.036469180136919,30.0,2026-04-15 17:10:21,33.0,6.651242424242424,32.8522,221.93939393939394,30.0,1.0,0.0107252178713679,30,2026-04-15 17:10:10,33.0,7.852060606060606,32.819199999999995,222.12121212121212,30.0,2.0,16.3645,17.99935,1309.0,1.0,16.741,16.741,1265.0
attempt:7:round:13,7,13,2026-04-15 17:11:19,0.95,0.115079,0.296335,0.312209,0.571624,0.459997,0.8999999761581421,0.2250544130802154,30.0,2026-04-15 17:11:19,33.0,6.161272727272727,33.05,221.66666666666666,30.0,1.0,0.0051034679636359,30,2026-04-15 17:11:09,33.0,8.104151515151516,39.823799999999984,222.33333333333334,30.0,2.0,10.8575,11.046949999999999,1312.5,1.0,17.269,17.269,1263.0
attempt:7:round:14,7,14,2026-04-15 17:12:19,1.0,0.02345,0.297015,0.312109,0.573624,0.463054,1.0,0.0222837533801794,30.0,2026-04-15 17:12:19,33.0,5.84069696969697,32.343599999999995,221.54545454545453,30.0,1.0,0.0246160347014665,30,2026-04-15 17:12:09,33.0,7.929969696969698,42.20539999999998,222.33333333333334,30.0,2.0,10.402999999999999,10.4534,1308.5,1.0,10.704,10.704,1261.0
attempt:7:round:15,7,15,2026-04-15 17:13:18,0.95,0.113255,0.298014,0.316229,0.575716,0.465515,0.8999999761581421,0.2234421670436859,30.0,2026-04-15 17:13:18,33.0,6.036272727272728,32.0322,221.93939393939394,30.0,1.0,0.003068552352488,30,2026-04-15 17:13:08,33.0,8.661787878787878,44.720999999999975,222.27272727272728,30.0,2.0,10.832,11.1722,1311.5,1.0,10.767,10.767,1262.0
attempt:7:round:16,7,16,2026-04-15 17:14:18,0.983333,0.075394,0.299196,0.318813,0.576541,0.467661,0.9666666388511658,0.1474793255329132,30.0,2026-04-15 17:14:18,33.0,6.367939393939395,32.587,221.6969696969697,30.0,1.0,0.0033089569769799,30,2026-04-15 17:14:06,33.0,8.753090909090908,43.37259999999998,222.06060606060606,30.0,2.0,12.9125,14.66255,1309.5,1.0,24.154,24.154,1263.0
attempt:7:round:17,7,17,2026-04-15 17:15:19,0.966667,0.119421,0.299876,0.311598,0.578793,0.464925,0.9333333373069764,0.2356305718421936,30.0,2026-04-15 17:15:19,33.0,6.002545454545454,31.615399999999998,221.6060606060606,30.0,1.0,0.0032107064034789,30,2026-04-15 17:15:09,33.0,8.347545454545454,34.7514,222.24242424242425,30.0,2.0,15.687,19.1754,1311.5,1.0,15.697,15.697,1264.0
attempt:7:round:18,7,18,2026-04-15 17:16:18,0.966667,0.104582,0.299973,0.308976,0.582522,0.46911,0.9333333373069764,0.1832967102527618,30.0,2026-04-15 17:16:18,33.0,5.881121212121212,30.801199999999998,222.0909090909091,30.0,1.0,0.0258678384125232,30,2026-04-15 17:16:09,33.0,7.872181818181818,36.309,222.03030303030303,30.0,2.0,16.524,21.762,1309.0,1.0,11.931,11.931,1258.0
attempt:7:round:19,7,19,2026-04-15 17:17:19,0.95,0.113864,0.300805,0.310299,0.585905,0.474246,0.8999999761581421,0.2237275689840316,30.0,2026-04-15 17:17:19,33.0,5.839242424242424,31.8264,221.42424242424244,30.0,1.0,0.004001151304692,30,2026-04-15 17:17:09,33.0,7.986212121212121,34.13999999999999,222.54545454545453,30.0,2.0,17.2405,23.22325,1309.0,1.0,29.721,29.721,1264.0
attempt:7:round:20,7,20,2026-04-15 17:18:19,0.966667,0.151863,0.301179,0.310335,0.587734,0.482371,0.9333333373069764,0.2819399535655975,30.0,2026-04-15 17:18:19,33.0,6.065060606060606,32.7138,221.87878787878788,30.0,1.0,0.0217866469174623,30,2026-04-15 17:18:07,33.0,8.619272727272728,42.191799999999986,222.03030303030303,30.0,2.0,10.418,10.7294,1306.0,1.0,14.702,14.702,1258.0
attempt:8:round:1,8,1,2026-04-15 17:24:02,0.783333,0.801066,0.287752,0.29142,0.543978,0.409817,0.7666666507720947,0.9223887324333192,30.0,2026-04-15 17:24:02,36.0,5.179055555555556,11.67525,181.77777777777777,34.0,0.800000011920929,0.6797438263893127,30,2026-04-15 17:24:02,32.0,5.032125000000001,16.721749999999982,189.78125,30.0,2.0,10.6045,10.65175,1313.0,1.0,11.642,11.642,1259.0
attempt:8:round:2,8,2,2026-04-15 17:24:56,0.966667,0.132952,0.290409,0.29573,0.561473,0.42355,0.9666666388511658,0.1152966395020484,30.0,2026-04-15 17:24:56,29.0,6.322241379310345,32.12499999999999,236.86206896551724,26.0,0.9666666388511658,0.1506079137325287,30,2026-04-15 17:24:56,34.0,6.5981764705882355,37.14145,219.2058823529412,31.0,2.0,10.942,11.4064,1315.5,1.0,11.559,11.559,1259.0
attempt:8:round:3,8,3,2026-04-15 17:25:56,1.0,0.047946,0.294311,0.306617,0.57031,0.43712,1.0,0.0507910959422588,30.0,2026-04-15 17:25:55,34.0,6.179470588235294,33.687,219.08823529411765,31.0,1.0,0.0451005138456821,30,2026-04-15 17:25:56,32.0,7.09384375,33.430699999999995,225.25,29.0,2.0,11.4415,11.94775,1309.0,1.0,11.157,11.157,1265.0
attempt:8:round:4,8,4,2026-04-15 17:26:55,1.0,0.028006,0.29658,0.312339,0.575282,0.445176,1.0,0.0259986892342567,30.0,2026-04-15 17:26:55,32.0,6.22975,33.0585,225.84375,29.0,1.0,0.030013557523489,30,2026-04-15 17:26:55,34.0,5.799470588235294,33.36815,219.05882352941177,31.0,2.0,18.1995,24.97695,1309.5,1.0,10.942,10.942,1261.0
attempt:8:round:5,8,5,2026-04-15 17:27:58,1.0,0.012422,0.298398,0.316205,0.580295,0.450795,1.0,0.0105302315205335,30.0,2026-04-15 17:27:58,33.0,6.132909090909091,31.496999999999996,221.75757575757575,30.0,1.0,0.0143133690580725,30,2026-04-15 17:27:53,36.0,7.46036111111111,35.95275,213.19444444444446,33.0,2.0,19.1495,25.37525,1308.0,1.0,14.328,14.328,1260.0
attempt:8:round:6,8,6,2026-04-15 17:28:57,0.883333,0.375871,0.292446,0.31075,0.563132,0.445566,0.7666666507720947,0.7429535984992981,30.0,2026-04-15 17:28:57,33.0,5.4768181818181825,30.017599999999998,221.63636363636363,30.0,1.0,0.0087877167388796,30,2026-04-15 17:28:51,33.0,8.211212121212123,35.9214,221.87878787878788,30.0,2.0,10.1845,10.28125,1311.0,1.0,10.053,10.053,1263.0
attempt:8:round:7,8,7,2026-04-15 17:29:56,0.983333,0.093956,0.291059,0.31255,0.5598,0.447362,0.9666666388511658,0.1697461456060409,30.0,2026-04-15 17:29:56,33.0,6.213666666666668,32.1184,222.4848484848485,30.0,1.0,0.0181665029376745,30,2026-04-15 17:29:51,33.0,8.685545454545455,37.94799999999999,221.84848484848484,30.0,2.0,11.716000000000001,12.004,1309.5,1.0,10.128,10.128,1257.0
attempt:8:round:8,8,8,2026-04-15 17:30:55,0.95,0.10189,0.290891,0.318526,0.561403,0.448508,0.8999999761581421,0.1889974325895309,30.0,2026-04-15 17:30:55,33.0,5.791787878787878,32.1506,221.6060606060606,30.0,1.0,0.0147825041785836,30,2026-04-15 17:30:50,33.0,7.484484848484849,37.343999999999994,221.87878787878788,30.0,2.0,11.3605,12.370750000000001,1312.0,1.0,11.784,11.784,1261.0
attempt:8:round:9,8,9,2026-04-15 17:31:54,0.95,0.141639,0.292237,0.321099,0.563408,0.451129,0.8999999761581421,0.2741398215293884,30.0,2026-04-15 17:31:54,33.0,6.028909090909091,31.465999999999998,222.21212121212122,30.0,1.0,0.0091381333768367,30,2026-04-15 17:31:49,33.0,8.38869696969697,44.33919999999998,222.27272727272728,30.0,2.0,14.3945,16.52255,1312.5,1.0,11.413,11.413,1261.0
attempt:8:round:10,8,10,2026-04-15 17:32:59,0.916667,0.243116,0.293418,0.317993,0.566637,0.449459,0.8333333134651184,0.450334221124649,30.0,2026-04-15 17:32:59,33.0,6.182575757575758,32.6956,221.42424242424244,30.0,1.0,0.0358985178172588,30,2026-04-15 17:32:54,33.0,7.851424242424242,43.308599999999984,222.0,30.0,2.0,10.9575,11.41605,1313.0,1.0,10.061,10.061,1266.0
attempt:8:round:11,8,11,2026-04-15 17:33:59,0.933333,0.153539,0.293342,0.315386,0.567262,0.449883,0.8666666746139526,0.2971599698066711,30.0,2026-04-15 17:33:59,33.0,6.360696969696971,33.8146,221.57575757575756,30.0,1.0,0.0099184727296233,30,2026-04-15 17:33:55,32.0,8.139875,37.77844999999999,225.40625,29.0,2.0,10.793,11.454500000000001,1314.5,1.0,10.241,10.241,1264.0
attempt:8:round:12,8,12,2026-04-15 17:35:00,0.966667,0.114245,0.293876,0.315533,0.568778,0.452352,0.9333333373069764,0.2175629734992981,30.0,2026-04-15 17:35:00,33.0,6.3556060606060605,33.53159999999999,222.0,30.0,1.0,0.0109269954264163,30,2026-04-15 17:34:53,33.0,7.918515151515151,39.64579999999997,222.36363636363637,30.0,2.0,10.991,11.4383,1311.0,1.0,11.58,11.58,1263.0
attempt:8:round:13,8,13,2026-04-15 17:36:01,0.9,0.167055,0.294627,0.317603,0.570153,0.456091,0.800000011920929,0.314892441034317,30.0,2026-04-15 17:36:01,33.0,6.123212121212121,31.741799999999994,222.06060606060606,30.0,1.0,0.0192167703062295,30,2026-04-15 17:35:54,33.0,7.558848484848485,42.207599999999985,222.3030303030303,30.0,2.0,16.121000000000002,17.389100000000003,1313.0,1.0,19.116,19.116,1263.0
attempt:8:round:14,8,14,2026-04-15 17:37:03,0.983333,0.062423,0.294816,0.318314,0.564176,0.458749,0.9666666388511658,0.1138919442892074,30.0,2026-04-15 17:37:02,33.0,6.363878787878788,33.48239999999999,222.06060606060606,30.0,1.0,0.0109542459249496,30,2026-04-15 17:37:00,32.0,6.861593750000001,37.28914999999999,225.15625,29.0,2.0,11.222999999999999,11.7657,1311.0,1.0,9.859,9.859,1259.0
attempt:8:round:15,8,15,2026-04-15 17:38:02,0.966667,0.094135,0.295274,0.320315,0.563621,0.461755,0.9333333373069764,0.1746582090854644,30.0,2026-04-15 17:38:02,33.0,5.803090909090909,32.25379999999999,221.87878787878788,30.0,1.0,0.0136112095788121,30,2026-04-15 17:38:01,33.0,6.619939393939393,34.980999999999995,221.6060606060606,30.0,2.0,10.8355,10.88725,1309.0,1.0,11.264,11.264,1262.0
attempt:8:round:16,8,16,2026-04-15 17:39:01,0.983333,0.052529,0.29577,0.324809,0.564961,0.465382,0.9666666388511658,0.101975180208683,30.0,2026-04-15 17:39:01,33.0,5.6341212121212125,31.6918,222.15151515151516,30.0,1.0,0.0030825191643089,30,2026-04-15 17:39:01,33.0,6.523818181818182,34.09779999999999,222.21212121212122,30.0,2.0,12.259,12.5002,1312.5,1.0,15.324,15.324,1260.0
attempt:8:round:17,8,17,2026-04-15 17:39:59,1.0,0.013581,0.297151,0.328204,0.567134,0.47023,1.0,0.0219226013869047,30.0,2026-04-15 17:39:59,33.0,6.389060606060606,32.819399999999995,222.3939393939394,30.0,1.0,0.0052394513040781,30,2026-04-15 17:39:59,33.0,7.056090909090909,35.718199999999996,222.33333333333334,30.0,2.0,19.9995,23.60085,1308.0,1.0,9.91,9.91,1261.0
attempt:8:round:18,8,18,2026-04-15 17:40:58,0.933333,0.123744,0.298412,0.329765,0.567874,0.473574,0.8666666746139526,0.2409465759992599,30.0,2026-04-15 17:40:58,33.0,5.391484848484848,30.8162,220.75757575757575,30.0,1.0,0.0065407431684434,30,2026-04-15 17:40:58,33.0,6.358515151515152,34.3254,222.42424242424244,30.0,2.0,15.779,20.761400000000002,1307.5,1.0,21.578,21.578,1263.0
attempt:8:round:19,8,19,2026-04-15 17:41:57,0.966667,0.107467,0.298662,0.323869,0.570641,0.471167,0.9333333373069764,0.2105444073677063,30.0,2026-04-15 17:41:57,33.0,5.884757575757575,30.963199999999997,221.78787878787878,30.0,1.0,0.0043899966403841,30,2026-04-15 17:41:57,33.0,6.492848484848485,34.3062,222.6060606060606,30.0,2.0,17.509,23.993499999999997,1309.5,1.0,12.206,12.206,1264.0
attempt:8:round:20,8,20,2026-04-15 17:42:56,0.95,0.151913,0.299321,0.324661,0.574506,0.473727,0.8999999761581421,0.2964580655097961,30.0,2026-04-15 17:42:56,33.0,6.009484848484848,31.7338,221.96969696969697,30.0,1.0,0.00736776413396,30,2026-04-15 17:42:56,33.0,6.150909090909091,32.5888,222.33333333333334,30.0,2.0,10.4775,10.48065,1310.5,1.0,10.2,10.2,1262.0
attempt:9:round:1,9,1,2026-04-15 17:49:44,0.8,0.558471,0.288657,0.292287,0.54239,0.40808,0.800000011920929,0.5612294673919678,30.0,2026-04-15 17:49:43,37.0,4.537864864864864,10.132199999999886,179.94594594594594,35.0,0.800000011920929,0.5557125210762024,30,2026-04-15 17:49:44,32.0,5.35396875,16.89199999999998,190.71875,30.0,2.0,10.898,11.3075,1312.0,1.0,11.661,11.661,1261.0
attempt:9:round:2,9,2,2026-04-15 17:50:37,0.966667,0.140777,0.293921,0.29609,0.557061,0.426495,1.0,0.0916161686182022,30.0,2026-04-15 17:50:37,28.0,6.268642857142857,31.760499999999997,241.10714285714286,25.0,0.9333333373069764,0.189937025308609,30,2026-04-15 17:50:37,34.0,6.174911764705882,35.14485,219.05882352941177,31.0,2.0,11.515,12.01,1312.0,1.0,12.61,12.61,1258.0
attempt:9:round:3,9,3,2026-04-15 17:51:37,1.0,0.039211,0.297037,0.305357,0.564498,0.439899,1.0,0.0254339594393968,30.0,2026-04-15 17:51:38,33.0,6.355272727272728,31.403399999999994,222.12121212121212,30.0,1.0,0.0529874004423618,30,2026-04-15 17:51:35,33.0,6.868818181818183,32.8946,222.15151515151516,30.0,2.0,11.943,13.2615,1308.5,1.0,11.15,11.15,1265.0
attempt:9:round:4,9,4,2026-04-15 17:52:36,1.0,0.024904,0.298946,0.310883,0.56961,0.447431,1.0,0.0324813872575759,30.0,2026-04-15 17:52:36,35.0,5.459885714285714,33.5984,215.9142857142857,32.0,1.0,0.0173258762806653,30,2026-04-15 17:52:36,32.0,6.07825,31.573999999999998,225.78125,29.0,2.0,10.435500000000001,10.691550000000001,1306.5,1.0,11.102,11.102,1263.0
attempt:9:round:5,9,5,2026-04-15 17:53:42,0.983333,0.135768,0.29839,0.312233,0.566731,0.452656,0.9666666388511658,0.2395325154066085,30.0,2026-04-15 17:53:42,31.0,6.419161290322581,32.7825,228.51612903225808,28.0,1.0,0.0320034697651863,30,2026-04-15 17:53:37,34.0,7.834529411764707,37.6329,219.02941176470588,31.0,2.0,10.842,10.8564,1308.0,1.0,10.979,10.979,1261.0
attempt:9:round:6,9,6,2026-04-15 17:54:40,0.8,0.492693,0.290895,0.300878,0.547329,0.43987,0.800000011920929,0.5766676664352417,30.0,2026-04-15 17:54:40,33.0,6.137363636363637,31.907799999999998,221.06060606060606,30.0,0.800000011920929,0.4087181389331817,30,2026-04-15 17:54:40,32.0,7.177687500000001,34.9274,225.53125,29.0,2.0,18.4165,19.306150000000002,1314.0,1.0,11.646,11.646,1261.0
attempt:9:round:7,9,7,2026-04-15 17:55:40,0.883333,0.287913,0.289294,0.300174,0.536179,0.436275,0.8999999761581421,0.2113615721464157,30.0,2026-04-15 17:55:40,33.0,5.904848484848485,31.245999999999995,222.27272727272728,30.0,0.8666666746139526,0.3644654154777527,30,2026-04-15 17:55:39,33.0,6.814121212121211,35.12679999999999,222.3939393939394,30.0,2.0,10.6085,10.872649999999998,1313.5,1.0,11.159,11.159,1263.0
attempt:9:round:8,9,8,2026-04-15 17:56:41,0.9,0.256608,0.288525,0.300721,0.532105,0.438657,0.9333333373069764,0.1543029397726059,30.0,2026-04-15 17:56:39,33.0,6.143515151515151,30.706599999999998,222.06060606060606,30.0,0.8666666746139526,0.3589133620262146,30,2026-04-15 17:56:39,33.0,6.8522727272727275,34.94,221.0909090909091,30.0,2.0,12.8095,14.472249999999999,1317.0,1.0,17.903,17.903,1258.0
attempt:9:round:9,9,9,2026-04-15 17:57:40,0.85,0.295224,0.288402,0.296943,0.529922,0.443754,0.8333333134651184,0.3553286492824554,30.0,2026-04-15 17:57:40,33.0,6.121151515151515,31.574999999999996,221.45454545454547,30.0,0.8666666746139526,0.2351197749376297,30,2026-04-15 17:57:40,33.0,6.429666666666667,34.117599999999996,221.87878787878788,30.0,2.0,10.5655,10.790049999999999,1312.0,1.0,10.396,10.396,1259.0
attempt:9:round:10,9,10,2026-04-15 17:58:40,0.866667,0.353417,0.289333,0.29048,0.530424,0.450428,0.7666666507720947,0.5990232825279236,30.0,2026-04-15 17:58:39,33.0,7.206151515151515,32.382,220.63636363636363,30.0,0.9666666388511658,0.1078101769089698,30,2026-04-15 17:58:39,33.0,6.685909090909091,33.840199999999996,221.8181818181818,30.0,2.0,15.893999999999998,20.5749,1314.0,1.0,14.973,14.973,1262.0
attempt:9:round:11,9,11,2026-04-15 17:59:39,0.833333,0.335582,0.2902,0.286114,0.531261,0.45597,0.8333333134651184,0.3462404310703277,30.0,2026-04-15 17:59:39,33.0,6.331939393939394,31.2658,222.0909090909091,30.0,0.8333333134651184,0.3249226212501526,30,2026-04-15 17:59:38,33.0,6.940848484848485,36.605599999999995,221.87878787878788,30.0,2.0,10.680499999999999,10.99775,1315.0,1.0,9.968,9.968,1261.0
attempt:9:round:12,9,12,2026-04-15 18:00:38,0.866667,0.269349,0.289665,0.285368,0.525181,0.459408,1.0,0.0835349410772323,30.0,2026-04-15 18:00:38,33.0,6.378878787878787,32.38699999999999,222.0,30.0,0.7333333492279053,0.4551630914211273,30,2026-04-15 18:00:37,33.0,6.48039393939394,30.969599999999996,221.45454545454547,30.0,2.0,10.3515,10.376249999999999,1310.5,1.0,10.583,10.583,1262.0
attempt:9:round:13,9,13,2026-04-15 18:01:38,0.966667,0.116645,0.290641,0.277249,0.52477,0.463548,0.9666666388511658,0.1283881366252899,30.0,2026-04-15 18:01:37,33.0,6.122545454545455,33.52719999999999,221.3939393939394,30.0,0.9666666388511658,0.1049019172787666,30,2026-04-15 18:01:38,33.0,6.777272727272728,32.8032,222.3939393939394,30.0,2.0,13.613,16.567700000000002,1313.5,1.0,13.868,13.868,1265.0
attempt:9:round:14,9,14,2026-04-15 18:02:37,0.95,0.206365,0.290886,0.275282,0.525133,0.468658,0.9666666388511658,0.1245232447981834,30.0,2026-04-15 18:02:37,33.0,6.181424242424242,33.967999999999996,221.63636363636363,30.0,0.9333333373069764,0.2882060408592224,30,2026-04-15 18:02:37,33.0,6.866333333333334,34.594,221.78787878787878,30.0,2.0,10.507000000000001,10.741900000000001,1314.5,1.0,11.798,11.798,1259.0
attempt:9:round:15,9,15,2026-04-15 18:03:36,0.966667,0.134026,0.290639,0.277926,0.524851,0.471884,1.0,0.0874937325716018,30.0,2026-04-15 18:03:36,33.0,6.029757575757576,31.8466,222.36363636363637,30.0,0.9333333373069764,0.1805576533079147,30,2026-04-15 18:03:36,33.0,6.955969696969698,31.519599999999997,222.1818181818182,30.0,2.0,10.506,10.5681,1311.5,1.0,13.166,13.166,1263.0
attempt:9:round:16,9,16,2026-04-15 18:04:35,0.933333,0.176438,0.291462,0.280342,0.52639,0.475408,0.9333333373069764,0.1675271838903427,30.0,2026-04-15 18:04:35,33.0,6.153666666666667,32.7176,221.1818181818182,30.0,0.9333333373069764,0.1853497326374054,30,2026-04-15 18:04:35,33.0,7.033242424242425,33.3906,221.78787878787878,30.0,2.0,10.770499999999998,11.10215,1312.0,1.0,10.521,10.521,1262.0
attempt:9:round:17,9,17,2026-04-15 18:05:34,0.8,0.413783,0.291955,0.276617,0.53046,0.475422,0.8666666746139526,0.1816011816263198,30.0,2026-04-15 18:05:34,33.0,5.709818181818181,30.772199999999998,221.6969696969697,30.0,0.7333333492279053,0.645965576171875,30,2026-04-15 18:05:33,33.0,6.7739393939393935,36.4712,221.72727272727272,30.0,2.0,13.5215,16.12295,1315.0,1.0,13.292,13.292,1267.0
attempt:9:round:18,9,18,2026-04-15 18:06:33,0.95,0.180033,0.291353,0.27255,0.531704,0.47425,0.9666666388511658,0.1387568265199661,30.0,2026-04-15 18:06:33,33.0,5.666090909090909,30.0708,221.57575757575756,30.0,0.9333333373069764,0.2213097214698791,30,2026-04-15 18:06:33,33.0,7.01039393939394,36.8488,222.3030303030303,30.0,2.0,11.852,12.3254,1314.0,1.0,11.69,11.69,1263.0
attempt:9:round:19,9,19,2026-04-15 18:07:33,0.933333,0.196686,0.290369,0.272433,0.534747,0.472232,0.8999999761581421,0.2859277725219726,30.0,2026-04-15 18:07:32,33.0,5.715090909090908,31.733599999999996,221.78787878787878,30.0,0.9666666388511658,0.1074439734220504,30,2026-04-15 18:07:32,33.0,6.994606060606061,34.8786,222.1818181818182,30.0,2.0,12.5655,13.61985,1315.5,1.0,13.193,13.193,1259.0
attempt:9:round:20,9,20,2026-04-15 18:08:32,0.933333,0.178108,0.290633,0.265012,0.532505,0.474873,0.8666666746139526,0.2851769626140594,30.0,2026-04-15 18:08:32,33.0,5.863848484848485,31.709999999999997,221.27272727272728,30.0,1.0,0.0710382685065269,30,2026-04-15 18:08:32,33.0,7.231969696969697,34.7498,220.5151515151515,30.0,2.0,10.3885,10.50685,1310.0,1.0,10.975,10.975,1260.0
attempt:10:round:1,10,1,2026-04-15 18:15:59,0.766667,0.716873,0.289522,0.292051,0.540919,0.409526,0.7333333492279053,0.7262839674949646,30.0,2026-04-15 18:15:57,36.0,5.099527777777777,12.473500000000001,181.86111111111111,34.0,0.800000011920929,0.707461953163147,30,2026-04-15 18:15:59,32.0,5.64134375,16.89144999999998,189.84375,30.0,2.0,11.6845,12.01705,1312.5,1.0,13.541,13.541,1263.0
attempt:10:round:2,10,2,2026-04-15 18:16:53,0.966667,0.140104,0.293115,0.296928,0.554844,0.425787,0.9333333373069764,0.1815472394227981,30.0,2026-04-15 18:16:54,29.0,6.616586206896553,32.987399999999994,236.3793103448276,26.0,1.0,0.098659761250019,30,2026-04-15 18:16:53,34.0,6.190911764705882,36.1645,219.61764705882354,31.0,2.0,10.972000000000001,11.9404,1313.0,1.0,15.455,15.455,1263.0
attempt:10:round:3,10,3,2026-04-15 18:17:53,1.0,0.037189,0.297042,0.307292,0.563961,0.441028,1.0,0.0379756279289722,30.0,2026-04-15 18:17:53,33.0,6.030545454545454,31.245399999999993,222.06060606060606,30.0,1.0,0.036402154713869,30,2026-04-15 18:17:53,33.0,6.557666666666667,36.007,222.3939393939394,30.0,2.0,11.362,11.4376,1307.5,1.0,11.23,11.23,1262.0
attempt:10:round:4,10,4,2026-04-15 18:18:51,1.0,0.016519,0.3001,0.31195,0.571498,0.450025,1.0,0.0141655951738357,30.0,2026-04-15 18:18:51,33.0,6.040121212121211,31.429399999999998,222.0,30.0,1.0,0.0188718754798173,30,2026-04-15 18:18:51,33.0,6.444454545454546,32.96059999999999,222.21212121212122,30.0,2.0,11.77,12.647499999999999,1304.0,1.0,11.207,11.207,1262.0
attempt:10:round:5,10,5,2026-04-15 18:19:50,1.0,0.015542,0.302098,0.318584,0.576711,0.45525,1.0,0.0199501439929008,30.0,2026-04-15 18:19:50,33.0,6.878181818181819,33.2236,222.1818181818182,30.0,1.0,0.0111335357651114,30,2026-04-15 18:19:49,33.0,6.559272727272727,33.4022,222.15151515151516,30.0,2.0,11.8235,12.68975,1310.0,1.0,10.148,10.148,1258.0
attempt:10:round:6,10,6,2026-04-15 18:20:49,1.0,0.009494,0.303174,0.323408,0.579545,0.458393,1.0,0.0046235485933721,30.0,2026-04-15 18:20:49,33.0,5.793666666666667,30.733199999999997,222.24242424242425,30.0,1.0,0.014365404844284,30,2026-04-15 18:20:48,33.0,6.937515151515152,36.0212,222.27272727272728,30.0,2.0,11.113,11.636800000000001,1307.0,1.0,10.984,10.984,1260.0
attempt:10:round:7,10,7,2026-04-15 18:21:54,0.983333,0.111128,0.301722,0.317977,0.573791,0.460998,0.9666666388511658,0.1986551284790039,30.0,2026-04-15 18:21:54,33.0,6.196575757575757,33.008199999999995,222.3030303030303,30.0,1.0,0.0236007701605558,30,2026-04-15 18:21:52,33.0,7.320939393939393,35.22079999999999,222.06060606060606,30.0,2.0,10.989999999999998,11.1961,1308.0,1.0,11.43,11.43,1262.0
attempt:10:round:8,10,8,2026-04-15 18:22:53,0.85,0.433231,0.292267,0.301669,0.546915,0.442942,0.8999999761581421,0.2892778813838959,30.0,2026-04-15 18:22:53,33.0,6.596030303030304,31.2244,222.33333333333334,30.0,0.800000011920929,0.5771833062171936,30,2026-04-15 18:22:52,33.0,6.932,33.6622,222.21212121212122,30.0,2.0,11.188500000000001,11.28345,1317.0,1.0,11.156,11.156,1265.0
attempt:10:round:9,10,9,2026-04-15 18:23:52,0.883333,0.37669,0.289169,0.288774,0.54307,0.436605,0.8333333134651184,0.5356265902519226,30.0,2026-04-15 18:23:52,33.0,6.250484848484848,32.3242,221.8181818181818,30.0,0.9333333373069764,0.2177537977695465,30,2026-04-15 18:23:52,32.0,6.7259062499999995,33.5468,224.8125,29.0,2.0,11.5795,12.022749999999998,1315.0,1.0,14.692,14.692,1262.0
attempt:10:round:10,10,10,2026-04-15 18:24:51,0.866667,0.425706,0.288379,0.290679,0.536432,0.441932,0.8333333134651184,0.4842453002929687,30.0,2026-04-15 18:24:51,33.0,6.091848484848484,31.872799999999994,221.6060606060606,30.0,0.8999999761581421,0.3671661913394928,30,2026-04-15 18:24:51,34.0,6.553911764705881,33.408849999999994,219.11764705882354,31.0,2.0,16.361,19.466900000000003,1315.5,1.0,10.908,10.908,1262.0
attempt:10:round:11,10,11,2026-04-15 18:25:50,0.85,0.323838,0.287489,0.282784,0.522886,0.447355,0.800000011920929,0.4104988276958465,30.0,2026-04-15 18:25:50,33.0,6.219484848484849,32.4708,221.24242424242425,30.0,0.8999999761581421,0.2371762543916702,30,2026-04-15 18:25:50,33.0,7.11039393939394,34.803,222.12121212121212,30.0,2.0,10.834,11.2228,1316.0,1.0,12.528,12.528,1269.0
attempt:10:round:12,10,12,2026-04-15 18:26:49,0.933333,0.186699,0.287973,0.286204,0.519452,0.45504,0.8999999761581421,0.1842896491289138,30.0,2026-04-15 18:26:49,33.0,6.795090909090909,32.89999999999999,222.63636363636363,30.0,0.9666666388511658,0.1891092956066131,30,2026-04-15 18:26:49,33.0,5.870424242424242,32.64739999999999,222.6060606060606,30.0,2.0,10.593499999999999,10.75775,1318.0,1.0,12.402,12.402,1263.0
attempt:10:round:13,10,13,2026-04-15 18:27:48,0.85,0.288288,0.288239,0.285236,0.519241,0.460709,0.8666666746139526,0.2874134182929992,30.0,2026-04-15 18:27:48,33.0,6.238545454545454,31.7548,221.96969696969697,30.0,0.8333333134651184,0.2891633808612823,30,2026-04-15 18:27:47,33.0,6.163515151515151,32.967,221.3939393939394,30.0,2.0,11.958,11.9859,1313.0,1.0,15.916,15.916,1267.0
attempt:10:round:14,10,14,2026-04-15 18:28:49,0.916667,0.21706,0.288728,0.285937,0.519346,0.464721,0.8999999761581421,0.2624858915805816,30.0,2026-04-15 18:28:49,33.0,6.358,35.240399999999994,222.0909090909091,30.0,0.9333333373069764,0.1716333329677581,30,2026-04-15 18:28:48,33.0,6.791090909090909,33.626599999999996,222.78787878787878,30.0,2.0,10.631499999999999,10.98475,1314.5,1.0,9.815,9.815,1262.0
attempt:10:round:15,10,15,2026-04-15 18:29:48,0.883333,0.224941,0.290547,0.283087,0.518796,0.467149,0.8999999761581421,0.2177488654851913,30.0,2026-04-15 18:29:48,33.0,6.36509090909091,33.334999999999994,221.42424242424244,30.0,0.8666666746139526,0.2321327477693557,30,2026-04-15 18:29:48,33.0,6.8611818181818185,38.2564,220.72727272727272,30.0,2.0,10.754999999999999,10.962,1313.0,1.0,12.486,12.486,1260.0
attempt:10:round:16,10,16,2026-04-15 18:30:49,0.916667,0.278612,0.291154,0.282355,0.519069,0.46797,0.9333333373069764,0.2514927685260772,30.0,2026-04-15 18:30:49,33.0,6.198484848484849,32.943,221.42424242424244,30.0,0.8999999761581421,0.3057315051555633,30,2026-04-15 18:30:46,33.0,7.0366060606060605,38.172,221.84848484848484,30.0,2.0,11.849,12.578000000000001,1312.0,1.0,10.913,10.913,1262.0
attempt:10:round:17,10,17,2026-04-15 18:31:51,0.933333,0.260793,0.292422,0.28274,0.518347,0.472348,0.9333333373069764,0.2298083007335662,30.0,2026-04-15 18:31:47,33.0,6.445454545454545,32.20619999999999,221.4848484848485,30.0,0.9333333373069764,0.2917770445346832,30,2026-04-15 18:31:51,32.0,6.5181875,35.7512,224.78125,29.0,2.0,13.318,15.979299999999999,1315.0,1.0,16.818,16.818,1263.0
attempt:10:round:18,10,18,2026-04-15 18:32:51,0.883333,0.238404,0.291335,0.279867,0.517161,0.472158,0.8333333134651184,0.254050999879837,30.0,2026-04-15 18:32:51,33.0,6.132575757575758,31.7518,221.75757575757575,30.0,0.9333333373069764,0.2227576524019241,30,2026-04-15 18:32:49,34.0,6.642852941176471,34.671549999999996,219.08823529411765,31.0,2.0,10.675,11.062899999999999,1315.5,1.0,10.86,10.86,1262.0
attempt:10:round:19,10,19,2026-04-15 18:33:50,0.9,0.210023,0.291748,0.278483,0.517165,0.478227,0.8666666746139526,0.2163440287113189,30.0,2026-04-15 18:33:50,33.0,6.0483939393939385,30.472199999999997,221.4848484848485,30.0,0.9333333373069764,0.203701451420784,30,2026-04-15 18:33:49,33.0,7.173636363636364,35.572599999999994,221.8181818181818,30.0,2.0,17.2985,21.85475,1318.0,1.0,27.547,27.547,1265.0
attempt:10:round:20,10,20,2026-04-15 18:34:49,0.933333,0.139853,0.293376,0.280735,0.519042,0.483878,0.8999999761581421,0.1571979373693466,30.0,2026-04-15 18:34:49,33.0,5.940606060606061,31.204199999999997,222.36363636363637,30.0,0.9666666388511658,0.1225082948803901,30,2026-04-15 18:34:49,33.0,6.710121212121213,33.514599999999994,222.6060606060606,30.0,2.0,10.833,11.211,1317.5,1.0,11.824,11.824,1267.0
attempt:11:round:1,11,1,2026-04-15 18:40:42,0.75,0.906604,0.288574,0.291733,0.540995,0.41006,0.7666666507720947,0.6917151212692261,30.0,2026-04-15 18:40:42,32.0,5.02146875,17.94104999999998,190.3125,30.0,0.7333333492279053,1.1214922666549685,30,2026-04-15 18:40:42,36.0,4.633916666666668,11.818,181.97222222222223,34.0,2.0,19.3045,20.58205,1313.5,1.0,17.758,17.758,1261.0
attempt:11:round:2,11,2,2026-04-15 18:41:35,0.95,0.158162,0.292321,0.295371,0.554168,0.42658,0.9666666388511658,0.1799287647008896,30.0,2026-04-15 18:41:35,33.0,5.813484848484848,33.547399999999996,222.8181818181818,30.0,0.9333333373069764,0.1363951414823532,30,2026-04-15 18:41:35,30.0,6.7651666666666666,36.72405,232.36666666666667,27.0,2.0,11.839500000000001,12.15945,1312.0,1.0,12.443,12.443,1262.0
attempt:11:round:3,11,3,2026-04-15 18:42:37,0.983333,0.062502,0.29583,0.306252,0.5637,0.43717,0.9666666388511658,0.0887817367911338,30.0,2026-04-15 18:42:37,33.0,6.4852727272727275,35.282199999999996,222.21212121212122,30.0,1.0,0.0362218581140041,30,2026-04-15 18:42:37,32.0,6.44253125,34.19075,225.4375,29.0,2.0,12.794,14.243,1312.0,1.0,12.168,12.168,1256.0
attempt:11:round:4,11,4,2026-04-15 18:43:36,1.0,0.022675,0.298063,0.312403,0.570028,0.446557,1.0,0.0180434305220842,30.0,2026-04-15 18:43:36,33.0,5.695212121212122,33.117399999999996,221.9090909090909,30.0,1.0,0.0273073632270097,30,2026-04-15 18:43:36,33.0,6.305757575757576,34.139199999999995,221.87878787878788,30.0,2.0,11.9805,12.204149999999998,1308.0,1.0,13.543,13.543,1260.0
attempt:11:round:5,11,5,2026-04-15 18:44:44,1.0,0.012399,0.299368,0.317495,0.574334,0.451123,1.0,0.0046903332695364,30.0,2026-04-15 18:44:44,33.0,5.322606060606061,31.671999999999997,222.27272727272728,30.0,1.0,0.0201068837195634,30,2026-04-15 18:44:39,36.0,7.865166666666667,40.7115,213.30555555555554,33.0,2.0,10.811499999999999,10.96495,1302.0,1.0,9.986,9.986,1261.0
attempt:11:round:6,11,6,2026-04-15 18:45:43,0.9,0.242563,0.29642,0.313124,0.559022,0.449948,1.0,0.0055918670259416,30.0,2026-04-15 18:45:43,33.0,5.601515151515152,32.6644,222.5151515151515,30.0,0.800000011920929,0.4795337319374084,30,2026-04-15 18:45:38,33.0,8.67539393939394,43.35039999999998,221.6969696969697,30.0,2.0,11.245999999999999,11.4782,1312.5,1.0,10.855,10.855,1264.0
attempt:11:round:7,11,7,2026-04-15 18:46:42,0.95,0.183978,0.295405,0.309577,0.549455,0.452527,0.9666666388511658,0.083684854209423,30.0,2026-04-15 18:46:42,33.0,5.972484848484848,33.615,222.42424242424244,30.0,0.9333333373069764,0.2842716872692108,30,2026-04-15 18:46:36,33.0,7.650212121212121,37.859999999999985,221.45454545454547,30.0,2.0,10.148499999999999,10.29295,1312.5,1.0,10.253,10.253,1259.0
attempt:11:round:8,11,8,2026-04-15 18:47:41,0.9,0.254117,0.294932,0.306162,0.549052,0.454881,1.0,0.0220449045300483,30.0,2026-04-15 18:47:41,33.0,5.758242424242424,33.336999999999996,222.21212121212122,30.0,0.800000011920929,0.4861887693405151,30,2026-04-15 18:47:35,33.0,7.741333333333333,35.748999999999995,221.1818181818182,30.0,2.0,15.191,17.3537,1309.0,1.0,11.014,11.014,1263.0
attempt:11:round:9,11,9,2026-04-15 18:48:40,0.966667,0.118733,0.294275,0.304943,0.538166,0.457676,1.0,0.0237851701676845,30.0,2026-04-15 18:48:40,33.0,6.10521212121212,34.0192,222.42424242424244,30.0,0.9333333373069764,0.2136812806129455,30,2026-04-15 18:48:35,33.0,8.679666666666666,41.604199999999985,221.96969696969697,30.0,2.0,10.614,10.8003,1314.5,1.0,11.852,11.852,1259.0
attempt:11:round:10,11,10,2026-04-15 18:49:39,0.966667,0.122137,0.294311,0.310791,0.536597,0.463012,1.0,0.0168476477265357,30.0,2026-04-15 18:49:39,33.0,5.766212121212121,32.1134,222.21212121212122,30.0,0.9333333373069764,0.2274262756109237,30,2026-04-15 18:49:33,33.0,8.084727272727273,36.09119999999999,221.45454545454547,30.0,2.0,14.612,14.754199999999999,1306.5,1.0,14.281,14.281,1259.0
attempt:11:round:11,11,11,2026-04-15 18:50:37,0.9,0.238231,0.294509,0.307337,0.53893,0.466877,0.9666666388511658,0.0606987960636615,30.0,2026-04-15 18:50:37,33.0,5.8009393939393945,32.0458,222.57575757575756,30.0,0.8333333134651184,0.4157622754573822,30,2026-04-15 18:50:32,33.0,7.730030303030303,38.33839999999999,221.75757575757575,30.0,2.0,11.5215,11.69115,1313.5,1.0,11.253,11.253,1261.0
attempt:11:round:12,11,12,2026-04-15 18:51:36,0.933333,0.184959,0.294214,0.308257,0.539052,0.46931,1.0,0.0068825483322143,30.0,2026-04-15 18:51:36,33.0,7.045454545454545,33.160799999999995,221.87878787878788,30.0,0.8666666746139526,0.3630345165729522,30,2026-04-15 18:51:30,33.0,7.247545454545455,33.092999999999996,220.84848484848484,30.0,2.0,16.903,22.0339,1310.5,1.0,10.246,10.246,1256.0
attempt:11:round:13,11,13,2026-04-15 18:52:36,0.883333,0.174798,0.293959,0.302752,0.540146,0.468068,1.0,0.0130376853048801,30.0,2026-04-15 18:52:36,33.0,6.366303030303031,34.4662,221.66666666666666,30.0,0.7666666507720947,0.3365587890148163,30,2026-04-15 18:52:29,33.0,7.865212121212122,43.34779999999997,220.42424242424244,30.0,2.0,12.5465,13.524349999999998,1306.5,1.0,12.344,12.344,1266.0
attempt:11:round:14,11,14,2026-04-15 18:53:35,0.95,0.115257,0.294708,0.304459,0.541055,0.471781,1.0,0.0361005626618862,30.0,2026-04-15 18:53:35,33.0,6.255333333333333,32.95759999999999,222.36363636363637,30.0,0.8999999761581421,0.1944136023521423,30,2026-04-15 18:53:30,33.0,7.709757575757576,43.026599999999966,220.72727272727272,30.0,2.0,17.017,22.219,1310.0,1.0,11.476,11.476,1260.0
attempt:11:round:15,11,15,2026-04-15 18:54:34,0.916667,0.150432,0.295674,0.308001,0.54125,0.475642,1.0,0.0099765127524733,30.0,2026-04-15 18:54:34,33.0,6.120030303030304,32.6224,222.15151515151516,30.0,0.8333333134651184,0.2908882200717926,30,2026-04-15 18:54:29,33.0,7.854666666666667,46.462399999999974,221.42424242424244,30.0,2.0,11.36,11.4635,1309.5,1.0,11.309,11.309,1263.0
attempt:11:round:16,11,16,2026-04-15 18:55:32,0.916667,0.15957,0.296278,0.309255,0.542298,0.478637,1.0,0.0132134836167097,30.0,2026-04-15 18:55:32,33.0,6.31469696969697,32.345,222.06060606060606,30.0,0.8333333134651184,0.3059262037277221,30,2026-04-15 18:55:27,33.0,8.498878787878787,45.44339999999997,220.87878787878788,30.0,2.0,13.71,14.7981,1311.0,1.0,11.646,11.646,1261.0
attempt:11:round:17,11,17,2026-04-15 18:56:31,0.916667,0.141149,0.296808,0.30814,0.544766,0.483352,1.0,0.0088982880115509,30.0,2026-04-15 18:56:31,33.0,6.192757575757575,31.18,222.06060606060606,30.0,0.8333333134651184,0.2733990848064422,30,2026-04-15 18:56:26,33.0,7.91251515151515,43.522999999999975,222.06060606060606,30.0,2.0,10.6115,10.62545,1311.0,1.0,10.92,10.92,1257.0
attempt:11:round:18,11,18,2026-04-15 18:57:29,0.933333,0.14123,0.296781,0.310816,0.544545,0.489276,1.0,0.0256659351289272,30.0,2026-04-15 18:57:29,33.0,5.680666666666666,32.4932,222.0,30.0,0.8666666746139526,0.2567946314811706,30,2026-04-15 18:57:24,33.0,7.4025454545454545,35.678999999999995,221.24242424242425,30.0,2.0,11.1415,11.52985,1309.5,1.0,13.817,13.817,1258.0
attempt:11:round:19,11,19,2026-04-15 18:58:30,0.866667,0.231651,0.296781,0.312989,0.543866,0.495593,1.0,0.0053617875091731,30.0,2026-04-15 18:58:31,33.0,5.913939393939394,32.4514,222.5151515151515,30.0,0.7333333492279053,0.4579411149024963,30,2026-04-15 18:58:23,33.0,6.508181818181819,33.9794,221.12121212121212,30.0,2.0,20.714,21.7283,1311.0,1.0,18.106,18.106,1257.0
attempt:11:round:20,11,20,2026-04-15 18:59:29,0.933333,0.123043,0.296923,0.312076,0.546035,0.500903,1.0,0.0034187291748821,30.0,2026-04-15 18:59:30,33.0,6.057818181818182,32.819599999999994,222.0909090909091,30.0,0.8666666746139526,0.2426678538322448,30,2026-04-15 18:59:24,33.0,8.002939393939393,34.40379999999999,221.6060606060606,30.0,2.0,10.7805,11.23365,1310.0,1.0,10.999,10.999,1265.0
