trace_id,attempt_id,global_round,global_timestamp,global_accuracy,global_loss,w3_mag,w4_normal,w4_brute,w4_scan,gateway_A_local_accuracy,gateway_A_local_loss,gateway_A_local_num_samples,gateway_A_local_timestamp,gateway_A_gateway_events,gateway_A_gateway_decrypt_avg_ms,gateway_A_gateway_decrypt_p95_ms,gateway_A_gateway_avg_overhead_bytes,gateway_A_gateway_samples_seen,gateway_A_fog_accuracy,gateway_A_fog_loss,gateway_A_fog_num_samples,gateway_A_fog_peer_count,gateway_A_fog_timestamp,gateway_B_local_accuracy,gateway_B_local_loss,gateway_B_local_num_samples,gateway_B_local_timestamp,gateway_B_gateway_events,gateway_B_gateway_decrypt_avg_ms,gateway_B_gateway_decrypt_p95_ms,gateway_B_gateway_avg_overhead_bytes,gateway_B_gateway_samples_seen,server_rpi_pc_events,server_rpi_pc_avg_ms,server_rpi_pc_p95_ms,server_rpi_pc_avg_overhead_bytes,server_pc_rpi_events,server_pc_rpi_avg_ms,server_pc_rpi_p95_ms,server_pc_rpi_avg_overhead_bytes
attempt:2:round:1,2,1,2026-04-22 17:44:53,1.0,0.422428,0.173333,0.106474,0.398774,0.268649,1.0,0.5549505949020386,30,2026-04-22 17:44:53,33.0,6.814848484848486,39.33099999999999,224.75757575757575,30.0,1.0,0.4224279969930649,60,2.0,2026-04-22 17:44:53,1.0,0.2899053990840912,30,2026-04-22 17:44:50,39.0,4.655564102564103,7.274200000000041,177.56410256410257,37.0,1.0,11.481,11.481,1340.0,1.0,10.379,10.379,1291.0
attempt:2:round:2,2,2,2026-04-22 17:45:42,1.0,0.291192,0.197013,0.155121,0.427155,0.325115,1.0,0.3466468453407287,30,2026-04-22 17:45:42,36.0,6.4760277777777775,35.707,281.5,31.0,1.0,0.291191928088665,60,2.0,2026-04-22 17:45:42,1.0,0.2357370108366012,30,2026-04-22 17:45:42,27.0,5.977592592592592,34.72,248.03703703703704,24.0,1.0,10.576,10.576,1336.0,1.0,13.53,13.53,1286.0
attempt:2:round:3,2,3,2026-04-22 17:46:46,1.0,0.035616,0.228922,0.236235,0.461252,0.38695,1.0,0.0318443290889263,30,2026-04-22 17:46:46,34.0,7.65,37.8506,290.6764705882353,29.0,1.0,0.0356158539652824,60,2.0,2026-04-22 17:46:46,1.0,0.0393873788416385,30,2026-04-22 17:46:41,34.0,6.793205882352941,34.0027,220.55882352941177,31.0,1.0,10.565,10.565,1331.0,1.0,12.142,12.142,1279.0
attempt:2:round:4,2,4,2026-04-22 17:47:46,0.8,0.475499,0.220382,0.194088,0.47109,0.355337,0.800000011920929,0.4928201735019684,30,2026-04-22 17:47:44,37.0,6.313567567567569,33.8668,275.1081081081081,32.0,0.800000011920929,0.4754986464977264,60,2.0,2026-04-22 17:47:46,0.800000011920929,0.4581771194934845,30,2026-04-22 17:47:46,32.0,6.297375,36.82184999999999,226.3125,29.0,1.0,10.701,10.701,1331.0,1.0,13.825,13.825,1273.0
attempt:2:round:5,2,5,2026-04-22 17:48:45,0.783333,0.390731,0.223488,0.171907,0.503302,0.354015,0.7666666507720947,0.4080157876014709,30,2026-04-22 17:48:44,35.0,6.873114285714285,34.43619999999999,283.8,30.0,0.7833333313465118,0.3907306343317032,60,2.0,2026-04-22 17:48:45,0.800000011920929,0.3734454810619354,30,2026-04-22 17:48:45,33.0,5.5763030303030305,33.5276,222.78787878787878,30.0,1.0,52.143,52.143,1330.0,1.0,70.955,70.955,1276.0
attempt:2:round:6,2,6,2026-04-22 17:49:43,0.883333,0.301763,0.235182,0.172471,0.545012,0.389594,0.9333333373069764,0.2533549070358276,30,2026-04-22 17:49:43,35.0,6.803714285714285,34.141,284.9142857142857,30.0,0.8833333253860474,0.3017632067203522,60,2.0,2026-04-22 17:49:43,0.8333333134651184,0.3501715064048767,30,2026-04-22 17:49:43,33.0,5.37630303030303,33.77459999999999,223.3939393939394,30.0,1.0,66.525,66.525,1333.0,1.0,51.165,51.165,1279.0
attempt:2:round:7,2,7,2026-04-22 17:50:42,0.966667,0.165824,0.249561,0.180889,0.58542,0.425824,0.9666666388511658,0.1493038386106491,30,2026-04-22 17:50:42,35.0,6.9563428571428565,34.1873,284.3142857142857,30.0,0.9666666388511658,0.1658243313431739,60,2.0,2026-04-22 17:50:43,0.9666666388511658,0.1823448240756988,30,2026-04-22 17:50:42,33.0,5.167212121212121,33.2448,223.8181818181818,30.0,1.0,16.819,16.819,1333.0,1.0,12.402,12.402,1276.0
attempt:2:round:8,2,8,2026-04-22 17:51:41,0.9,0.234383,0.260151,0.158479,0.608537,0.451098,0.8999999761581421,0.228668674826622,30,2026-04-22 17:51:41,35.0,6.7818571428571435,34.16749999999999,284.4,30.0,0.8999999761581421,0.2343833222985267,60,2.0,2026-04-22 17:51:41,0.8999999761581421,0.2400979697704315,30,2026-04-22 17:51:41,33.0,5.300575757575757,34.2006,222.9090909090909,30.0,1.0,11.866,11.866,1333.0,1.0,12.807,12.807,1276.0
attempt:2:round:9,2,9,2026-04-22 17:52:40,0.916667,0.245843,0.269727,0.155063,0.640254,0.479814,0.8999999761581421,0.2386022508144378,30,2026-04-22 17:52:40,35.0,7.013714285714286,36.6783,284.0857142857143,30.0,0.9166666567325592,0.2458429634571075,60,2.0,2026-04-22 17:52:40,0.9333333373069764,0.2530836760997772,30,2026-04-22 17:52:40,33.0,5.071818181818182,34.58839999999999,222.33333333333334,30.0,1.0,33.058,33.058,1330.0,1.0,12.359,12.359,1273.0
attempt:2:round:10,2,10,2026-04-22 17:53:38,0.966667,0.162729,0.278587,0.174366,0.672432,0.510836,0.9333333373069764,0.2405099421739578,30,2026-04-22 17:53:39,35.0,6.904628571428572,35.5436,283.8,30.0,0.9666666686534882,0.162728764116764,60,2.0,2026-04-22 17:53:39,1.0,0.0849475860595703,30,2026-04-22 17:53:39,33.0,5.628939393939394,37.0282,222.6969696969697,30.0,1.0,20.227,20.227,1333.0,1.0,13.006,13.006,1279.0
attempt:2:round:11,2,11,2026-04-22 17:54:37,0.983333,0.126262,0.286118,0.186329,0.695961,0.524581,1.0,0.1637241691350937,30,2026-04-22 17:54:37,35.0,7.422742857142855,34.203799999999994,283.0,30.0,0.9833333194255828,0.1262617893517017,60,2.0,2026-04-22 17:54:37,0.9666666388511658,0.0887994095683097,30,2026-04-22 17:54:37,33.0,5.480969696969697,35.43019999999999,223.0909090909091,30.0,1.0,11.221,11.221,1325.0,1.0,11.943,11.943,1268.0
attempt:2:round:12,2,12,2026-04-22 17:55:37,0.916667,0.17469,0.29209,0.193435,0.710401,0.542198,0.8666666746139526,0.2322805821895599,30,2026-04-22 17:55:36,33.0,7.704303030303031,37.826,292.8787878787879,28.0,0.9166666567325592,0.1746897771954536,60,2.0,2026-04-22 17:55:36,0.9666666388511658,0.1170989722013473,30,2026-04-22 17:55:35,33.0,5.697181818181818,34.0674,221.75757575757575,30.0,1.0,10.446,10.446,1322.0,1.0,10.215,10.215,1265.0
attempt:2:round:13,2,13,2026-04-22 17:56:35,0.933333,0.121522,0.302238,0.200138,0.720591,0.569626,0.8999999761581421,0.1959331929683685,30,2026-04-22 17:56:35,35.0,6.828685714285713,35.823699999999995,282.85714285714283,30.0,0.933333307504654,0.1215218361467123,60,2.0,2026-04-22 17:56:35,0.9666666388511658,0.047110479325056,30,2026-04-22 17:56:35,33.0,5.425090909090909,30.941799999999997,222.9090909090909,30.0,1.0,23.919,23.919,1326.0,1.0,23.261,23.261,1272.0
attempt:2:round:14,2,14,2026-04-22 17:57:34,0.983333,0.077948,0.30996,0.193935,0.727903,0.584202,0.9666666388511658,0.1506733447313308,30,2026-04-22 17:57:34,37.0,6.9138918918918915,36.0498,274.4054054054054,32.0,0.9833333194255828,0.077947940910235,60,2.0,2026-04-22 17:57:34,1.0,0.0052225370891392,30,2026-04-22 17:57:34,33.0,5.632848484848485,31.497,223.0909090909091,30.0,1.0,10.515,10.515,1328.0,1.0,11.099,11.099,1275.0
attempt:2:round:15,2,15,2026-04-22 17:58:32,0.933333,0.101683,0.313667,0.202404,0.749652,0.594531,0.8999999761581421,0.1485199481248855,30,2026-04-22 17:58:32,33.0,7.915878787878787,36.0864,294.5151515151515,28.0,0.933333307504654,0.1016830615699291,60,2.0,2026-04-22 17:58:32,0.9666666388511658,0.0548461750149726,30,2026-04-22 17:58:32,33.0,6.360060606060605,33.099199999999996,222.6060606060606,30.0,1.0,20.73,20.73,1329.0,1.0,21.019,21.019,1272.0
attempt:2:round:16,2,16,2026-04-22 17:59:31,1.0,0.049663,0.31477,0.197011,0.745253,0.6077,1.0,0.0387886315584182,30,2026-04-22 17:59:31,35.0,6.7838,35.4675,283.48571428571427,30.0,1.0,0.0496632196009159,60,2.0,2026-04-22 17:59:31,1.0,0.0605378076434135,30,2026-04-22 17:59:31,33.0,6.190636363636363,32.4642,222.54545454545453,30.0,1.0,11.343,11.343,1318.0,1.0,11.683,11.683,1270.0
attempt:2:round:17,2,17,2026-04-22 18:00:30,0.966667,0.086216,0.318098,0.2091,0.757397,0.620195,0.9333333373069764,0.1585970073938369,30,2026-04-22 18:00:30,35.0,7.2504,33.74869999999999,283.0571428571429,30.0,0.9666666686534882,0.0862161740660667,60,2.0,2026-04-22 18:00:30,1.0,0.0138353407382965,30,2026-04-22 18:00:29,33.0,5.799030303030303,32.0058,221.45454545454547,30.0,1.0,11.006,11.006,1328.0,1.0,10.359,10.359,1271.0
attempt:2:round:18,2,18,2026-04-22 18:01:29,0.983333,0.104786,0.321283,0.209788,0.763098,0.632898,0.9666666388511658,0.1944890022277832,30,2026-04-22 18:01:28,37.0,6.4046486486486485,35.873999999999995,274.35135135135135,32.0,0.9833333194255828,0.104785650037229,60,2.0,2026-04-22 18:01:29,1.0,0.0150822978466749,30,2026-04-22 18:01:29,33.0,5.467242424242425,35.0402,222.57575757575756,30.0,1.0,10.976,10.976,1325.0,1.0,17.756,17.756,1272.0
attempt:2:round:19,2,19,2026-04-22 18:02:28,1.0,0.050418,0.32319,0.210453,0.772739,0.630067,1.0,0.0892039164900779,30,2026-04-22 18:02:27,35.0,7.519314285714287,36.1962,283.48571428571427,30.0,1.0,0.0504184681922197,60,2.0,2026-04-22 18:02:28,1.0,0.0116330198943614,30,2026-04-22 18:02:28,33.0,5.190818181818182,35.7978,222.3030303030303,30.0,1.0,12.413,12.413,1323.0,1.0,13.969,13.969,1272.0
attempt:2:round:20,2,20,2026-04-22 18:03:27,0.95,0.127952,0.326618,0.21708,0.782407,0.642261,0.8999999761581421,0.2426077276468277,30,2026-04-22 18:03:26,35.0,7.2991142857142846,35.992599999999996,283.0571428571429,30.0,0.949999988079071,0.1279520983807742,60,2.0,2026-04-22 18:03:27,1.0,0.0132964691147208,30,2026-04-22 18:03:27,33.0,5.470878787878788,34.742799999999995,222.72727272727272,30.0,1.0,10.636,10.636,1326.0,1.0,10.43,10.43,1272.0
attempt:3:round:1,3,1,2026-04-22 18:06:56,1.0,0.335318,0.18181,0.176702,0.374074,0.195656,1.0,0.3993514776229858,30,2026-04-22 18:06:56,33.0,5.274636363636363,33.632,224.8181818181818,30.0,1.0,0.3353180438280105,60,2.0,2026-04-22 18:06:56,1.0,0.2712846100330353,30,2026-04-22 18:06:52,38.0,6.3631315789473675,10.280749999999957,179.07894736842104,36.0,1.0,12.056,12.056,1334.0,1.0,12.127,12.127,1282.0
attempt:3:round:2,3,2,2026-04-22 18:07:49,1.0,0.243989,0.198929,0.220723,0.442523,0.265698,1.0,0.2108054906129837,30,2026-04-22 18:07:49,35.0,7.348085714285714,33.5498,284.57142857142856,30.0,1.0,0.2439894452691078,60,2.0,2026-04-22 18:07:49,1.0,0.2771733999252319,30,2026-04-22 18:07:44,30.0,6.017899999999999,32.830749999999995,234.03333333333333,27.0,1.0,12.33,12.33,1325.0,1.0,12.126,12.126,1273.0
attempt:3:round:3,3,3,2026-04-22 18:08:53,0.983333,0.105656,0.217777,0.278238,0.486137,0.331139,0.9666666388511658,0.154484361410141,30,2026-04-22 18:08:53,35.0,6.517,33.414799999999985,284.62857142857143,30.0,0.9833333194255828,0.1056564338505268,60,2.0,2026-04-22 18:08:53,1.0,0.0568285062909126,30,2026-04-22 18:08:48,32.0,7.36215625,33.97109999999999,227.125,29.0,1.0,12.285,12.285,1333.0,1.0,10.884,10.884,1280.0
attempt:3:round:4,3,4,2026-04-22 18:09:51,0.833333,0.483682,0.215437,0.272886,0.49692,0.331684,0.800000011920929,0.4706498384475708,30,2026-04-22 18:09:51,35.0,7.179942857142858,35.7953,284.42857142857144,30.0,0.8333333432674408,0.4836815446615219,60,2.0,2026-04-22 18:09:51,0.8666666746139526,0.496713250875473,30,2026-04-22 18:09:51,33.0,5.451878787878788,35.822399999999995,223.1818181818182,30.0,1.0,11.782,11.782,1335.0,1.0,20.499,20.499,1277.0
attempt:3:round:5,3,5,2026-04-22 18:10:50,0.733333,0.67002,0.213853,0.254287,0.500141,0.298368,0.7333333492279053,0.6056469082832336,30,2026-04-22 18:10:50,35.0,7.653200000000001,35.4564,284.6,30.0,0.7333333492279053,0.6700199544429779,60,2.0,2026-04-22 18:10:50,0.7333333492279053,0.7343930006027222,30,2026-04-22 18:10:50,33.0,6.175272727272729,33.9794,222.78787878787878,30.0,1.0,14.455,14.455,1330.0,1.0,10.775,10.775,1276.0
attempt:3:round:6,3,6,2026-04-22 18:11:49,0.9,0.374191,0.222211,0.260885,0.548562,0.311213,0.9333333373069764,0.3142556846141815,30,2026-04-22 18:11:49,35.0,7.7739714285714285,37.2807,284.0,30.0,0.9000000059604645,0.3741907179355621,60,2.0,2026-04-22 18:11:49,0.8666666746139526,0.4341257512569427,30,2026-04-22 18:11:48,33.0,7.907727272727272,38.2822,222.3030303030303,30.0,1.0,12.239,12.239,1332.0,1.0,14.87,14.87,1275.0
attempt:3:round:7,3,7,2026-04-22 18:12:48,0.933333,0.270059,0.235056,0.279128,0.593792,0.338527,0.9666666388511658,0.1770749986171722,30,2026-04-22 18:12:47,36.0,7.107111111111111,37.195750000000004,279.75,31.0,0.933333307504654,0.2700594216585159,60,2.0,2026-04-22 18:12:48,0.8999999761581421,0.3630438446998596,30,2026-04-22 18:12:48,33.0,6.660151515151515,35.337599999999995,222.6060606060606,30.0,1.0,10.456,10.456,1327.0,1.0,10.081,10.081,1274.0
attempt:3:round:8,3,8,2026-04-22 18:13:47,0.933333,0.224632,0.24237,0.287364,0.623214,0.35438,0.9333333373069764,0.2251771539449691,30,2026-04-22 18:13:47,34.0,7.0582352941176465,34.047,288.94117647058823,29.0,0.9333333373069764,0.2246319726109504,60,2.0,2026-04-22 18:13:47,0.9333333373069764,0.2240867912769317,30,2026-04-22 18:13:46,33.0,5.962363636363635,33.4066,222.3030303030303,30.0,1.0,10.743,10.743,1332.0,1.0,14.837,14.837,1275.0
attempt:3:round:9,3,9,2026-04-22 18:14:45,0.833333,0.461774,0.247271,0.282684,0.638806,0.351121,0.800000011920929,0.5245373845100403,30,2026-04-22 18:14:45,35.0,7.001314285714286,35.85059999999999,283.34285714285716,30.0,0.8333333432674408,0.4617736041545868,60,2.0,2026-04-22 18:14:45,0.8666666746139526,0.3990098237991333,30,2026-04-22 18:14:45,33.0,4.9493636363636355,33.19539999999999,222.12121212121212,30.0,1.0,11.133,11.133,1323.0,1.0,10.235,10.235,1265.0
attempt:3:round:10,3,10,2026-04-22 18:15:44,0.916667,0.297539,0.257072,0.296704,0.658183,0.366685,0.9333333373069764,0.2717945873737335,30,2026-04-22 18:15:44,35.0,7.224857142857143,36.72859999999999,283.57142857142856,30.0,0.9166666567325592,0.2975392043590545,60,2.0,2026-04-22 18:15:44,0.8999999761581421,0.3232838213443756,30,2026-04-22 18:15:44,33.0,5.50969696969697,33.4932,222.63636363636363,30.0,1.0,11.076,11.076,1331.0,1.0,14.67,14.67,1277.0
attempt:3:round:11,3,11,2026-04-22 18:16:42,0.933333,0.140273,0.269887,0.320669,0.681653,0.392258,0.9333333373069764,0.1749507784843444,30,2026-04-22 18:16:43,35.0,7.33637142857143,36.345099999999995,284.2,30.0,0.9333333373069764,0.1402728371322155,60,2.0,2026-04-22 18:16:43,0.9333333373069764,0.1055948957800865,30,2026-04-22 18:16:42,33.0,6.043969696969698,34.397,223.4848484848485,30.0,1.0,16.988,16.988,1328.0,1.0,11.225,11.225,1274.0
attempt:3:round:12,3,12,2026-04-22 18:17:41,0.95,0.245804,0.280652,0.338806,0.699937,0.410103,0.9666666388511658,0.2313766926527023,30,2026-04-22 18:17:41,36.0,7.13175,35.38175,279.22222222222223,31.0,0.949999988079071,0.2458038255572319,60,2.0,2026-04-22 18:17:41,0.9333333373069764,0.2602309584617615,30,2026-04-22 18:17:41,33.0,6.3877575757575755,34.385999999999996,222.66666666666666,30.0,1.0,13.593,13.593,1324.0,1.0,10.467,10.467,1269.0
attempt:3:round:13,3,13,2026-04-22 18:18:40,0.9,0.225899,0.287898,0.346575,0.711684,0.414186,0.9333333373069764,0.1107759475708007,30,2026-04-22 18:18:40,35.0,7.728514285714286,37.4633,283.54285714285714,30.0,0.9000000059604645,0.2258989512920379,60,2.0,2026-04-22 18:18:40,0.8666666746139526,0.3410219550132751,30,2026-04-22 18:18:40,33.0,5.452727272727273,32.596199999999996,221.96969696969697,30.0,1.0,19.135,19.135,1323.0,1.0,15.304,15.304,1270.0
attempt:3:round:14,3,14,2026-04-22 18:19:38,0.983333,0.094782,0.296862,0.345573,0.707857,0.435242,0.9666666388511658,0.1246628537774086,30,2026-04-22 18:19:38,34.0,7.985235294117647,40.3977,287.9117647058824,29.0,0.9833333194255828,0.0947815515100956,60,2.0,2026-04-22 18:19:38,1.0,0.0649002492427825,30,2026-04-22 18:19:38,33.0,5.7127878787878785,31.789599999999993,222.33333333333334,30.0,1.0,11.942,11.942,1328.0,1.0,10.09,10.09,1270.0
attempt:3:round:15,3,15,2026-04-22 18:20:37,0.95,0.117661,0.296585,0.349326,0.710559,0.437531,0.9333333373069764,0.1679073274135589,30,2026-04-22 18:20:37,35.0,7.063085714285715,34.76619999999999,283.34285714285716,30.0,0.949999988079071,0.1176614537835121,60,2.0,2026-04-22 18:20:37,0.9666666388511658,0.0674155801534652,30,2026-04-22 18:20:36,33.0,5.660424242424242,33.4368,222.8181818181818,30.0,1.0,24.021,24.021,1324.0,1.0,20.514,20.514,1270.0
attempt:3:round:16,3,16,2026-04-22 18:21:35,0.9,0.223285,0.301913,0.356431,0.715372,0.447659,0.8666666746139526,0.2530346810817718,30,2026-04-22 18:21:35,36.0,7.294027777777777,39.05875,278.5,31.0,0.9000000059604645,0.2232853546738624,60,2.0,2026-04-22 18:21:35,0.9333333373069764,0.193536028265953,30,2026-04-22 18:21:35,33.0,6.140333333333334,34.029999999999994,222.66666666666666,30.0,1.0,10.297,10.297,1317.0,1.0,9.974,9.974,1264.0
attempt:3:round:17,3,17,2026-04-22 18:22:34,0.966667,0.119751,0.30936,0.367403,0.723991,0.461537,1.0,0.0453624911606311,30,2026-04-22 18:22:34,35.0,7.19717142857143,32.531099999999995,282.42857142857144,30.0,0.9666666686534882,0.1197512913495302,60,2.0,2026-04-22 18:22:34,0.9333333373069764,0.1941400915384292,30,2026-04-22 18:22:34,33.0,6.138848484848484,33.80299999999999,222.63636363636363,30.0,1.0,11.098,11.098,1324.0,1.0,10.827,10.827,1267.0
attempt:3:round:18,3,18,2026-04-22 18:23:32,0.966667,0.148781,0.316001,0.379603,0.735418,0.476462,1.0,0.0750341713428497,30,2026-04-22 18:23:32,34.0,6.953147058823529,35.5758,287.44117647058823,29.0,0.9666666686534882,0.1487812027335167,60,2.0,2026-04-22 18:23:32,0.9333333373069764,0.2225282341241836,30,2026-04-22 18:23:32,33.0,5.733787878787879,32.415,221.57575757575756,30.0,1.0,11.461,11.461,1319.0,1.0,10.639,10.639,1265.0
attempt:3:round:19,3,19,2026-04-22 18:24:31,0.933333,0.152997,0.32129,0.387593,0.743735,0.485981,0.9666666388511658,0.0837117731571197,30,2026-04-22 18:24:30,36.0,6.701583333333334,34.103750000000005,278.52777777777777,31.0,0.933333307504654,0.152997076511383,60,2.0,2026-04-22 18:24:31,0.8999999761581421,0.2222823798656463,30,2026-04-22 18:24:31,33.0,6.354090909090909,35.85,221.0909090909091,30.0,1.0,27.589,27.589,1323.0,1.0,11.462,11.462,1266.0
attempt:3:round:20,3,20,2026-04-22 18:25:36,0.95,0.140719,0.324974,0.39446,0.750759,0.49567,1.0,0.0415299907326698,30,2026-04-22 18:25:35,34.0,8.059264705882352,36.4944,288.4117647058824,29.0,0.949999988079071,0.1407193578779697,60,2.0,2026-04-22 18:25:36,0.8999999761581421,0.2399087250232696,30,2026-04-22 18:25:29,33.0,9.683242424242424,54.35179999999994,221.84848484848484,30.0,1.0,13.979,13.979,1323.0,1.0,9.98,9.98,1269.0
attempt:4:round:1,4,1,2026-04-22 16:49:13,1.0,0.269986,0.182676,0.29478,0.370276,0.231049,1.0,0.3151843249797821,30,2026-04-22 16:49:13,33.0,6.16309090909091,35.4222,225.21212121212122,30.0,1.0,0.2699859142303467,60,2.0,2026-04-22 16:49:14,1.0,0.2247875034809112,30,2026-04-22 16:49:13,36.0,4.9075,12.02225,182.55555555555554,34.0,1.0,17.98,17.98,1333.0,1.0,16.666,16.666,1284.0
attempt:4:round:2,4,2,2026-04-22 16:50:07,1.0,0.078949,0.209099,0.358788,0.456356,0.283414,1.0,0.0924166962504386,30,2026-04-22 16:50:07,36.0,7.019444444444445,33.373,280.72222222222223,31.0,1.0,0.0789490565657615,60,2.0,2026-04-22 16:50:08,1.0,0.0654814168810844,30,2026-04-22 16:50:07,30.0,6.114766666666667,34.047599999999996,234.76666666666668,27.0,1.0,11.374,11.374,1332.0,1.0,17.436,17.436,1280.0
attempt:4:round:3,4,3,2026-04-22 16:51:11,1.0,0.014089,0.226417,0.416699,0.504621,0.333023,1.0,0.0154309570789337,30,2026-04-22 16:51:11,34.0,8.514823529411764,37.2232,289.8235294117647,29.0,1.0,0.0140887573361396,60,2.0,2026-04-22 16:51:11,1.0,0.0127465575933456,30,2026-04-22 16:51:07,36.0,7.5351944444444445,34.78225,214.88888888888889,33.0,1.0,31.065,31.065,1332.0,1.0,32.998,32.998,1281.0
attempt:4:round:4,4,4,2026-04-22 16:52:09,0.933333,0.105478,0.228195,0.407945,0.484616,0.365719,0.8666666746139526,0.2056837230920791,30,2026-04-22 16:52:10,35.0,9.131314285714286,37.85959999999999,284.77142857142854,30.0,0.9333333373069764,0.1054775309748947,60,2.0,2026-04-22 16:52:10,1.0,0.0052713388577103,30,2026-04-22 16:52:05,33.0,8.06169696969697,36.157399999999996,223.9090909090909,30.0,1.0,10.757,10.757,1331.0,1.0,10.436,10.436,1278.0
attempt:4:round:5,4,5,2026-04-22 16:53:07,0.9,0.213647,0.227657,0.391297,0.481353,0.367117,0.800000011920929,0.4214311838150024,30,2026-04-22 16:53:08,35.0,9.27282857142857,36.18899999999999,284.57142857142856,30.0,0.9000000059604645,0.213647284079343,60,2.0,2026-04-22 16:53:08,1.0,0.0058633843436837,30,2026-04-22 16:53:03,33.0,7.1856363636363625,35.358599999999996,223.45454545454547,30.0,1.0,10.702,10.702,1336.0,1.0,13.267,13.267,1279.0
attempt:4:round:6,4,6,2026-04-22 16:54:06,0.933333,0.153371,0.230899,0.391114,0.493495,0.376323,0.8666666746139526,0.3018900454044342,30,2026-04-22 16:54:06,35.0,9.369485714285714,34.728199999999994,284.37142857142857,30.0,0.9333333373069764,0.1533709119539708,60,2.0,2026-04-22 16:54:06,1.0,0.0048517785035073,30,2026-04-22 16:54:01,33.0,8.558121212121213,37.879799999999996,223.63636363636363,30.0,1.0,30.748,30.748,1329.0,1.0,17.672,17.672,1275.0
attempt:4:round:7,4,7,2026-04-22 16:55:06,0.883333,0.222659,0.237394,0.392253,0.51019,0.379451,0.7666666507720947,0.4415440857410431,30,2026-04-22 16:55:04,35.0,10.128257142857144,59.019699999999936,283.25714285714287,30.0,0.8833333253860474,0.2226592819206416,60,2.0,2026-04-22 16:55:04,1.0,0.0037744781002402,30,2026-04-22 16:55:00,33.0,8.462333333333333,40.653999999999996,224.06060606060606,30.0,1.0,11.564,11.564,1331.0,1.0,11.271,11.271,1278.0
attempt:4:round:8,4,8,2026-04-22 16:56:04,0.916667,0.164992,0.242195,0.399606,0.525122,0.388433,0.8333333134651184,0.3263859152793884,30,2026-04-22 16:56:04,35.0,7.009057142857143,34.2788,284.2,30.0,0.9166666567325592,0.1649920418858528,60,2.0,2026-04-22 16:56:04,1.0,0.0035981684923171,30,2026-04-22 16:56:00,33.0,7.235666666666666,37.9502,223.21212121212122,30.0,1.0,18.117,18.117,1330.0,1.0,18.244,18.244,1272.0
attempt:4:round:9,4,9,2026-04-22 16:57:02,0.9,0.167079,0.2462,0.408112,0.538423,0.397546,0.800000011920929,0.3321747481822967,30,2026-04-22 16:57:03,35.0,8.950800000000001,37.8201,284.0285714285714,30.0,0.9000000059604645,0.1670793733792379,60,2.0,2026-04-22 16:57:03,1.0,0.0019839985761791,30,2026-04-22 16:56:58,33.0,8.645000000000001,45.91299999999997,223.33333333333334,30.0,1.0,11.322,11.322,1329.0,1.0,10.935,10.935,1276.0
attempt:4:round:10,4,10,2026-04-22 16:58:01,0.883333,0.17487,0.249199,0.410004,0.5432,0.402151,0.7666666507720947,0.3481329977512359,30,2026-04-22 16:58:01,35.0,7.64702857142857,33.48799999999999,283.4,30.0,0.8833333253860474,0.1748698567971587,60,2.0,2026-04-22 16:58:01,1.0,0.0016067158430814,30,2026-04-22 16:57:57,33.0,7.189424242424243,40.25619999999999,223.3030303030303,30.0,1.0,10.797,10.797,1330.0,1.0,14.184,14.184,1272.0
attempt:4:round:11,4,11,2026-04-22 16:58:59,0.866667,0.184899,0.252274,0.413907,0.551509,0.416866,0.7333333492279053,0.3684224188327789,30,2026-04-22 16:58:59,35.0,9.17354285714286,34.707699999999996,283.7142857142857,30.0,0.8666666746139526,0.1848989854915999,60,2.0,2026-04-22 16:58:59,1.0,0.0013755521504208,30,2026-04-22 16:58:55,33.0,6.665212121212122,37.4672,223.9090909090909,30.0,1.0,11.456,11.456,1336.0,1.0,11.516,11.516,1282.0
attempt:4:round:12,4,12,2026-04-22 16:59:58,0.85,0.240692,0.255502,0.415681,0.567642,0.441501,0.699999988079071,0.4802329242229461,30,2026-04-22 16:59:58,35.0,6.683971428571428,35.7896,283.14285714285717,30.0,0.8499999940395355,0.2406922091031447,60,2.0,2026-04-22 16:59:58,1.0,0.0011514939833432,30,2026-04-22 16:59:53,33.0,7.487757575757576,38.810399999999994,223.3030303030303,30.0,1.0,10.691,10.691,1327.0,1.0,13.093,13.093,1273.0
attempt:4:round:13,4,13,2026-04-22 17:00:56,0.883333,0.182128,0.258679,0.415278,0.583637,0.466644,0.7666666507720947,0.3631333112716675,30,2026-04-22 17:00:56,35.0,7.659657142857143,36.8624,283.0,30.0,0.8833333253860474,0.1821284891921095,60,2.0,2026-04-22 17:00:56,1.0,0.0011236671125516,30,2026-04-22 17:00:52,33.0,5.266545454545455,31.6606,223.72727272727272,30.0,1.0,13.084,13.084,1327.0,1.0,15.061,15.061,1274.0
attempt:4:round:14,4,14,2026-04-22 17:01:54,0.916667,0.137493,0.262229,0.409425,0.60376,0.49445,0.8333333134651184,0.2740586698055267,30,2026-04-22 17:01:55,35.0,6.8786,35.85009999999999,283.6857142857143,30.0,0.9166666567325592,0.1374929250159766,60,2.0,2026-04-22 17:01:55,1.0,0.0009271802264265,30,2026-04-22 17:01:50,33.0,5.367666666666666,35.9358,223.24242424242425,30.0,1.0,11.873,11.873,1327.0,1.0,14.793,14.793,1274.0
attempt:4:round:15,4,15,2026-04-22 17:02:53,0.983333,0.049182,0.266206,0.424422,0.620933,0.517643,0.9666666388511658,0.0976251065731048,30,2026-04-22 17:02:53,35.0,8.497285714285715,36.411899999999996,284.48571428571427,30.0,0.9833333194255828,0.0491823844495229,60,2.0,2026-04-22 17:02:53,1.0,0.000739662325941,30,2026-04-22 17:02:49,33.0,6.816242424242423,35.3878,224.06060606060606,30.0,1.0,11.206,11.206,1331.0,1.0,12.458,12.458,1278.0
attempt:4:round:16,4,16,2026-04-22 17:03:52,0.966667,0.058826,0.269405,0.437318,0.633091,0.534649,0.9333333373069764,0.1169954538345336,30,2026-04-22 17:03:52,35.0,9.497257142857142,47.358399999999875,284.48571428571427,30.0,0.9666666686534882,0.0588259008654858,60,2.0,2026-04-22 17:03:52,1.0,0.000656347896438,30,2026-04-22 17:03:47,33.0,8.122363636363637,44.47939999999997,223.21212121212122,30.0,1.0,10.402,10.402,1331.0,1.0,10.091,10.091,1274.0
attempt:4:round:17,4,17,2026-04-22 17:04:50,0.95,0.092705,0.272928,0.444329,0.642458,0.5472,0.8999999761581421,0.1849162727594375,30,2026-04-22 17:04:51,35.0,6.756942857142857,33.97099999999999,283.37142857142857,30.0,0.949999988079071,0.092705299903173,60,2.0,2026-04-22 17:04:51,1.0,0.0004943270469084,30,2026-04-22 17:04:46,33.0,7.138999999999999,40.766799999999996,223.42424242424244,30.0,1.0,14.593,14.593,1331.0,1.0,10.255,10.255,1275.0
attempt:4:round:18,4,18,2026-04-22 17:05:49,0.966667,0.059955,0.276903,0.452526,0.653277,0.563461,0.9333333373069764,0.1194263994693756,30,2026-04-22 17:05:49,35.0,9.115285714285715,36.9396,283.37142857142857,30.0,0.9666666686534882,0.0599550437182188,60,2.0,2026-04-22 17:05:49,1.0,0.0004836879670619,30,2026-04-22 17:05:44,33.0,6.2896363636363635,40.0762,223.12121212121212,30.0,1.0,11.58,11.58,1325.0,1.0,12.542,12.542,1271.0
attempt:4:round:19,4,19,2026-04-22 17:06:47,1.0,0.071495,0.280506,0.45129,0.655818,0.574859,1.0,0.1425040513277053,30,2026-04-22 17:06:48,35.0,6.643028571428572,34.3038,282.85714285714283,30.0,1.0,0.0714953996503027,60,2.0,2026-04-22 17:06:48,1.0,0.0004867479729,30,2026-04-22 17:06:43,33.0,5.087939393939394,34.3898,223.03030303030303,30.0,1.0,14.539,14.539,1320.0,1.0,13.383,13.383,1272.0
attempt:4:round:20,4,20,2026-04-22 17:07:46,1.0,0.071088,0.283422,0.456059,0.667301,0.592045,1.0,0.1416170448064804,30,2026-04-22 17:07:46,35.0,7.008714285714286,34.9323,282.4,30.0,1.0,0.0710878331738058,60,2.0,2026-04-22 17:07:46,1.0,0.0005586215411312,30,2026-04-22 17:07:41,33.0,6.075212121212121,33.89719999999999,222.8181818181818,30.0,1.0,11.07,11.07,1315.0,1.0,15.413,15.413,1267.0
attempt:5:round:1,5,1,2026-04-22 17:21:22,1.0,0.529764,0.18288,0.270554,0.358312,0.158175,1.0,0.2150257676839828,30,2026-04-22 17:21:23,33.0,5.995060606060606,34.0956,224.8181818181818,30.0,1.0,0.5297635719180107,60,2.0,2026-04-22 17:21:23,1.0,0.8445013761520386,30,2026-04-22 17:21:18,39.0,5.873461538461538,14.11940000000003,177.69230769230768,37.0,1.0,11.406,11.406,1335.0,1.0,19.074,19.074,1282.0
attempt:5:round:2,5,2,2026-04-22 17:22:16,1.0,0.272002,0.202593,0.301356,0.420547,0.166792,1.0,0.1903126090764999,30,2026-04-22 17:22:16,35.0,7.270171428571428,34.90439999999999,285.2,30.0,1.0,0.272001601755619,60,2.0,2026-04-22 17:22:16,1.0,0.3536905944347381,30,2026-04-22 17:22:11,30.0,8.075233333333333,44.45044999999997,234.56666666666666,27.0,1.0,13.407,13.407,1333.0,1.0,11.983,11.983,1281.0
attempt:5:round:3,5,3,2026-04-22 17:23:19,1.0,0.038066,0.226989,0.35437,0.474777,0.200841,1.0,0.0349318347871303,30,2026-04-22 17:23:19,35.0,7.3831999999999995,33.073899999999995,284.8857142857143,30.0,1.0,0.0380661636590957,60,2.0,2026-04-22 17:23:19,1.0,0.0412004925310611,30,2026-04-22 17:23:10,36.0,7.176722222222221,34.281499999999994,214.88888888888889,33.0,1.0,12.769,12.769,1327.0,1.0,12.534,12.534,1276.0
attempt:5:round:4,5,4,2026-04-22 17:24:17,0.9,0.258716,0.232506,0.35682,0.477634,0.212408,0.800000011920929,0.5080711245536804,30,2026-04-22 17:24:17,35.0,7.501742857142856,36.094899999999996,282.8,30.0,0.9000000059604645,0.2587162470445037,60,2.0,2026-04-22 17:24:18,1.0,0.0093613695353269,30,2026-04-22 17:24:08,33.0,8.836939393939394,44.83459999999997,223.03030303030303,30.0,1.0,16.329,16.329,1326.0,1.0,19.948,19.948,1272.0
attempt:5:round:5,5,5,2026-04-22 17:25:16,0.916667,0.25247,0.24106,0.354026,0.487505,0.214976,0.8333333134651184,0.4970498979091644,30,2026-04-22 17:25:16,35.0,8.87462857142857,35.84299999999999,283.0857142857143,30.0,0.9166666567325592,0.2524699782952666,60,2.0,2026-04-22 17:25:16,1.0,0.0078900586813688,30,2026-04-22 17:25:06,33.0,5.764757575757575,33.7192,222.75757575757575,30.0,1.0,26.989,26.989,1325.0,1.0,27.389,27.389,1272.0
attempt:5:round:6,5,6,2026-04-22 17:26:14,0.983333,0.100882,0.251779,0.367935,0.511085,0.231115,0.9666666388511658,0.1952326595783233,30,2026-04-22 17:26:14,35.0,7.451428571428572,36.7733,283.8285714285714,30.0,0.9833333194255828,0.1008822089061141,60,2.0,2026-04-22 17:26:14,1.0,0.0065317582339048,30,2026-04-22 17:26:04,33.0,7.668424242424242,37.213,222.78787878787878,30.0,1.0,11.054,11.054,1325.0,1.0,10.456,10.456,1271.0
attempt:5:round:7,5,7,2026-04-22 17:27:14,0.916667,0.213776,0.258536,0.379325,0.528594,0.239745,0.8333333134651184,0.423318862915039,30,2026-04-22 17:27:13,35.0,7.412457142857142,34.25429999999999,282.51428571428573,30.0,0.9166666567325592,0.2137762105558067,60,2.0,2026-04-22 17:27:13,1.0,0.0042335581965744,30,2026-04-22 17:27:03,33.0,8.348454545454544,36.014199999999995,222.87878787878788,30.0,1.0,11.37,11.37,1321.0,1.0,13.572,13.572,1268.0
attempt:5:round:8,5,8,2026-04-22 17:28:12,0.983333,0.055784,0.264879,0.391974,0.54063,0.250912,0.9666666388511658,0.1086689755320549,30,2026-04-22 17:28:13,35.0,9.495971428571428,34.5767,283.8285714285714,30.0,0.9833333194255828,0.0557842866983264,60,2.0,2026-04-22 17:28:13,1.0,0.002899597864598,30,2026-04-22 17:28:03,33.0,5.817090909090909,33.913399999999996,222.57575757575756,30.0,1.0,77.712,77.712,1326.0,1.0,107.268,107.268,1269.0
attempt:5:round:9,5,9,2026-04-22 17:29:11,0.95,0.14006,0.269944,0.400031,0.551799,0.260488,0.8999999761581421,0.2783598005771637,30,2026-04-22 17:29:12,35.0,7.878514285714285,32.6698,283.2,30.0,0.949999988079071,0.1400600058259442,60,2.0,2026-04-22 17:29:12,1.0,0.0017602110747247,30,2026-04-22 17:29:02,33.0,6.303696969696969,31.924799999999994,223.0909090909091,30.0,1.0,10.826,10.826,1324.0,1.0,12.603,12.603,1266.0
attempt:5:round:10,5,10,2026-04-22 17:30:12,0.95,0.098733,0.274241,0.404511,0.554471,0.272534,0.8999999761581421,0.1957876682281494,30,2026-04-22 17:30:12,35.0,8.3968,35.62469999999999,282.22857142857146,30.0,0.949999988079071,0.0987333370139822,60,2.0,2026-04-22 17:30:12,1.0,0.001679005799815,30,2026-04-22 17:30:00,33.0,7.523272727272726,35.0798,222.9090909090909,30.0,1.0,33.438,33.438,1323.0,1.0,37.301,37.301,1268.0
attempt:5:round:11,5,11,2026-04-22 17:31:11,0.983333,0.052221,0.279512,0.417098,0.563872,0.289946,0.9666666388511658,0.1027899235486984,30,2026-04-22 17:31:11,35.0,7.897714285714287,34.519299999999994,283.8,30.0,0.9833333194255828,0.0522214460652321,60,2.0,2026-04-22 17:31:11,1.0,0.0016529685817658,30,2026-04-22 17:31:01,33.0,5.1099696969696975,31.608799999999995,222.96969696969697,30.0,1.0,12.12,12.12,1325.0,1.0,16.821,16.821,1268.0
attempt:5:round:12,5,12,2026-04-22 17:32:11,0.966667,0.104798,0.283673,0.423514,0.571403,0.302292,0.9333333373069764,0.2086030095815658,30,2026-04-22 17:32:09,35.0,10.688371428571427,51.749099999999856,283.37142857142857,30.0,0.9666666686534882,0.1047976639238186,60,2.0,2026-04-22 17:32:09,1.0,0.0009923182660713,30,2026-04-22 17:32:00,33.0,6.186333333333334,31.465999999999994,222.33333333333334,30.0,1.0,124.802,124.802,1325.0,1.0,167.45,167.45,1268.0
attempt:5:round:13,5,13,2026-04-22 17:33:10,0.933333,0.109743,0.288368,0.42999,0.579472,0.314549,0.8666666746139526,0.2186983972787857,30,2026-04-22 17:33:10,35.0,9.263257142857144,36.149499999999975,282.22857142857146,30.0,0.9333333373069764,0.1097425891202874,60,2.0,2026-04-22 17:33:10,1.0,0.0007867809617891,30,2026-04-22 17:33:00,33.0,7.4873939393939395,31.508399999999998,222.66666666666666,30.0,1.0,20.189,20.189,1322.0,1.0,20.508,20.508,1265.0
attempt:5:round:14,5,14,2026-04-22 17:34:08,0.966667,0.076122,0.293305,0.441737,0.588521,0.331626,0.9333333373069764,0.1515277922153473,30,2026-04-22 17:34:09,35.0,7.3140285714285715,34.3014,282.8285714285714,30.0,0.9666666686534882,0.0761216051760129,60,2.0,2026-04-22 17:34:09,1.0,0.0007154181366786,30,2026-04-22 17:33:59,33.0,7.657545454545454,33.7686,222.5151515151515,30.0,1.0,13.705,13.705,1319.0,1.0,13.76,13.76,1266.0
attempt:5:round:15,5,15,2026-04-22 17:35:06,0.95,0.083507,0.298661,0.452242,0.598317,0.346753,0.8999999761581421,0.1664703488349914,30,2026-04-22 17:35:07,35.0,7.374828571428572,34.25,282.2857142857143,30.0,0.949999988079071,0.0835070144385099,60,2.0,2026-04-22 17:35:07,1.0,0.0005436800420284,30,2026-04-22 17:34:59,31.0,8.659774193548387,45.797,228.96774193548387,28.0,1.0,21.472,21.472,1321.0,1.0,35.174,35.174,1267.0
attempt:5:round:16,5,16,2026-04-22 17:36:05,0.983333,0.069239,0.304316,0.471481,0.61268,0.370151,0.9666666388511658,0.1377809941768646,30,2026-04-22 17:36:05,35.0,8.85577142857143,34.504599999999975,282.22857142857146,30.0,0.9833333194255828,0.0692386718292255,60,2.0,2026-04-22 17:36:05,1.0,0.0006963494815863,30,2026-04-22 17:36:00,33.0,8.505727272727274,43.70079999999997,222.33333333333334,30.0,1.0,12.235,12.235,1315.0,1.0,11.681,11.681,1261.0
attempt:5:round:17,5,17,2026-04-22 17:37:04,0.966667,0.069735,0.309298,0.487408,0.626376,0.389777,0.9333333373069764,0.1388199478387832,30,2026-04-22 17:37:04,35.0,7.6486285714285716,32.9478,281.8,30.0,0.9666666686534882,0.069735420460347,60,2.0,2026-04-22 17:37:04,1.0,0.0006508930819109,30,2026-04-22 17:36:59,33.0,6.537030303030304,34.9876,222.12121212121212,30.0,1.0,14.026,14.026,1314.0,1.0,15.25,15.25,1261.0
attempt:5:round:18,5,18,2026-04-22 17:38:03,1.0,0.027807,0.313087,0.49857,0.63468,0.403903,1.0,0.055090669542551,30,2026-04-22 17:38:03,35.0,8.292485714285712,34.66929999999999,281.37142857142857,30.0,1.0,0.0278071814973372,60,2.0,2026-04-22 17:38:03,1.0,0.0005236934521235,30,2026-04-22 17:37:57,33.0,7.947121212121212,38.509599999999985,222.21212121212122,30.0,1.0,11.235,11.235,1306.0,1.0,11.838,11.838,1255.0
attempt:5:round:19,5,19,2026-04-22 17:39:01,1.0,0.016806,0.316439,0.508523,0.640887,0.416373,1.0,0.0328894555568695,30,2026-04-22 17:39:01,35.0,9.268285714285714,35.55669999999998,281.9428571428571,30.0,1.0,0.0168062346056103,60,2.0,2026-04-22 17:39:01,1.0,0.0007230136543512,30,2026-04-22 17:38:56,33.0,7.644909090909091,36.282399999999996,221.87878787878788,30.0,1.0,13.758,13.758,1315.0,1.0,10.794,10.794,1263.0
attempt:5:round:20,5,20,2026-04-22 17:39:59,1.0,0.024727,0.319688,0.518112,0.645329,0.427696,1.0,0.0490677766501903,30,2026-04-22 17:39:59,35.0,7.376542857142858,33.416,282.62857142857143,30.0,1.0,0.0247269193059764,60,2.0,2026-04-22 17:39:59,1.0,0.0003860619617626,30,2026-04-22 17:39:54,33.0,7.4979696969696965,36.436,222.63636363636363,30.0,1.0,11.449,11.449,1320.0,1.0,14.042,14.042,1268.0
attempt:6:round:1,6,1,2026-04-22 16:01:17,0.766667,0.775224,0.197607,0.290278,0.271831,0.21532,0.6666666865348816,0.7785906195640564,30,2026-04-22 16:01:17,37.0,5.002837837837839,32.355999999999995,212.0,34.0,0.7666666805744171,0.7752238512039185,60,2.0,2026-04-22 16:01:18,0.8666666746139526,0.7718570828437805,30,2026-04-22 16:01:18,37.0,5.132108108108108,11.290999999999876,179.24324324324326,35.0,1.0,10.792,10.792,1343.0,1.0,11.552,11.552,1285.0
attempt:6:round:2,6,2,2026-04-22 16:02:11,0.75,0.776284,0.205017,0.31127,0.299017,0.228365,0.699999988079071,0.8189403414726257,30,2026-04-22 16:02:11,32.0,7.7291875,33.58615,299.28125,27.0,0.75,0.7762842774391174,60,2.0,2026-04-22 16:02:11,0.800000011920929,0.7336282134056091,30,2026-04-22 16:02:11,30.0,6.788366666666666,34.18074999999999,233.33333333333334,27.0,1.0,11.732,11.732,1329.0,1.0,11.651,11.651,1281.0
attempt:6:round:3,6,3,2026-04-22 16:03:09,0.8,0.551996,0.216204,0.337835,0.352154,0.246435,0.7333333492279053,0.6045657992362976,30,2026-04-22 16:03:09,35.0,8.099742857142857,34.306599999999996,283.85714285714283,30.0,0.800000011920929,0.551995649933815,60,2.0,2026-04-22 16:03:09,0.8666666746139526,0.4994255006313324,30,2026-04-22 16:03:09,33.0,6.4508787878787865,37.0304,223.12121212121212,30.0,1.0,22.299,22.299,1332.0,1.0,27.946,27.946,1276.0
attempt:6:round:4,6,4,2026-04-22 16:04:08,0.85,0.344656,0.230979,0.372701,0.416508,0.266264,0.8333333134651184,0.3697461485862732,30,2026-04-22 16:04:08,35.0,8.333085714285716,34.340399999999995,284.2,30.0,0.8499999940395355,0.3446559756994247,60,2.0,2026-04-22 16:04:08,0.8666666746139526,0.3195658028125763,30,2026-04-22 16:04:08,33.0,6.284939393939394,34.78959999999999,222.4848484848485,30.0,1.0,10.414,10.414,1333.0,1.0,10.294,10.294,1280.0
attempt:6:round:5,6,5,2026-04-22 16:05:06,0.85,0.412659,0.244138,0.393958,0.460278,0.28446,0.7666666507720947,0.4447455108165741,30,2026-04-22 16:05:06,35.0,7.7943428571428575,34.753699999999995,283.74285714285713,30.0,0.8499999940395355,0.4126588553190231,60,2.0,2026-04-22 16:05:06,0.9333333373069764,0.3805721998214721,30,2026-04-22 16:05:06,33.0,6.5598484848484855,35.364200000000004,222.5151515151515,30.0,1.0,10.563,10.563,1331.0,1.0,14.688,14.688,1274.0
attempt:6:round:6,6,6,2026-04-22 16:06:04,0.9,0.246133,0.253825,0.422157,0.488789,0.307346,0.8666666746139526,0.3005591034889221,30,2026-04-22 16:06:04,35.0,7.3426,33.755799999999994,283.0571428571429,30.0,0.9000000059604645,0.2461334839463234,60,2.0,2026-04-22 16:06:05,0.9333333373069764,0.1917078644037246,30,2026-04-22 16:06:05,33.0,6.507727272727273,35.90299999999999,222.54545454545453,30.0,1.0,10.832,10.832,1326.0,1.0,10.663,10.663,1268.0
attempt:6:round:7,6,7,2026-04-22 16:07:03,0.9,0.297541,0.263092,0.436345,0.509326,0.328259,0.9333333373069764,0.3160616755485534,30,2026-04-22 16:07:03,35.0,6.5107428571428585,32.9685,281.42857142857144,30.0,0.9000000059604645,0.2975414246320724,60,2.0,2026-04-22 16:07:03,0.8666666746139526,0.2790211737155914,30,2026-04-22 16:07:03,33.0,5.9502424242424246,34.79019999999999,221.21212121212122,30.0,1.0,11.583,11.583,1328.0,1.0,16.27,16.27,1271.0
attempt:6:round:8,6,8,2026-04-22 16:08:01,0.916667,0.211839,0.271911,0.465261,0.532962,0.346011,0.8999999761581421,0.2506352066993713,30,2026-04-22 16:08:01,35.0,7.780371428571428,34.302099999999996,283.65714285714284,30.0,0.9166666567325592,0.21183892339468,60,2.0,2026-04-22 16:08:02,0.9333333373069764,0.1730426400899887,30,2026-04-22 16:08:01,33.0,6.2452424242424245,34.6516,222.36363636363637,30.0,1.0,16.295,16.295,1331.0,1.0,14.828,14.828,1274.0
attempt:6:round:9,6,9,2026-04-22 16:09:00,0.95,0.153268,0.278631,0.48131,0.546339,0.362631,0.9333333373069764,0.1679144501686096,30,2026-04-22 16:09:00,35.0,7.7383999999999995,34.945899999999995,283.0285714285714,30.0,0.949999988079071,0.1532678455114364,60,2.0,2026-04-22 16:09:00,0.9666666388511658,0.1386212408542633,30,2026-04-22 16:09:00,33.0,7.807939393939393,36.3502,222.3939393939394,30.0,1.0,20.947,20.947,1326.0,1.0,14.102,14.102,1268.0
attempt:6:round:10,6,10,2026-04-22 16:09:58,0.883333,0.288559,0.282306,0.488932,0.556957,0.376625,0.9666666388511658,0.1670842468738556,30,2026-04-22 16:09:58,35.0,7.739228571428571,34.9056,283.1714285714286,30.0,0.8833333253860474,0.2885593026876449,60,2.0,2026-04-22 16:09:58,0.800000011920929,0.4100343585014343,30,2026-04-22 16:09:58,33.0,6.698030303030303,35.5798,223.27272727272728,30.0,1.0,17.729,17.729,1331.0,1.0,14.24,14.24,1277.0
attempt:6:round:11,6,11,2026-04-22 16:10:56,0.883333,0.237062,0.28569,0.491885,0.561786,0.389839,0.8666666746139526,0.2501606047153473,30,2026-04-22 16:10:56,35.0,7.656057142857143,34.591699999999996,283.25714285714287,30.0,0.8833333253860474,0.2370620295405388,60,2.0,2026-04-22 16:10:57,0.8999999761581421,0.2239634543657302,30,2026-04-22 16:10:57,33.0,6.137363636363635,35.7724,221.78787878787878,30.0,1.0,12.268,12.268,1325.0,1.0,12.309,12.309,1271.0
attempt:6:round:12,6,12,2026-04-22 16:11:55,0.966667,0.118967,0.291919,0.506046,0.566642,0.410426,0.9666666388511658,0.1308925300836563,30,2026-04-22 16:11:55,35.0,8.001085714285715,36.8756,282.85714285714283,30.0,0.9666666388511658,0.1189673729240894,60,2.0,2026-04-22 16:11:56,0.9666666388511658,0.1070422157645225,30,2026-04-22 16:11:56,33.0,6.3456363636363635,35.135799999999996,223.15151515151516,30.0,1.0,10.44,10.44,1325.0,1.0,13.083,13.083,1268.0
attempt:6:round:13,6,13,2026-04-22 16:12:54,0.95,0.135209,0.298007,0.515299,0.574723,0.427512,0.9666666388511658,0.102720983326435,30,2026-04-22 16:12:54,35.0,7.591228571428573,35.641099999999994,282.9714285714286,30.0,0.949999988079071,0.1352086029946804,60,2.0,2026-04-22 16:12:54,0.9333333373069764,0.1676962226629257,30,2026-04-22 16:12:54,33.0,6.238212121212122,33.4208,221.78787878787878,30.0,1.0,10.168,10.168,1330.0,1.0,12.668,12.668,1275.0
attempt:6:round:14,6,14,2026-04-22 16:13:53,0.983333,0.143291,0.300882,0.52639,0.583434,0.437109,0.9666666388511658,0.2098547369241714,30,2026-04-22 16:13:53,34.0,7.971323529411764,39.449,287.4117647058824,29.0,0.9833333194255828,0.1432909928262233,60,2.0,2026-04-22 16:13:53,1.0,0.0767272487282753,30,2026-04-22 16:13:52,33.0,6.09030303030303,33.814600000000006,222.1818181818182,30.0,1.0,10.683,10.683,1326.0,1.0,11.341,11.341,1269.0
attempt:6:round:15,6,15,2026-04-22 16:14:51,0.783333,0.451678,0.303411,0.528383,0.582882,0.443858,0.9333333373069764,0.1311252266168594,30,2026-04-22 16:14:51,36.0,6.644749999999999,36.51075,278.8888888888889,31.0,0.7833333313465118,0.4516778662800789,60,2.0,2026-04-22 16:14:52,0.6333333253860474,0.7722305059432983,30,2026-04-22 16:14:51,33.0,6.292575757575758,33.881,220.5151515151515,30.0,1.0,10.46,10.46,1323.0,1.0,13.269,13.269,1265.0
attempt:6:round:16,6,16,2026-04-22 16:15:51,0.9,0.195909,0.305685,0.539339,0.588749,0.451841,0.8666666746139526,0.1941836029291153,30,2026-04-22 16:15:50,35.0,7.033542857142858,36.96499999999999,283.0285714285714,30.0,0.9000000059604645,0.1959089115262031,60,2.0,2026-04-22 16:15:51,0.9333333373069764,0.197634220123291,30,2026-04-22 16:15:51,33.0,5.1705151515151515,37.1686,221.75757575757575,30.0,1.0,11.283,11.283,1325.0,1.0,13.553,13.553,1268.0
attempt:6:round:17,6,17,2026-04-22 16:16:50,0.933333,0.175158,0.310786,0.55281,0.597715,0.46413,0.8999999761581421,0.2349415719509124,30,2026-04-22 16:16:50,34.0,7.255823529411764,41.2307,287.52941176470586,29.0,0.933333307504654,0.1751584894955158,60,2.0,2026-04-22 16:16:50,0.9666666388511658,0.1153754070401191,30,2026-04-22 16:16:50,33.0,4.964484848484849,34.58579999999999,221.8181818181818,30.0,1.0,13.998,13.998,1326.0,1.0,12.733,12.733,1269.0
attempt:6:round:18,6,18,2026-04-22 16:17:48,0.933333,0.153363,0.315483,0.555505,0.602919,0.468222,1.0,0.1029457375407219,30,2026-04-22 16:17:48,36.0,7.2219444444444445,35.012,277.80555555555554,31.0,0.9333333373069764,0.1533627398312091,60,2.0,2026-04-22 16:17:48,0.8666666746139526,0.2037797421216964,30,2026-04-22 16:17:48,33.0,6.701515151515151,38.24939999999999,221.3030303030303,30.0,1.0,10.494,10.494,1323.0,1.0,10.271,10.271,1266.0
attempt:6:round:19,6,19,2026-04-22 16:18:46,0.916667,0.134416,0.320101,0.56535,0.606949,0.477478,0.8666666746139526,0.1704151183366775,30,2026-04-22 16:18:47,35.0,8.04557142857143,36.1584,282.57142857142856,30.0,0.9166666567325592,0.1344164386391639,60,2.0,2026-04-22 16:18:47,0.9666666388511658,0.0984177589416503,30,2026-04-22 16:18:46,33.0,5.983242424242424,35.2998,220.5151515151515,30.0,1.0,15.219,15.219,1322.0,1.0,11.463,11.463,1269.0
attempt:6:round:20,6,20,2026-04-22 16:19:45,0.95,0.150578,0.321553,0.572913,0.610568,0.48373,0.9666666388511658,0.1146145015954971,30,2026-04-22 16:19:45,35.0,8.211971428571427,37.486799999999995,282.37142857142857,30.0,0.949999988079071,0.1505782604217529,60,2.0,2026-04-22 16:19:45,0.9333333373069764,0.1865420192480087,30,2026-04-22 16:19:45,33.0,6.231575757575757,34.879599999999996,222.0,30.0,1.0,11.038,11.038,1322.0,1.0,13.891,13.891,1268.0
attempt:7:round:1,7,1,2026-04-22 16:22:45,0.8,0.742458,0.173017,0.256041,0.339632,0.175258,0.699999988079071,0.7234936952590942,30,2026-04-22 16:22:44,37.0,4.966027027027027,32.17419999999999,212.1891891891892,34.0,0.7999999821186066,0.7424582540988922,60,2.0,2026-04-22 16:22:45,0.8999999761581421,0.7614228129386902,30,2026-04-22 16:22:45,36.0,4.429722222222222,12.031500000000001,180.97222222222223,34.0,1.0,15.498,15.498,1333.0,1.0,10.315,10.315,1279.0
attempt:7:round:2,7,2,2026-04-22 16:23:38,0.866667,0.615341,0.185921,0.28698,0.391614,0.170238,0.8999999761581421,0.6312021613121033,30,2026-04-22 16:23:38,32.0,8.802375,36.045300000000005,300.5625,27.0,0.8666666448116302,0.6153407990932465,60,2.0,2026-04-22 16:23:38,0.8333333134651184,0.5994794368743896,30,2026-04-22 16:23:38,30.0,5.3713999999999995,36.72234999999999,231.13333333333333,27.0,1.0,10.738,10.738,1331.0,1.0,12.328,12.328,1277.0
attempt:7:round:3,7,3,2026-04-22 16:24:37,0.8,0.508413,0.201546,0.329863,0.457546,0.164853,0.9333333373069764,0.365104079246521,30,2026-04-22 16:24:37,35.0,9.079142857142857,38.78779999999999,284.2857142857143,30.0,0.800000011920929,0.5084129571914673,60,2.0,2026-04-22 16:24:37,0.6666666865348816,0.6517218351364136,30,2026-04-22 16:24:37,33.0,5.475696969696969,38.2428,223.5151515151515,30.0,1.0,10.622,10.622,1331.0,1.0,11.346,11.346,1276.0
attempt:7:round:4,7,4,2026-04-22 16:25:35,0.8,0.532685,0.207462,0.332045,0.494055,0.183166,0.7333333492279053,0.5212261080741882,30,2026-04-22 16:25:35,35.0,7.489314285714286,35.7142,282.85714285714283,30.0,0.800000011920929,0.5326851904392242,60,2.0,2026-04-22 16:25:35,0.8666666746139526,0.5441442728042603,30,2026-04-22 16:25:35,33.0,5.3316060606060605,35.3124,223.1818181818182,30.0,1.0,12.687,12.687,1335.0,1.0,11.597,11.597,1280.0
attempt:7:round:5,7,5,2026-04-22 16:26:34,0.866667,0.474147,0.214369,0.342338,0.527574,0.219062,0.8666666746139526,0.4716264307498932,30,2026-04-22 16:26:34,35.0,7.024057142857143,35.799299999999995,283.3142857142857,30.0,0.8666666746139526,0.4741473346948623,60,2.0,2026-04-22 16:26:34,0.8666666746139526,0.4766682386398315,30,2026-04-22 16:26:34,33.0,6.030969696969697,33.776199999999996,221.54545454545453,30.0,1.0,11.946,11.946,1332.0,1.0,10.562,10.562,1275.0
attempt:7:round:6,7,6,2026-04-22 16:27:33,0.866667,0.361383,0.226204,0.374613,0.561509,0.233289,0.8333333134651184,0.3563332855701446,30,2026-04-22 16:27:33,34.0,6.9842941176470585,34.96835,288.11764705882354,29.0,0.8666666448116302,0.3613828867673874,60,2.0,2026-04-22 16:27:33,0.8999999761581421,0.3664324879646301,30,2026-04-22 16:27:33,33.0,6.421454545454545,34.05239999999999,220.6969696969697,30.0,1.0,11.609,11.609,1331.0,1.0,11.916,11.916,1273.0
attempt:7:round:7,7,7,2026-04-22 16:28:31,0.966667,0.271493,0.235076,0.400766,0.586683,0.264253,0.9666666388511658,0.2620229423046112,30,2026-04-22 16:28:32,35.0,7.478857142857143,35.2905,283.2,30.0,0.9666666388511658,0.2714931964874267,60,2.0,2026-04-22 16:28:32,0.9666666388511658,0.2809634506702423,30,2026-04-22 16:28:31,33.0,6.5772424242424234,34.669,221.12121212121212,30.0,1.0,10.658,10.658,1331.0,1.0,14.806,14.806,1274.0
attempt:7:round:8,7,8,2026-04-22 16:29:29,0.916667,0.268619,0.245328,0.432696,0.603383,0.293861,0.9333333373069764,0.2233059406280517,30,2026-04-22 16:29:30,36.0,6.623833333333334,33.767250000000004,276.77777777777777,31.0,0.9166666567325592,0.2686189264059067,60,2.0,2026-04-22 16:29:30,0.8999999761581421,0.3139319121837616,30,2026-04-22 16:29:30,33.0,6.417848484848485,33.6194,221.87878787878788,30.0,1.0,21.81,21.81,1327.0,1.0,21.434,21.434,1273.0
attempt:7:round:9,7,9,2026-04-22 16:30:29,0.933333,0.168416,0.252449,0.453092,0.615407,0.323437,1.0,0.0726215317845344,30,2026-04-22 16:30:28,35.0,7.302857142857143,33.863,281.45714285714286,30.0,0.9333333373069764,0.1684159524738788,60,2.0,2026-04-22 16:30:28,0.8666666746139526,0.2642103731632232,30,2026-04-22 16:30:28,33.0,6.363333333333333,33.2236,221.33333333333334,30.0,1.0,10.925,10.925,1324.0,1.0,15.191,15.191,1267.0
attempt:7:round:10,7,10,2026-04-22 16:31:27,0.95,0.1932,0.262034,0.480338,0.624776,0.340361,1.0,0.1109479591250419,30,2026-04-22 16:31:27,35.0,7.260599999999999,36.415,283.34285714285716,30.0,0.949999988079071,0.1932003162801265,60,2.0,2026-04-22 16:31:28,0.8999999761581421,0.2754526734352112,30,2026-04-22 16:31:28,33.0,5.6575151515151525,32.5588,221.9090909090909,30.0,1.0,13.962,13.962,1330.0,1.0,14.143,14.143,1275.0
attempt:7:round:11,7,11,2026-04-22 16:32:27,0.966667,0.175207,0.268224,0.494714,0.634742,0.357299,0.9666666388511658,0.1479078829288482,30,2026-04-22 16:32:26,35.0,7.878799999999999,35.2232,282.1714285714286,30.0,0.9666666388511658,0.1752068474888801,60,2.0,2026-04-22 16:32:26,0.9666666388511658,0.202505812048912,30,2026-04-22 16:32:26,33.0,6.013848484848485,33.649,222.15151515151516,30.0,1.0,11.276,11.276,1323.0,1.0,16.641,16.641,1266.0
attempt:7:round:12,7,12,2026-04-22 16:33:25,0.95,0.162837,0.273609,0.508402,0.644159,0.368059,1.0,0.0650764852762222,30,2026-04-22 16:33:25,34.0,7.932499999999999,35.829499999999996,288.4117647058824,29.0,0.949999988079071,0.1628374680876732,60,2.0,2026-04-22 16:33:25,0.8999999761581421,0.2605984508991241,30,2026-04-22 16:33:25,33.0,7.065909090909091,32.086999999999996,221.24242424242425,30.0,1.0,11.147,11.147,1327.0,1.0,10.531,10.531,1272.0
attempt:7:round:13,7,13,2026-04-22 16:34:24,1.0,0.077206,0.276585,0.51497,0.650389,0.378149,1.0,0.0415520444512367,30,2026-04-22 16:34:24,36.0,7.438277777777778,34.9455,278.25,31.0,1.0,0.0772059708833694,60,2.0,2026-04-22 16:34:24,1.0,0.1128598973155021,30,2026-04-22 16:34:24,33.0,5.877121212121213,31.752399999999998,221.45454545454547,30.0,1.0,15.544,15.544,1315.0,1.0,10.635,10.635,1267.0
attempt:7:round:14,7,14,2026-04-22 16:35:22,0.95,0.162631,0.28288,0.530064,0.654314,0.389908,0.9666666388511658,0.1556182205677032,30,2026-04-22 16:35:22,35.0,7.609599999999999,36.9199,282.74285714285713,30.0,0.949999988079071,0.1626313328742981,60,2.0,2026-04-22 16:35:23,0.9333333373069764,0.1696444451808929,30,2026-04-22 16:35:23,33.0,6.177424242424243,32.1472,222.12121212121212,30.0,1.0,13.774,13.774,1322.0,1.0,13.136,13.136,1267.0
attempt:7:round:15,7,15,2026-04-22 16:36:21,0.883333,0.285904,0.284524,0.534287,0.653202,0.397806,1.0,0.0682657435536384,30,2026-04-22 16:36:21,35.0,7.484057142857143,34.6312,282.48571428571427,30.0,0.8833333253860474,0.2859037257730961,60,2.0,2026-04-22 16:36:21,0.7666666507720947,0.5035417079925537,30,2026-04-22 16:36:21,33.0,6.022666666666666,33.2016,221.75757575757575,30.0,1.0,12.982,12.982,1324.0,1.0,11.171,11.171,1270.0
attempt:7:round:16,7,16,2026-04-22 16:37:19,0.9,0.157886,0.288239,0.542088,0.655882,0.405644,0.8666666746139526,0.1852273941040039,30,2026-04-22 16:37:19,35.0,7.687342857142857,33.947399999999995,282.62857142857143,30.0,0.9000000059604645,0.1578859016299247,60,2.0,2026-04-22 16:37:19,0.9333333373069764,0.1305444091558456,30,2026-04-22 16:37:19,33.0,6.7517272727272735,34.270599999999995,222.0909090909091,30.0,1.0,21.796,21.796,1324.0,1.0,10.739,10.739,1267.0
attempt:7:round:17,7,17,2026-04-22 16:38:17,0.983333,0.074558,0.290526,0.546679,0.659234,0.412031,1.0,0.0171346757560968,30,2026-04-22 16:38:18,35.0,7.651428571428572,35.4648,282.4,30.0,0.9833333194255828,0.0745580764487385,60,2.0,2026-04-22 16:38:18,0.9666666388511658,0.1319814771413803,30,2026-04-22 16:38:18,33.0,6.798636363636364,35.044200000000004,221.36363636363637,30.0,1.0,10.499,10.499,1326.0,1.0,11.427,11.427,1269.0
attempt:7:round:18,7,18,2026-04-22 16:39:16,0.966667,0.09389,0.293903,0.554354,0.663414,0.418475,0.9333333373069764,0.1078143194317817,30,2026-04-22 16:39:16,35.0,7.415600000000001,34.9216,281.9428571428571,30.0,0.9666666686534882,0.0938895642757415,60,2.0,2026-04-22 16:39:16,1.0,0.0799648091197013,30,2026-04-22 16:39:16,33.0,6.861727272727273,35.246399999999994,221.75757575757575,30.0,1.0,17.922,17.922,1324.0,1.0,21.117,21.117,1271.0
attempt:7:round:19,7,19,2026-04-22 16:40:15,0.983333,0.053251,0.296566,0.559067,0.666977,0.424431,0.9666666388511658,0.0633999034762382,30,2026-04-22 16:40:14,35.0,7.853285714285715,35.65859999999999,282.77142857142854,30.0,0.9833333194255828,0.0532511863857507,60,2.0,2026-04-22 16:40:15,1.0,0.0431024692952632,30,2026-04-22 16:40:15,33.0,6.2743636363636375,35.0744,220.78787878787878,30.0,1.0,12.384,12.384,1322.0,1.0,11.036,11.036,1265.0
attempt:7:round:20,7,20,2026-04-22 16:41:14,1.0,0.03105,0.299021,0.565312,0.670005,0.431728,1.0,0.0342730470001697,30,2026-04-22 16:41:13,35.0,7.779314285714286,35.462999999999994,282.48571428571427,30.0,1.0,0.0310499500483274,60,2.0,2026-04-22 16:41:14,1.0,0.0278268530964851,30,2026-04-22 16:41:14,33.0,6.393090909090908,33.00619999999999,222.75757575757575,30.0,1.0,12.233,12.233,1323.0,1.0,10.304,10.304,1272.0
